,브라운,IO5,O,65.0,34.16,0.0,50.0,X,55.13,AI 워싱 상품 (Washing),근거 부족 (워싱 의심),높음,2026-06-08 17:03:09
,"엘지전자,LG전자",SQ06FA1WDS,O,65.0,34.12,0.0,75.0,O,62.26,워싱 의심 (Suspected),검토 필요 (일부 증거 확인),보통,2026-06-08 17:35:05
,"엘지전자,LG전자",SQ06FA1WDS,O,65.0,34.12,0.0,75.0,O,62.26,워싱 의심 (Suspected),검토 필요 (일부 증거 확인),보통,2026-06-08 21:59:08
,"엘지전자,LG전자",SQ06FA1WDS,O,65.0,34.12,0.0,75.0,O,62.26,워싱 의심 (Suspected),검토 필요 (일부 증거 확인),보통,2026-06-08 22:02:12
,"엘지전자,LG전자",SQ06FA1WDS,O,65.0,34.12,0.0,75.0,O,62.26,워싱 의심 (Suspected),검토 필요 (일부 증거 확인),보통,2026-06-09 09:14:36
,"엘지전자,LG전자",16Z90TS-GU7WK,O,26.48,29.0,0.0,33.75,O,28.64,AI 워싱 상품 (Washing),AI 워싱 상품 / Washing,높음,2026-09-01 22:30:43
,삼성전자,A36,O,0.0,0.0,0.0,0.0,O,0.0,일반 상품 (Non-AI),AI 기능 주장 미확인 / Not Evaluated,판정 제외,2026-09-01 22:32:06
,"엘지전자,LG전자",AS185LGAA,O,0.0,0.0,0.0,0.0,O,0.0,AI 워싱 상품 (Washing),AI 워싱 상품 / Washing,높음,2026-09-01 22:33:27
,"엘지전자,LG전자",M876GBB231,O,18.03,0.0,0.0,0.0,O,15.33,AI 워싱 상품 (Washing),AI 워싱 상품 / Washing,높음,2026-09-01 22:34:03
,알파스캔,G-SYNC,O,0.0,0.0,0.0,0.0,X,0.0,일반 상품 (Non-AI),AI 기능 주장 미확인 / Not Evaluated,판정 제외,2026-09-01 22:35:31
,"엘지전자,LG전자",75QNED65ABA,O,27.82,32.95,0.0,33.75,O,30.9,AI 워싱 상품 (Washing),AI 워싱 상품 / Washing,높음,2026-09-01 22:36:06
,"엘지전자,LG전자",RG20WN,O,18.03,0.0,0.0,0.0,O,15.33,AI 워싱 상품 (Washing),AI 워싱 상품 / Washing,높음,2026-09-01 22:37:15
,알파스캔,G-SYNC,O,0.0,0.0,0.0,0.0,X,0.0,일반 상품 (Non-AI),AI 기능 주장 미확인 / Not Evaluated,판정 제외,2026-09-01 22:37:54
,삼성전자,AF60F17D11BRS,O,18.3,0.0,0.0,0.0,O,15.55,AI 워싱 상품 (Washing),AI 워싱 상품 / Washing,높음,2026-09-01 22:39:44
,삼성전자,A36,O,0.0,0.0,0.0,0.0,O,0.0,일반 상품 (Non-AI),AI 기능 주장 미확인 / Not Evaluated,판정 제외,2026-09-01 22:40:16
,삼성전자,RS84DB5002CW,O,18.03,0.0,0.0,0.0,O,15.33,AI 워싱 상품 (Washing),AI 워싱 상품 / Washing,높음,2026-09-01 22:42:02
,삼성전자,WD90H25BHYN1,O,18.03,0.0,0.0,0.0,O,15.33,AI 워싱 상품 (Washing),AI 워싱 상품 / Washing,높음,2026-09-01 22:42:59
,크로스오버,NANO-IPS,O,0.0,0.0,0.0,0.0,X,0.0,일반 상품 (Non-AI),AI 기능 주장 미확인 / Not Evaluated,판정 제외,2026-09-01 22:44:27
,알파스캔,G-SYNC,O,0.0,0.0,0.0,0.0,X,0.0,일반 상품 (Non-AI),AI 기능 주장 미확인 / Not Evaluated,판정 제외,2026-09-01 22:45:05
,삼성전자,DM970AGA-L71AR,O,23.17,0.0,0.0,0.0,O,19.69,AI 워싱 상품 (Washing),AI 워싱 상품 / Washing,높음,2026-09-01 22:46:04
,삼성전자,RK70F58M1ZG,O,0.0,0.0,0.0,0.0,O,0.0,AI 워싱 상품 (Washing),AI 워싱 상품 / Washing,높음,2026-09-01 22:47:06
,주연테크,V27Q65C,O,0.0,0.0,0.0,0.0,X,0.0,일반 상품 (Non-AI),AI 기능 주장 미확인 / Not Evaluated,판정 제외,2026-09-01 22:47:44
,알파스캔,G-SYNC,O,0.0,0.0,0.0,0.0,X,0.0,일반 상품 (Non-AI),AI 기능 주장 미확인 / Not Evaluated,판정 제외,2026-09-01 22:48:23
,삼성전자,RK70F58M1ZG,O,0.0,0.0,0.0,0.0,O,0.0,AI 워싱 상품 (Washing),AI 워싱 상품 / Washing,높음,2026-09-01 22:49:30
,주연테크,V27Q15C,O,0.0,0.0,0.0,0.0,X,0.0,일반 상품 (Non-AI),AI 기능 주장 미확인 / Not Evaluated,판정 제외,2026-09-01 22:50:11
,"엘지전자,LG전자",75QNED65ABA,O,27.82,32.95,0.0,33.75,O,30.9,AI 워싱 상품 (Washing),AI 워싱 상품 / Washing,높음,2026-09-01 22:50:51
,"엘지전자,LG전자",M876GBB131,O,18.03,0.0,0.0,0.0,O,15.33,AI 워싱 상품 (Washing),AI 워싱 상품 / Washing,높음,2026-09-01 22:51:27
,삼성전자,DM970AGA-L51A,O,23.17,0.0,0.0,0.0,O,19.69,AI 워싱 상품 (Washing),AI 워싱 상품 / Washing,높음,2026-09-01 22:52:26
,크로스오버,FAST-IPS,O,0.0,0.0,0.0,0.0,X,0.0,일반 상품 (Non-AI),AI 기능 주장 미확인 / Not Evaluated,판정 제외,2026-09-01 22:53:06
,"엘지전자,LG전자",FH24WNX,O,0.0,0.0,0.0,0.0,O,0.0,AI 워싱 상품 (Washing),AI 워싱 상품 / Washing,높음,2026-09-01 22:53:46
,"엘지전자,LG전자",AS185LGAA,O,0.0,0.0,0.0,0.0,O,0.0,AI 워싱 상품 (Washing),AI 워싱 상품 / Washing,높음,2026-09-01 23:08:22
,"엘지전자,LG전자",M876GBB231,O,18.03,0.0,0.0,0.0,O,15.33,AI 워싱 상품 (Washing),AI 워싱 상품 / Washing,높음,2026-09-01 23:08:35
,"엘지전자,LG전자",16Z90U-KU7BK,O,26.48,34.83,0.0,33.75,O,31.13,AI 워싱 상품 (Washing),AI 워싱 상품 / Washing,높음,2026-09-01 23:09:15
,알파스캔,G-SYNC,O,0.0,0.0,0.0,0.0,X,0.0,일반 상품 (Non-AI),AI 기능 주장 미확인 / Not Evaluated,판정 제외,2026-09-01 23:09:29
,"엘지전자,LG전자",75QNED65ABA,O,28.28,38.78,0.0,33.75,O,33.58,AI 워싱 상품 (Washing),AI 워싱 상품 / Washing,높음,2026-09-01 23:09:42
,"엘지전자,LG전자",RG20WN,O,18.03,0.0,0.0,0.0,O,15.33,AI 워싱 상품 (Washing),AI 워싱 상품 / Washing,높음,2026-09-01 23:09:54
,알파스캔,G-SYNC,O,0.0,0.0,0.0,0.0,X,0.0,일반 상품 (Non-AI),AI 기능 주장 미확인 / Not Evaluated,판정 제외,2026-09-01 23:10:08
,알파스캔,G-SYNC,O,0.0,0.0,0.0,0.0,X,0.0,일반 상품 (Non-AI),AI 기능 주장 미확인 / Not Evaluated,판정 제외,2026-09-01 23:10:48
,삼성전자,AF60F17D11BRS,O,18.3,0.0,0.0,0.0,O,15.55,AI 워싱 상품 (Washing),AI 워싱 상품 / Washing,높음,2026-09-01 23:11:24
,삼성전자,A36,O,0.0,0.0,0.0,0.0,O,0.0,일반 상품 (Non-AI),AI 기능 주장 미확인 / Not Evaluated,판정 제외,2026-09-01 23:12:00
,삼성전자,DM970AGA-LP72G,O,23.17,0.0,0.0,0.0,O,19.69,AI 워싱 상품 (Washing),AI 워싱 상품 / Washing,높음,2026-09-01 23:13:03
,삼성전자,RS84DB5002CW,O,18.03,0.0,0.0,0.0,O,15.33,AI 워싱 상품 (Washing),AI 워싱 상품 / Washing,높음,2026-09-01 23:13:46
,삼성전자,WD90H25BHYN1,O,18.03,0.0,0.0,0.0,O,15.33,AI 워싱 상품 (Washing),AI 워싱 상품 / Washing,높음,2026-09-01 23:14:30
,삼성전자,DM970AGA-LC71G,O,23.17,0.0,0.0,0.0,O,19.69,AI 워싱 상품 (Washing),AI 워싱 상품 / Washing,높음,2026-09-01 23:15:36
,크로스오버,NANO-IPS,O,0.0,0.0,0.0,0.0,X,0.0,일반 상품 (Non-AI),AI 기능 주장 미확인 / Not Evaluated,판정 제외,2026-09-01 23:15:50
,알파스캔,G-SYNC,O,0.0,0.0,0.0,0.0,X,0.0,일반 상품 (Non-AI),AI 기능 주장 미확인 / Not Evaluated,판정 제외,2026-09-01 23:16:04
,삼성전자,DM970AGA-L71AR,O,23.17,0.0,0.0,0.0,O,19.69,AI 워싱 상품 (Washing),AI 워싱 상품 / Washing,높음,2026-09-01 23:16:42
,삼성전자,RK70F58M1ZG,O,0.0,0.0,0.0,0.0,O,0.0,AI 워싱 상품 (Washing),AI 워싱 상품 / Washing,높음,2026-09-01 23:17:19
,주연테크,V27Q65C,O,0.0,0.0,0.0,0.0,X,0.0,일반 상품 (Non-AI),AI 기능 주장 미확인 / Not Evaluated,판정 제외,2026-09-01 23:17:34
,알파스캔,G-SYNC,O,0.0,0.0,0.0,0.0,X,0.0,일반 상품 (Non-AI),AI 기능 주장 미확인 / Not Evaluated,판정 제외,2026-09-01 23:17:48
,삼성전자,RK70F58M1ZG,O,0.0,0.0,0.0,0.0,O,0.0,AI 워싱 상품 (Washing),AI 워싱 상품 / Washing,높음,2026-09-01 23:18:26
,주연테크,V27Q15C,O,0.0,0.0,0.0,0.0,X,0.0,일반 상품 (Non-AI),AI 기능 주장 미확인 / Not Evaluated,판정 제외,2026-09-01 23:18:41
,"엘지전자,LG전자",75QNED65ABA,O,28.28,38.78,0.0,33.75,O,33.58,AI 워싱 상품 (Washing),AI 워싱 상품 / Washing,높음,2026-09-01 23:18:54
,"엘지전자,LG전자",M876GBB131,O,18.03,0.0,0.0,0.0,O,15.33,AI 워싱 상품 (Washing),AI 워싱 상품 / Washing,높음,2026-09-01 23:19:10
,삼성전자,DM970AGA-L51A,O,23.17,0.0,0.0,0.0,O,19.69,AI 워싱 상품 (Washing),AI 워싱 상품 / Washing,높음,2026-09-01 23:19:50
,크로스오버,FAST-IPS,O,0.0,0.0,0.0,0.0,X,0.0,일반 상품 (Non-AI),AI 기능 주장 미확인 / Not Evaluated,판정 제외,2026-09-01 23:20:04
,"엘지전자,LG전자",FH24WNX,O,0.0,0.0,0.0,0.0,O,0.0,AI 워싱 상품 (Washing),AI 워싱 상품 / Washing,높음,2026-09-01 23:20:17
,삼성전자,VR90F01SAG,O,19.96,0.0,0.0,0.0,O,16.97,AI 워싱 상품 (Washing),AI 워싱 상품 / Washing,높음,2026-09-02 01:27:58
,알파스캔,G-SYNC,O,0.0,0.0,0.0,0.0,X,0.0,일반 상품 (Non-AI),AI 기능 주장 미확인 / Not Evaluated,판정 제외,2026-09-02 01:28:41
,삼성전자,VS28D950ACB,O,0.0,0.0,0.0,0.0,O,0.0,AI 워싱 상품 (Washing),AI 워싱 상품 / Washing,높음,2026-09-02 01:29:37
,삼성전자,DM970AGA-LP72G,O,23.17,0.0,0.0,0.0,O,19.69,AI 워싱 상품 (Washing),AI 워싱 상품 / Washing,높음,2026-09-02 01:31:20
,삼성전자,DM970AGA-L71A,O,23.17,0.0,0.0,0.0,O,19.69,AI 워싱 상품 (Washing),AI 워싱 상품 / Washing,높음,2026-09-02 01:32:17
,크로스오버,NANO-IPS,O,0.0,0.0,0.0,0.0,X,0.0,일반 상품 (Non-AI),AI 기능 주장 미확인 / Not Evaluated,판정 제외,2026-09-02 01:32:53
,삼성전자,RS84DG5002M9,O,18.03,0.0,0.0,0.0,O,15.33,AI 워싱 상품 (Washing),AI 워싱 상품 / Washing,높음,2026-09-02 01:33:52
,"엘지전자,LG전자",G-SYNC,O,28.28,38.78,0.0,33.75,O,33.58,AI 워싱 상품 (Washing),AI 워싱 상품 / Washing,높음,2026-09-02 01:34:25
,이노스,NANO-IPS,O,0.0,0.0,0.0,0.0,X,0.0,일반 상품 (Non-AI),AI 기능 주장 미확인 / Not Evaluated,판정 제외,2026-09-02 01:35:03
,삼성전자,DM970AGA-L51AG,O,23.17,0.0,0.0,0.0,O,19.69,AI 워싱 상품 (Washing),AI 워싱 상품 / Washing,높음,2026-09-02 01:36:00
,삼성전자,DM970AGA-L51AG,O,23.17,0.0,0.0,0.0,O,19.69,AI 워싱 상품 (Washing),AI 워싱 상품 / Washing,높음,2026-09-02 01:36:55
,삼성전자,S26,O,10.89,0.0,0.0,0.0,O,9.26,AI 워싱 상품 (Washing),AI 워싱 상품 / Washing,높음,2026-09-02 01:37:53
,알파스캔,G-SYNC,O,0.0,0.0,0.0,0.0,X,0.0,일반 상품 (Non-AI),AI 기능 주장 미확인 / Not Evaluated,판정 제외,2026-09-02 01:38:31
,쿠쿠전자,CIR-KS301FB,O,15.7,0.0,0.0,0.0,X,13.34,AI 워싱 상품 (Washing),AI 워싱 상품 / Washing,높음,2026-09-02 01:39:07
,삼성전자,WD90F25AHS,O,18.03,0.0,0.0,0.0,O,15.33,AI 워싱 상품 (Washing),AI 워싱 상품 / Washing,높음,2026-09-02 01:40:01
,삼성전자,S26,O,10.89,0.0,0.0,0.0,O,9.26,AI 워싱 상품 (Washing),AI 워싱 상품 / Washing,높음,2026-09-02 01:40:59
,삼성전자,VR7MD97716G,O,0.0,0.0,0.0,0.0,O,0.0,일반 상품 (Non-AI),AI 기능 주장 미확인 / Not Evaluated,판정 제외,2026-09-02 01:42:03
,삼성전자,WD90H25BHY,O,18.03,0.0,0.0,0.0,O,15.33,AI 워싱 상품 (Washing),AI 워싱 상품 / Washing,높음,2026-09-02 01:43:02
,크로스오버,G-SYNC,O,0.0,0.0,0.0,0.0,X,0.0,일반 상품 (Non-AI),AI 기능 주장 미확인 / Not Evaluated,판정 제외,2026-09-02 01:43:40
,"엘지전자,LG전자",75QNED65ABA,O,28.28,38.78,0.0,33.75,O,33.58,AI 워싱 상품 (Washing),AI 워싱 상품 / Washing,높음,2026-09-02 02:03:30
,"엘지전자,LG전자",AS185LGAA,O,0.0,0.0,0.0,0.0,O,0.0,AI 워싱 상품 (Washing),AI 워싱 상품 / Washing,높음,2026-09-02 02:04:25
,"엘지전자,LG전자",M876GBB231,O,18.03,0.0,0.0,0.0,O,15.33,AI 워싱 상품 (Washing),AI 워싱 상품 / Washing,높음,2026-09-02 02:04:35
,"엘지전자,LG전자",16Z90U-KU7BK,O,26.48,34.83,0.0,33.75,O,31.13,AI 워싱 상품 (Washing),AI 워싱 상품 / Washing,높음,2026-09-02 02:04:45
,알파스캔,G-SYNC,O,0.0,0.0,0.0,0.0,X,0.0,일반 상품 (Non-AI),AI 기능 주장 미확인 / Not Evaluated,판정 제외,2026-09-02 02:04:57
,"엘지전자,LG전자",75QNED65ABA,O,28.28,38.78,0.0,33.75,O,33.58,AI 워싱 상품 (Washing),AI 워싱 상품 / Washing,높음,2026-09-02 02:05:07
,"엘지전자,LG전자",RG20WN,O,18.03,0.0,0.0,0.0,O,15.33,AI 워싱 상품 (Washing),AI 워싱 상품 / Washing,높음,2026-09-02 02:05:17
,알파스캔,G-SYNC,O,0.0,0.0,0.0,0.0,X,0.0,일반 상품 (Non-AI),AI 기능 주장 미확인 / Not Evaluated,판정 제외,2026-09-02 02:05:29
,알파스캔,G-SYNC,O,0.0,0.0,0.0,0.0,X,0.0,일반 상품 (Non-AI),AI 기능 주장 미확인 / Not Evaluated,판정 제외,2026-09-02 02:05:41
,삼성전자,AF60F17D11BRS,O,18.3,0.0,0.0,0.0,O,15.55,AI 워싱 상품 (Washing),AI 워싱 상품 / Washing,높음,2026-09-02 02:06:10
,삼성전자,A36,O,0.0,0.0,0.0,0.0,O,0.0,일반 상품 (Non-AI),AI 기능 주장 미확인 / Not Evaluated,판정 제외,2026-09-02 02:06:40
,삼성전자,DM970AGA-LP72G,O,23.17,0.0,0.0,0.0,O,19.69,AI 워싱 상품 (Washing),AI 워싱 상품 / Washing,높음,2026-09-02 02:07:11
,삼성전자,RS84DB5002CW,O,18.03,0.0,0.0,0.0,O,15.33,AI 워싱 상품 (Washing),AI 워싱 상품 / Washing,높음,2026-09-02 02:07:42
,삼성전자,WD90H25BHYN1,O,18.03,0.0,0.0,0.0,O,15.33,AI 워싱 상품 (Washing),AI 워싱 상품 / Washing,높음,2026-09-02 02:08:11
,삼성전자,DM970AGA-LC71G,O,23.17,0.0,0.0,0.0,O,19.69,AI 워싱 상품 (Washing),AI 워싱 상품 / Washing,높음,2026-09-02 02:08:41
,크로스오버,NANO-IPS,O,0.0,0.0,0.0,0.0,X,0.0,일반 상품 (Non-AI),AI 기능 주장 미확인 / Not Evaluated,판정 제외,2026-09-02 02:08:53
,알파스캔,G-SYNC,O,0.0,0.0,0.0,0.0,X,0.0,일반 상품 (Non-AI),AI 기능 주장 미확인 / Not Evaluated,판정 제외,2026-09-02 02:09:05
,삼성전자,DM970AGA-L71AR,O,23.17,0.0,0.0,0.0,O,19.69,AI 워싱 상품 (Washing),AI 워싱 상품 / Washing,높음,2026-09-02 02:09:35
,삼성전자,RK70F58M1ZG,O,0.0,0.0,0.0,0.0,O,0.0,AI 워싱 상품 (Washing),AI 워싱 상품 / Washing,높음,2026-09-02 02:10:05
,주연테크,V27Q65C,O,0.0,0.0,0.0,0.0,X,0.0,일반 상품 (Non-AI),AI 기능 주장 미확인 / Not Evaluated,판정 제외,2026-09-02 02:10:18
,알파스캔,G-SYNC,O,0.0,0.0,0.0,0.0,X,0.0,일반 상품 (Non-AI),AI 기능 주장 미확인 / Not Evaluated,판정 제외,2026-09-02 02:10:30
,삼성전자,RK70F58M1ZG,O,0.0,0.0,0.0,0.0,O,0.0,AI 워싱 상품 (Washing),AI 워싱 상품 / Washing,높음,2026-09-02 02:11:04
,주연테크,V27Q15C,O,0.0,0.0,0.0,0.0,X,0.0,일반 상품 (Non-AI),AI 기능 주장 미확인 / Not Evaluated,판정 제외,2026-09-02 02:11:19
,"엘지전자,LG전자",75QNED65ABA,O,28.28,38.78,0.0,33.75,O,33.58,AI 워싱 상품 (Washing),AI 워싱 상품 / Washing,높음,2026-09-02 02:11:32
,"엘지전자,LG전자",M876GBB131,O,18.03,0.0,0.0,0.0,O,15.33,AI 워싱 상품 (Washing),AI 워싱 상품 / Washing,높음,2026-09-02 02:11:44
,삼성전자,DM970AGA-L51A,O,23.17,0.0,0.0,0.0,O,19.69,AI 워싱 상품 (Washing),AI 워싱 상품 / Washing,높음,2026-09-02 02:12:28
,크로스오버,FAST-IPS,O,0.0,0.0,0.0,0.0,X,0.0,일반 상품 (Non-AI),AI 기능 주장 미확인 / Not Evaluated,판정 제외,2026-09-02 02:12:40
,"엘지전자,LG전자",FH24WNX,O,0.0,0.0,0.0,0.0,O,0.0,AI 워싱 상품 (Washing),AI 워싱 상품 / Washing,높음,2026-09-02 02:12:50
,삼성전자,VR90F01SAG,O,19.96,0.0,0.0,0.0,O,16.97,AI 워싱 상품 (Washing),AI 워싱 상품 / Washing,높음,2026-09-02 02:13:21
,알파스캔,G-SYNC,O,0.0,0.0,0.0,0.0,X,0.0,일반 상품 (Non-AI),AI 기능 주장 미확인 / Not Evaluated,판정 제외,2026-09-02 02:13:33
,삼성전자,VS28D950ACB,O,0.0,0.0,0.0,0.0,O,0.0,AI 워싱 상품 (Washing),AI 워싱 상품 / Washing,높음,2026-09-02 02:14:02
,삼성전자,DM970AGA-LP72G,O,23.17,0.0,0.0,0.0,O,19.69,AI 워싱 상품 (Washing),AI 워싱 상품 / Washing,높음,2026-09-02 02:15:18
,삼성전자,DM970AGA-L71A,O,23.17,0.0,0.0,0.0,O,19.69,AI 워싱 상품 (Washing),AI 워싱 상품 / Washing,높음,2026-09-02 02:15:47
,크로스오버,NANO-IPS,O,0.0,0.0,0.0,0.0,X,0.0,일반 상품 (Non-AI),AI 기능 주장 미확인 / Not Evaluated,판정 제외,2026-09-02 02:15:59
,삼성전자,RS84DG5002M9,O,18.03,0.0,0.0,0.0,O,15.33,AI 워싱 상품 (Washing),AI 워싱 상품 / Washing,높음,2026-09-02 02:16:28
,"엘지전자,LG전자",G-SYNC,O,28.28,38.78,0.0,33.75,O,33.58,AI 워싱 상품 (Washing),AI 워싱 상품 / Washing,높음,2026-09-02 02:16:39
,이노스,NANO-IPS,O,0.0,0.0,0.0,0.0,X,0.0,일반 상품 (Non-AI),AI 기능 주장 미확인 / Not Evaluated,판정 제외,2026-09-02 02:16:51
,삼성전자,DM970AGA-L51AG,O,23.17,0.0,0.0,0.0,O,19.69,AI 워싱 상품 (Washing),AI 워싱 상품 / Washing,높음,2026-09-02 02:17:19
,삼성전자,DM970AGA-L51AG,O,23.17,0.0,0.0,0.0,O,19.69,AI 워싱 상품 (Washing),AI 워싱 상품 / Washing,높음,2026-09-02 02:17:48
,삼성전자,S26,O,10.89,0.0,0.0,0.0,O,9.26,AI 워싱 상품 (Washing),AI 워싱 상품 / Washing,높음,2026-09-02 02:18:17
,알파스캔,G-SYNC,O,0.0,0.0,0.0,0.0,X,0.0,일반 상품 (Non-AI),AI 기능 주장 미확인 / Not Evaluated,판정 제외,2026-09-02 02:18:29
,쿠쿠전자,CIR-KS301FB,O,15.7,0.0,0.0,0.0,X,13.34,AI 워싱 상품 (Washing),AI 워싱 상품 / Washing,높음,2026-09-02 02:18:41
,삼성전자,WD90F25AHS,O,18.03,0.0,0.0,0.0,O,15.33,AI 워싱 상품 (Washing),AI 워싱 상품 / Washing,높음,2026-09-02 02:19:11
,삼성전자,S26,O,10.89,0.0,0.0,0.0,O,9.26,AI 워싱 상품 (Washing),AI 워싱 상품 / Washing,높음,2026-09-02 02:19:40
,삼성전자,VR7MD97716G,O,0.0,0.0,0.0,0.0,O,0.0,일반 상품 (Non-AI),AI 기능 주장 미확인 / Not Evaluated,판정 제외,2026-09-02 02:20:09
,삼성전자,WD90H25BHY,O,18.03,0.0,0.0,0.0,O,15.33,AI 워싱 상품 (Washing),AI 워싱 상품 / Washing,높음,2026-09-02 02:20:38
,크로스오버,G-SYNC,O,0.0,0.0,0.0,0.0,X,0.0,일반 상품 (Non-AI),AI 기능 주장 미확인 / Not Evaluated,판정 제외,2026-09-02 02:20:51
,알파스캔,G-SYNC,O,0.0,0.0,0.0,0.0,X,0.0,워싱 의심 (Suspected),워싱 의심 상품 / Suspected,중간,2026-09-02 03:02:03
,"엘지전자,LG전자",T873MEE111,O,18.03,0.0,0.0,0.0,O,15.33,AI 워싱 상품 (Washing),AI 워싱 상품 / Washing,높음,2026-09-02 03:03:29
,삼성전자,WF2522HDEEE,O,18.03,0.0,0.0,0.0,O,15.33,AI 워싱 상품 (Washing),AI 워싱 상품 / Washing,높음,2026-09-02 03:04:22
,삼성전자,USB2,O,25.04,0.0,0.0,0.0,O,21.28,AI 워싱 상품 (Washing),AI 워싱 상품 / Washing,높음,2026-09-02 03:05:15
,삼성전자,DM970AGA-L71AR,O,26.43,0.0,0.0,33.75,O,27.53,AI 워싱 상품 (Washing),AI 워싱 상품 / Washing,높음,2026-09-02 03:06:54
,"엘지전자,LG전자",FH25GSX,O,23.81,0.0,0.0,33.75,O,25.3,AI 워싱 상품 (Washing),AI 워싱 상품 / Washing,높음,2026-09-02 03:09:00
,삼성전자,TFT-LCD,O,20.96,0.0,0.0,0.0,O,17.82,AI 워싱 상품 (Washing),AI 워싱 상품 / Washing,높음,2026-09-02 03:09:55
,삼성전자,DW80H73Y1UZ,O,0.0,0.0,0.0,0.0,O,0.0,워싱 의심 (Suspected),워싱 의심 상품 / Suspected,중간,2026-09-02 03:10:49
,삼성전자,WD90F25CHW,O,18.03,0.0,0.0,0.0,O,15.33,AI 워싱 상품 (Washing),AI 워싱 상품 / Washing,높음,2026-09-02 03:11:44
,삼성전자,WD90H25AHTN1,O,18.03,0.0,0.0,0.0,O,15.33,AI 워싱 상품 (Washing),AI 워싱 상품 / Washing,높음,2026-09-02 03:12:42
,"엘지전자,LG전자",F12WVAR,O,23.95,0.0,0.0,33.75,O,25.42,AI 워싱 상품 (Washing),AI 워싱 상품 / Washing,높음,2026-09-02 03:14:03
,삼성전자,DM970AGA-L71A,O,26.43,0.0,0.0,33.75,O,27.53,AI 워싱 상품 (Washing),AI 워싱 상품 / Washing,높음,2026-09-02 03:15:00
,삼성전자,TFT-LCD,O,20.96,0.0,0.0,0.0,O,17.82,AI 워싱 상품 (Washing),AI 워싱 상품 / Washing,높음,2026-09-02 03:16:43
,삼성전자,NT940XJG-K51A,O,36.49,34.93,0.0,76.59,O,41.92,워싱 의심 (Suspected),워싱 의심 상품 / Suspected,중간,2026-09-02 03:17:36
,삼성전자,DM970AGA-L71AR,O,26.43,0.0,0.0,33.75,O,27.53,AI 워싱 상품 (Washing),AI 워싱 상품 / Washing,높음,2026-09-02 03:18:29
,삼성전자,IP48,O,20.96,0.0,0.0,0.0,O,17.82,AI 워싱 상품 (Washing),AI 워싱 상품 / Washing,높음,2026-09-02 03:19:23
,"엘지전자,LG전자",AS335NSAC,O,0.0,0.0,0.0,0.0,O,0.0,AI 워싱 상품 (Washing),AI 워싱 상품 / Washing,높음,2026-09-02 03:19:56
,알파스캔,QD-OLED,O,0.0,0.0,0.0,0.0,X,0.0,워싱 의심 (Suspected),워싱 의심 상품 / Suspected,중간,2026-09-02 03:21:21
,크로스오버,FAST-IPS,O,0.0,0.0,0.0,0.0,X,0.0,워싱 의심 (Suspected),워싱 의심 상품 / Suspected,중간,2026-09-02 03:22:42
,삼성전자,S26,O,10.37,0.0,0.0,0.0,O,8.81,AI 워싱 상품 (Washing),AI 워싱 상품 / Washing,높음,2026-09-02 03:23:39
,"엘지전자,LG전자",S836MRQ112,O,18.03,0.0,0.0,0.0,O,15.33,AI 워싱 상품 (Washing),AI 워싱 상품 / Washing,높음,2026-09-02 03:24:15
,"엘지전자,LG전자",AI958WB,O,0.0,29.3,0.0,33.75,O,29.97,AI 워싱 상품 (Washing),AI 워싱 상품 / Washing,높음,2026-09-02 03:24:49
,삼성전자,NT940XJG-K51A,O,36.49,34.93,0.0,76.59,O,41.92,워싱 의심 (Suspected),워싱 의심 상품 / Suspected,중간,2026-09-02 03:26:29
,"엘지전자,LG전자",16Z90U-KU7WK,O,36.7,34.83,0.0,77.5,O,42.05,워싱 의심 (Suspected),워싱 의심 상품 / Suspected,중간,2026-09-02 03:27:51
,삼성전자,DM970AGA-L71AR,O,26.43,0.0,0.0,33.75,O,27.53,AI 워싱 상품 (Washing),AI 워싱 상품 / Washing,높음,2026-09-02 03:28:46
,"엘지전자,LG전자",S834MEE111,O,18.03,0.0,0.0,0.0,O,15.33,AI 워싱 상품 (Washing),AI 워싱 상품 / Washing,높음,2026-09-02 03:30:06
,크로스오버,G-SYNC,O,0.0,0.0,0.0,0.0,X,0.0,워싱 의심 (Suspected),워싱 의심 상품 / Suspected,중간,2026-09-02 03:30:44
,삼성전자,S26,O,10.37,0.0,0.0,0.0,O,8.81,AI 워싱 상품 (Washing),AI 워싱 상품 / Washing,높음,2026-09-02 03:31:41
,삼성전자,WD90F25CHYN1,O,18.03,0.0,0.0,0.0,O,15.33,AI 워싱 상품 (Washing),AI 워싱 상품 / Washing,높음,2026-09-02 03:32:34
,삼성전자,NT940XJG-K51A,O,36.49,34.93,0.0,76.59,O,41.92,워싱 의심 (Suspected),워싱 의심 상품 / Suspected,중간,2026-09-02 03:34:16
,삼성전자,VR90F01SAG,O,0.0,0.0,0.0,0.0,O,0.0,워싱 의심 (Suspected),워싱 의심 상품 / Suspected,중간,2026-09-02 03:35:58
,"엘지전자,LG전자",G-SYNC,O,28.28,38.78,0.0,33.75,O,33.58,AI 워싱 상품 (Washing),AI 워싱 상품 / Washing,높음,2026-09-02 03:36:31
,삼성전자,DM970AGA-L51A,O,26.43,0.0,0.0,33.75,O,27.53,AI 워싱 상품 (Washing),AI 워싱 상품 / Washing,높음,2026-09-02 03:37:23
,삼성전자,VR80F01ADG,O,17.58,0.0,0.0,0.0,O,14.94,AI 워싱 상품 (Washing),AI 워싱 상품 / Washing,높음,2026-09-02 03:38:17
,삼성전자,RM70F90R2ZD,O,18.03,0.0,0.0,0.0,O,15.33,AI 워싱 상품 (Washing),AI 워싱 상품 / Washing,높음,2026-09-02 03:39:12
,"엘지전자,LG전자",AS356NSMA,O,0.0,0.0,0.0,0.0,O,0.0,AI 워싱 상품 (Washing),AI 워싱 상품 / Washing,높음,2026-09-02 03:39:47
,삼성전자,AP90H10198UDD,O,0.0,0.0,0.0,0.0,O,0.0,AI 워싱 상품 (Washing),AI 워싱 상품 / Washing,높음,2026-09-02 03:40:40
,삼성전자,WD80H25BHWN1,O,22.47,0.0,0.0,33.75,O,24.16,AI 워싱 상품 (Washing),AI 워싱 상품 / Washing,높음,2026-09-02 03:41:34
,"엘지전자,LG전자",FH25WA,O,18.03,0.0,0.0,0.0,O,15.33,AI 워싱 상품 (Washing),AI 워싱 상품 / Washing,높음,2026-09-02 03:42:07
,"엘지전자,LG전자",RH18WTSN,O,0.0,0.0,0.0,0.0,O,0.0,AI 워싱 상품 (Washing),AI 워싱 상품 / Washing,높음,2026-09-02 03:42:43
,"엘지전자,LG전자",16Z90U-KU7WK,O,36.7,34.83,0.0,77.5,O,42.05,워싱 의심 (Suspected),워싱 의심 상품 / Suspected,중간,2026-09-02 03:44:05
,"엘지전자,LG전자",S836MRQ112,O,18.03,0.0,0.0,0.0,O,15.33,AI 워싱 상품 (Washing),AI 워싱 상품 / Washing,높음,2026-09-02 03:44:39
,삼성전자,AP90H03193UGD,O,0.0,0.0,0.0,0.0,O,0.0,AI 워싱 상품 (Washing),AI 워싱 상품 / Washing,높음,2026-09-02 03:45:32
,삼성전자,DM970AGA-L51AG,O,26.43,0.0,0.0,33.75,O,27.53,AI 워싱 상품 (Washing),AI 워싱 상품 / Washing,높음,2026-09-02 03:47:12
,삼성전자,RM70F63R2XJ,O,18.03,0.0,0.0,0.0,O,15.33,AI 워싱 상품 (Washing),AI 워싱 상품 / Washing,높음,2026-09-02 03:48:05
,삼성전자,VR90F01SAG,O,19.96,0.0,0.0,0.0,O,16.97,AI 워싱 상품 (Washing),AI 워싱 상품 / Washing,높음,2026-09-02 03:49:00
,"엘지전자,LG전자",WA2525GEHF,O,18.03,0.0,0.0,0.0,O,15.33,AI 워싱 상품 (Washing),AI 워싱 상품 / Washing,높음,2026-09-02 03:49:36
,삼성전자,WD90H25AHS,O,18.03,0.0,0.0,0.0,O,15.33,AI 워싱 상품 (Washing),AI 워싱 상품 / Washing,높음,2026-09-02 03:51:17
,알파스캔,G-SYNC,O,0.0,0.0,0.0,0.0,X,0.0,워싱 의심 (Suspected),워싱 의심 상품 / Suspected,중간,2026-09-02 03:51:52
,알파스캔,G-SYNC,O,0.0,0.0,0.0,0.0,X,0.0,워싱 의심 (Suspected),워싱 의심 상품 / Suspected,중간,2026-09-02 03:52:27
,삼성전자,VR80F01SDG,O,17.58,0.0,0.0,0.0,O,14.94,AI 워싱 상품 (Washing),AI 워싱 상품 / Washing,높음,2026-09-02 03:53:21
,"엘지전자,LG전자",75QNED80BEA,O,28.28,38.78,0.0,33.75,O,33.58,AI 워싱 상품 (Washing),AI 워싱 상품 / Washing,높음,2026-09-02 03:53:56
,삼성전자,DM970AGA-L51AR,O,26.43,0.0,0.0,33.75,O,27.53,AI 워싱 상품 (Washing),AI 워싱 상품 / Washing,높음,2026-09-02 03:54:51
,"엘지전자,LG전자",AI948WA,O,0.0,29.3,0.0,33.75,O,29.97,AI 워싱 상품 (Washing),AI 워싱 상품 / Washing,높음,2026-09-02 03:55:23
,알파스캔,QD-OLED,O,0.0,0.0,0.0,0.0,X,0.0,워싱 의심 (Suspected),워싱 의심 상품 / Suspected,중간,2026-09-02 03:55:59
,삼성전자,AR60F07D11WS,O,18.3,0.0,0.0,0.0,O,15.55,AI 워싱 상품 (Washing),AI 워싱 상품 / Washing,높음,2026-09-02 03:56:53
,"엘지전자,LG전자",75QNED65ABA,O,28.28,38.78,0.0,33.75,O,33.58,AI 워싱 상품 (Washing),AI 워싱 상품 / Washing,높음,2026-09-02 03:57:25
,삼성전자,DM970AGA-L51AG,O,26.43,0.0,0.0,33.75,O,27.53,AI 워싱 상품 (Washing),AI 워싱 상품 / Washing,높음,2026-09-02 03:58:17
,"엘지전자,LG전자",16Z90U-KU7WK,O,36.7,34.83,0.0,77.5,O,42.05,워싱 의심 (Suspected),워싱 의심 상품 / Suspected,중간,2026-09-02 03:58:51
,주연테크,X24QF180,O,0.0,0.0,0.0,0.0,X,0.0,워싱 의심 (Suspected),워싱 의심 상품 / Suspected,중간,2026-09-02 03:59:27
,망고슬래브,,O,0.0,0.0,0.0,0.0,X,0.0,워싱 의심 (Suspected),워싱 의심 상품 / Suspected,중간,2026-09-02 04:00:03
,삼성전자,CC80H63U1HS,O,0.0,0.0,0.0,0.0,O,0.0,AI 워싱 상품 (Washing),AI 워싱 상품 / Washing,높음,2026-09-02 04:00:54
,"엘지전자,LG전자",S656P003,O,18.03,0.0,0.0,0.0,O,15.33,AI 워싱 상품 (Washing),AI 워싱 상품 / Washing,높음,2026-09-02 04:01:30
,삼성전자,RM70F90R1ZD,O,18.03,0.0,0.0,0.0,O,15.33,AI 워싱 상품 (Washing),AI 워싱 상품 / Washing,높음,2026-09-02 04:02:23
,삼성전자,AW06C7155TWAZ,O,18.3,0.0,0.0,0.0,O,15.55,AI 워싱 상품 (Washing),AI 워싱 상품 / Washing,높음,2026-09-02 04:04:02
,"엘지전자,LG전자",16Z95U-GS5WK,O,31.14,34.83,0.0,70.36,O,38.35,워싱 의심 (Suspected),워싱 의심 상품 / Suspected,중간,2026-09-02 04:04:36
,삼성전자,WF21CB6650BW,O,23.09,0.0,0.0,33.75,O,24.69,AI 워싱 상품 (Washing),AI 워싱 상품 / Washing,높음,2026-09-02 04:06:17
,삼성전자,VR90F01SAG,O,0.0,0.0,0.0,0.0,O,0.0,워싱 의심 (Suspected),워싱 의심 상품 / Suspected,중간,2026-09-02 04:07:10
,"엘지전자,LG전자",M616GBB0M1,O,18.03,0.0,0.0,0.0,O,15.33,AI 워싱 상품 (Washing),AI 워싱 상품 / Washing,높음,2026-09-02 04:08:29
,삼성전자,D-AMOLED,O,21.87,0.0,0.0,0.0,O,18.59,AI 워싱 상품 (Washing),AI 워싱 상품 / Washing,높음,2026-09-02 04:10:08
,"엘지전자,LG전자",T875MEE011,O,18.03,0.0,0.0,0.0,O,15.33,AI 워싱 상품 (Washing),AI 워싱 상품 / Washing,높음,2026-09-02 04:10:40
,삼성전자,VR80F01ADG,O,17.58,0.0,0.0,0.0,O,14.94,AI 워싱 상품 (Washing),AI 워싱 상품 / Washing,높음,2026-09-02 04:12:21
,"엘지전자,LG전자",FH25ESX,O,18.03,0.0,0.0,0.0,O,15.33,AI 워싱 상품 (Washing),AI 워싱 상품 / Washing,높음,2026-09-02 04:12:54
,삼성전자,DM970AGA-L51A,O,26.43,0.0,0.0,33.75,O,27.53,AI 워싱 상품 (Washing),AI 워싱 상품 / Washing,높음,2026-09-02 04:13:47
,알파스캔,G-SYNC,O,0.0,0.0,0.0,0.0,X,0.0,워싱 의심 (Suspected),워싱 의심 상품 / Suspected,중간,2026-09-02 04:14:22
,크로스오버,NANO-IPS,O,0.0,0.0,0.0,0.0,X,0.0,워싱 의심 (Suspected),워싱 의심 상품 / Suspected,중간,2026-09-02 04:14:56
,삼성전자,AW06C7155TWAZ,O,18.3,0.0,0.0,0.0,O,15.55,AI 워싱 상품 (Washing),AI 워싱 상품 / Washing,높음,2026-09-02 04:15:53
,알파스캔,G-SYNC,O,0.0,0.0,0.0,0.0,X,0.0,워싱 의심 (Suspected),워싱 의심 상품 / Suspected,중간,2026-09-02 04:16:27
,"엘지전자,LG전자",G-SYNC,O,28.28,38.78,0.0,33.75,O,33.58,AI 워싱 상품 (Washing),AI 워싱 상품 / Washing,높음,2026-09-02 04:17:00
,삼성전자,WF25DG8650BV,O,28.2,0.0,0.0,33.75,O,29.03,AI 워싱 상품 (Washing),AI 워싱 상품 / Washing,높음,2026-09-02 04:18:39
,"엘지전자,LG전자",M876GBB131,O,18.03,0.0,0.0,0.0,O,15.33,AI 워싱 상품 (Washing),AI 워싱 상품 / Washing,높음,2026-09-02 04:19:13
,뉴스룸,CMW-R2010MW,O,11.25,0.0,0.0,0.0,X,9.56,AI 워싱 상품 (Washing),AI 워싱 상품 / Washing,높음,2026-09-02 04:20:42
,삼성전자,DM970AGA-L51A,O,26.43,0.0,0.0,33.75,O,27.53,AI 워싱 상품 (Washing),AI 워싱 상품 / Washing,높음,2026-09-02 04:22:21
,삼성전자,VR7MD97716G,O,18.77,0.0,0.0,0.0,O,15.95,AI 워싱 상품 (Washing),AI 워싱 상품 / Washing,높음,2026-09-02 04:23:22
,삼성전자,AR60F07D12WS,O,18.3,0.0,0.0,0.0,O,15.55,AI 워싱 상품 (Washing),AI 워싱 상품 / Washing,높음,2026-09-02 04:24:14
,알파스캔,G-SYNC,O,0.0,0.0,0.0,0.0,X,0.0,워싱 의심 (Suspected),워싱 의심 상품 / Suspected,중간,2026-09-02 04:24:58
,"엘지전자,LG전자",FH25GSF,O,23.81,0.0,0.0,33.75,O,25.3,AI 워싱 상품 (Washing),AI 워싱 상품 / Washing,높음,2026-09-02 04:25:31
,삼성전자,D-AMOLED,O,21.87,0.0,0.0,0.0,O,18.59,AI 워싱 상품 (Washing),AI 워싱 상품 / Washing,높음,2026-09-02 04:26:26
,삼성전자,DM970AGA-LC51G,O,26.43,0.0,0.0,33.75,O,27.53,AI 워싱 상품 (Washing),AI 워싱 상품 / Washing,높음,2026-09-02 04:27:18
,"엘지전자,LG전자",16Z90U-KU7BK,O,36.7,34.83,0.0,77.5,O,42.05,워싱 의심 (Suspected),워싱 의심 상품 / Suspected,중간,2026-09-02 04:27:53
,삼성전자,AP90H03193UGD,O,0.0,0.0,0.0,0.0,O,0.0,AI 워싱 상품 (Washing),AI 워싱 상품 / Washing,높음,2026-09-02 04:28:44
,"엘지전자,LG전자",UV-LED,O,18.3,0.0,0.0,0.0,O,15.55,AI 워싱 상품 (Washing),AI 워싱 상품 / Washing,높음,2026-09-02 04:29:19
,LG전자 (제조사 웹사이트 바로가기),ZU07571-25001,O,0.0,56.36,0.0,0.0,X,47.91,신뢰 (Normal),신뢰 상품 / Normal,낮음,2026-09-02 12:03:37
,LG전자 (제조사 웹사이트 바로가기),LGE-M875GBB5822405,O,59.13,58.21,0.0,0.0,X,49.84,신뢰 (Normal),신뢰 상품 / Normal,낮음,2026-09-02 12:04:44
,LG전자 (제조사 웹사이트 바로가기),16Z90U-KU7BK,O,61.13,59.16,0.0,0.0,X,51.07,신뢰 (Normal),신뢰 상품 / Normal,낮음,2026-09-02 12:06:09
,알파스캔 (제조사 웹사이트 바로가기),ADP-25G4K,O,0.0,0.0,0.0,0.0,X,0.0,워싱 의심 (Suspected),워싱 의심 상품 / Suspected,중간,2026-09-02 12:07:18
,LG전자 (제조사 웹사이트 바로가기),LGE-75QNED65ABA,O,63.57,62.63,0.0,0.0,X,53.61,신뢰 (Normal),신뢰 상품 / Normal,낮음,2026-09-02 12:08:35
,LG전자 (제조사 웹사이트 바로가기),LGE-D3GN,O,59.13,58.21,0.0,0.0,X,49.84,신뢰 (Normal),신뢰 상품 / Normal,낮음,2026-09-02 12:10:04
,알파스캔 (제조사 웹사이트 바로가기),ADP-Q27G4S,O,0.0,0.0,0.0,0.0,X,0.0,워싱 의심 (Suspected),워싱 의심 상품 / Suspected,중간,2026-09-02 12:11:15
,알파스캔 (제조사 웹사이트 바로가기),ADP-27B36X,O,0.0,0.0,0.0,0.0,X,0.0,워싱 의심 (Suspected),워싱 의심 상품 / Suspected,중간,2026-09-02 12:12:20
,삼성전자 (제조사 웹사이트 바로가기),SEC-FAC2206,O,59.42,62.26,0.0,0.0,X,51.79,신뢰 (Normal),신뢰 상품 / Normal,낮음,2026-09-02 12:13:16
,삼성전자 (제조사 웹사이트 바로가기),SEC-SMA366,O,0.0,0.0,0.0,0.0,X,0.0,워싱 의심 (Suspected),워싱 의심 상품 / Suspected,중간,2026-09-02 12:14:32
,삼성전자 (제조사 웹사이트 바로가기),DM970AGA-LP72G,O,57.57,0.0,0.0,0.0,X,48.93,신뢰 (Normal),신뢰 상품 / Normal,낮음,2026-09-02 12:15:26
,삼성전자 (제조사 웹사이트 바로가기),SEC-RS84C,O,59.13,58.21,0.0,0.0,X,49.84,신뢰 (Normal),신뢰 상품 / Normal,낮음,2026-09-02 12:16:23
,삼성전자 (제조사 웹사이트 바로가기),SEC-WD90F27K,O,59.13,57.21,0.0,0.0,X,49.39,신뢰 (Normal),신뢰 상품 / Normal,낮음,2026-09-02 12:17:26
,삼성전자 (제조사 웹사이트 바로가기),DM970AGA-LC71G,O,57.57,0.0,0.0,0.0,X,48.93,신뢰 (Normal),신뢰 상품 / Normal,낮음,2026-09-02 12:18:18
,크로스오버,CSO-27FAW9,O,0.0,0.0,0.0,0.0,X,0.0,워싱 의심 (Suspected),워싱 의심 상품 / Suspected,중간,2026-09-02 12:19:29
,알파스캔 (제조사 웹사이트 바로가기),ADP-CU34G4,O,0.0,0.0,0.0,0.0,X,0.0,워싱 의심 (Suspected),워싱 의심 상품 / Suspected,중간,2026-09-02 12:20:30
,삼성전자 (제조사 웹사이트 바로가기),DM970AGA-L71AR,O,57.57,0.0,0.0,0.0,X,48.93,신뢰 (Normal),신뢰 상품 / Normal,낮음,2026-09-02 12:21:21
,삼성전자 비스포크 AI 김치플러스,SEC-RQ58DA,O,0.0,0.0,0.0,0.0,X,0.0,AI 워싱 상품 (Washing),AI 워싱 상품 / Washing,높음,2026-09-02 12:22:40
,주연테크 (제조사 웹사이트 바로가기),JYT-V27Q65C,O,0.0,0.0,0.0,0.0,X,0.0,워싱 의심 (Suspected),워싱 의심 상품 / Suspected,중간,2026-09-02 12:23:43
,알파스캔 (제조사 웹사이트 바로가기),ADP-25B36X,O,0.0,0.0,0.0,0.0,X,0.0,워싱 의심 (Suspected),워싱 의심 상품 / Suspected,중간,2026-09-02 12:24:39
,삼성전자 비스포크 AI 김치플러스,SEC-RQ58DA,O,0.0,0.0,0.0,0.0,X,0.0,AI 워싱 상품 (Washing),AI 워싱 상품 / Washing,높음,2026-09-02 12:25:49
,주연테크 (제조사 웹사이트 바로가기),JYT-V27Q15C,O,0.0,0.0,0.0,0.0,X,0.0,워싱 의심 (Suspected),워싱 의심 상품 / Suspected,중간,2026-09-02 12:26:52
,LG전자 (제조사 웹사이트 바로가기),LGE-75QNED65ABA,O,63.57,62.63,0.0,0.0,X,53.61,신뢰 (Normal),신뢰 상품 / Normal,낮음,2026-09-02 12:28:10
,LG전자 (제조사 웹사이트 바로가기),LGE-M875GBB5822405,O,59.13,58.21,0.0,0.0,X,49.84,신뢰 (Normal),신뢰 상품 / Normal,낮음,2026-09-02 12:29:13
,삼성전자 (제조사 웹사이트 바로가기),DM970AGA-L51A,O,57.57,0.0,0.0,0.0,X,48.93,신뢰 (Normal),신뢰 상품 / Normal,낮음,2026-09-02 12:30:14
,크로스오버,FAST-IPS,O,0.0,0.0,0.0,0.0,X,0.0,워싱 의심 (Suspected),워싱 의심 상품 / Suspected,중간,2026-09-02 12:31:20
,LG전자 (제조사 웹사이트 바로가기),LGE-FXHP,O,0.0,57.21,0.0,0.0,X,48.63,신뢰 (Normal),신뢰 상품 / Normal,낮음,2026-09-02 12:32:26
,삼성전자 (제조사 웹사이트 바로가기),JU071421-25001,O,59.35,58.42,0.0,0.0,X,50.03,신뢰 (Normal),신뢰 상품 / Normal,낮음,2026-09-02 12:33:37
,알파스캔 (제조사 웹사이트 바로가기),ADP-Q27G40E,O,0.0,0.0,0.0,0.0,X,0.0,워싱 의심 (Suspected),워싱 의심 상품 / Suspected,중간,2026-09-02 12:34:37
,삼성전자 (제조사 웹사이트 바로가기),JU071421-24002,O,0.0,51.77,0.0,0.0,X,44.0,신뢰 (Normal),신뢰 상품 / Normal,낮음,2026-09-02 12:35:33
,LG전자 (제조사 웹사이트 바로가기),LGE-WT20,O,59.13,55.12,0.0,0.0,X,48.44,신뢰 (Normal),신뢰 상품 / Normal,낮음,2026-09-02 12:36:40
,삼성전자 (제조사 웹사이트 바로가기),DM970AGA-LP72G,O,57.57,0.0,0.0,0.0,X,48.93,신뢰 (Normal),신뢰 상품 / Normal,낮음,2026-09-02 12:37:32
,삼성전자 (제조사 웹사이트 바로가기),DM970AGA-L71A,O,57.57,0.0,0.0,0.0,X,48.93,신뢰 (Normal),신뢰 상품 / Normal,낮음,2026-09-02 12:38:24
,크로스오버,CSO-27FAW9,O,0.0,0.0,0.0,0.0,X,0.0,워싱 의심 (Suspected),워싱 의심 상품 / Suspected,중간,2026-09-02 12:39:33
,LG전자 (제조사 웹사이트 바로가기),W-OLED,O,63.57,62.63,0.0,0.0,X,53.61,신뢰 (Normal),신뢰 상품 / Normal,낮음,2026-09-02 12:41:31
,이노스 (제조사 웹사이트 바로가기),AID-27QLS120M,O,0.0,0.0,0.0,0.0,X,0.0,워싱 의심 (Suspected),워싱 의심 상품 / Suspected,중간,2026-09-02 12:42:40
,삼성전자 (제조사 웹사이트 바로가기),DM970AGA-L51AG,O,57.57,0.0,0.0,0.0,X,48.93,신뢰 (Normal),신뢰 상품 / Normal,낮음,2026-09-02 12:43:34
,삼성전자 (제조사 웹사이트 바로가기),DM970AGA-L51AG,O,57.57,0.0,0.0,0.0,X,48.93,신뢰 (Normal),신뢰 상품 / Normal,낮음,2026-09-02 12:44:27
,삼성전자 (제조사 웹사이트 바로가기),D-AMOLED,O,47.15,0.0,0.0,0.0,X,40.08,신뢰 (Normal),신뢰 상품 / Normal,낮음,2026-09-02 12:45:46
,알파스캔 (제조사 웹사이트 바로가기),ADP-24E40L,O,0.0,0.0,0.0,0.0,X,0.0,워싱 의심 (Suspected),워싱 의심 상품 / Suspected,중간,2026-09-02 12:46:46
,쿠쿠전자 (제조사 웹사이트 바로가기),CIR-KS301FB,O,51.77,0.0,0.0,0.0,X,44.0,신뢰 (Normal),신뢰 상품 / Normal,낮음,2026-09-02 12:47:39
,삼성전자 (제조사 웹사이트 바로가기),SEC-WD90F27K,O,59.13,57.21,0.0,0.0,X,49.39,신뢰 (Normal),신뢰 상품 / Normal,낮음,2026-09-02 12:48:42
,삼성전자 (제조사 웹사이트 바로가기),D-AMOLED,O,47.15,0.0,0.0,0.0,X,40.08,신뢰 (Normal),신뢰 상품 / Normal,낮음,2026-09-02 12:50:00
,삼성전자 (제조사 웹사이트 바로가기),JU071421-24001,O,58.11,57.19,0.0,0.0,X,48.98,신뢰 (Normal),신뢰 상품 / Normal,낮음,2026-09-02 12:51:12
,삼성전자 (제조사 웹사이트 바로가기),SEC-WD90F27K,O,59.13,57.21,0.0,0.0,X,49.39,신뢰 (Normal),신뢰 상품 / Normal,낮음,2026-09-02 12:52:18
,크로스오버,CSO-27FAW9,O,0.0,0.0,0.0,0.0,X,0.0,워싱 의심 (Suspected),워싱 의심 상품 / Suspected,중간,2026-09-02 12:53:21
,알파스캔 (제조사 웹사이트 바로가기),ADP-Q27G4Z,O,0.0,0.0,0.0,0.0,X,0.0,워싱 의심 (Suspected),워싱 의심 상품 / Suspected,중간,2026-09-02 12:54:19
,삼성전자 (제조사 웹사이트 바로가기),DM970AGA-L71A,O,57.57,0.0,0.0,0.0,X,48.93,신뢰 (Normal),신뢰 상품 / Normal,낮음,2026-09-02 12:55:11
,LG전자 (제조사 웹사이트 바로가기),LGE-T873MWW1112205,O,59.13,58.21,0.0,0.0,X,49.84,신뢰 (Normal),신뢰 상품 / Normal,낮음,2026-09-02 12:55:58
,삼성전자 (제조사 웹사이트 바로가기),SEC-WF8000CKO,O,59.13,55.12,0.0,0.0,X,48.44,신뢰 (Normal),신뢰 상품 / Normal,낮음,2026-09-02 12:56:54
,삼성전자 (제조사 웹사이트 바로가기),SEC-SMM446,O,58.62,0.0,0.0,0.0,X,49.83,신뢰 (Normal),신뢰 상품 / Normal,낮음,2026-09-02 12:57:51
,삼성전자 (제조사 웹사이트 바로가기),DM970AGA-L71AR,O,57.57,0.0,0.0,0.0,X,48.93,신뢰 (Normal),신뢰 상품 / Normal,낮음,2026-09-02 12:59:33
,삼성전자 (제조사 웹사이트 바로가기),SEC-SMX626,O,56.35,0.0,0.0,0.0,X,47.9,신뢰 (Normal),신뢰 상품 / Normal,낮음,2026-09-02 13:00:30
,삼성전자 비스포크 AI,SEC-NZ9000D,O,0.0,0.0,0.0,0.0,X,0.0,AI 워싱 상품 (Washing),AI 워싱 상품 / Washing,높음,2026-09-02 13:01:11
,LG전자 (제조사 웹사이트 바로가기),LGE-FXHPST,O,59.13,57.21,0.0,0.0,X,49.39,신뢰 (Normal),신뢰 상품 / Normal,낮음,2026-09-02 13:02:05
,삼성전자 (제조사 웹사이트 바로가기),SEC-SMX626,O,56.35,0.0,0.0,0.0,X,47.9,신뢰 (Normal),신뢰 상품 / Normal,낮음,2026-09-02 13:03:01
,삼성전자 비스포크 AI,DW80H73Y1UZ,O,0.0,0.0,0.0,0.0,X,0.0,워싱 의심 (Suspected),워싱 의심 상품 / Suspected,중간,2026-09-02 13:03:51
,삼성전자 (제조사 웹사이트 바로가기),SEC-WD90F27K,O,59.13,57.21,0.0,0.0,X,49.39,신뢰 (Normal),신뢰 상품 / Normal,낮음,2026-09-02 13:04:44
,삼성전자 (제조사 웹사이트 바로가기),SEC-WD90F27K,O,59.13,57.21,0.0,0.0,X,49.39,신뢰 (Normal),신뢰 상품 / Normal,낮음,2026-09-02 13:05:38
,삼성전자 (제조사 웹사이트 바로가기),DM970AGA-L51AR,O,57.57,0.0,0.0,0.0,X,48.93,신뢰 (Normal),신뢰 상품 / Normal,낮음,2026-09-02 13:06:28
,LG전자 (제조사 웹사이트 바로가기),LGE-F12VVC,O,0.0,55.12,0.0,0.0,X,46.85,신뢰 (Normal),신뢰 상품 / Normal,낮음,2026-09-02 13:07:13
,LG전자 (제조사 웹사이트 바로가기),LGE-T873MWW1112205,O,59.13,58.21,0.0,0.0,X,49.84,신뢰 (Normal),신뢰 상품 / Normal,낮음,2026-09-02 13:08:52
,삼성전자 (제조사 웹사이트 바로가기),SEC-SMX526,O,56.35,0.0,0.0,0.0,X,47.9,신뢰 (Normal),신뢰 상품 / Normal,낮음,2026-09-02 13:09:48
,삼성전자 (제조사 웹사이트 바로가기),NT940XJG-K51A,O,61.13,0.0,0.0,0.0,X,51.96,신뢰 (Normal),신뢰 상품 / Normal,낮음,2026-09-02 13:10:59
,삼성전자 (제조사 웹사이트 바로가기),DM970AGA-L71AR,O,57.57,0.0,0.0,0.0,X,48.93,신뢰 (Normal),신뢰 상품 / Normal,낮음,2026-09-02 13:11:46
,삼성전자 (제조사 웹사이트 바로가기),SEC-SMF766,O,56.35,0.0,0.0,0.0,X,47.9,신뢰 (Normal),신뢰 상품 / Normal,낮음,2026-09-02 13:12:53
,LG전자 (제조사 웹사이트 바로가기),XM070011-22079,O,0.0,56.36,0.0,0.0,X,47.91,신뢰 (Normal),신뢰 상품 / Normal,낮음,2026-09-02 13:13:39
,LG전자 (제조사 웹사이트 바로가기),LGE-FUQ23111,O,59.42,62.26,0.0,0.0,X,51.79,신뢰 (Normal),신뢰 상품 / Normal,낮음,2026-09-02 13:14:26
,알파스캔 (제조사 웹사이트 바로가기),ADP-AG326UZD,O,0.0,0.0,0.0,0.0,X,0.0,워싱 의심 (Suspected),워싱 의심 상품 / Suspected,중간,2026-09-02 13:15:28
,LG전자 (제조사 웹사이트 바로가기),LGE-FXHP,O,0.0,57.21,0.0,0.0,X,48.63,신뢰 (Normal),신뢰 상품 / Normal,낮음,2026-09-02 13:16:22
,크로스오버,FAST-IPS,O,0.0,0.0,0.0,0.0,X,0.0,워싱 의심 (Suspected),워싱 의심 상품 / Suspected,중간,2026-09-02 13:17:13
,삼성전자 (제조사 웹사이트 바로가기),D-AMOLED,O,59.04,0.0,0.0,0.0,X,50.18,신뢰 (Normal),신뢰 상품 / Normal,낮음,2026-09-02 13:18:20
,LG전자 (제조사 웹사이트 바로가기),LGE-S836GBB1422501,O,59.13,58.21,0.0,0.0,X,49.84,신뢰 (Normal),신뢰 상품 / Normal,낮음,2026-09-02 13:19:10
,LG전자 (제조사 웹사이트 바로가기),HM07125-21122,O,0.0,52.68,0.0,0.0,X,44.78,신뢰 (Normal),신뢰 상품 / Normal,낮음,2026-09-02 13:20:02
,삼성전자 (제조사 웹사이트 바로가기),SEC-SMF966,O,59.04,0.0,0.0,0.0,X,50.18,신뢰 (Normal),신뢰 상품 / Normal,낮음,2026-09-02 13:21:13
,삼성전자 (제조사 웹사이트 바로가기),NT940XJG-K51A,O,61.13,0.0,0.0,0.0,X,51.96,신뢰 (Normal),신뢰 상품 / Normal,낮음,2026-09-02 13:22:22
,삼성전자 (제조사 웹사이트 바로가기),DM970AGA-LC51G,O,57.57,0.0,0.0,0.0,X,48.93,신뢰 (Normal),신뢰 상품 / Normal,낮음,2026-09-02 13:23:12
,LG전자 (제조사 웹사이트 바로가기),16Z90U-KU7WK,O,61.13,59.16,0.0,0.0,X,51.07,신뢰 (Normal),신뢰 상품 / Normal,낮음,2026-09-02 13:24:25
,삼성전자 (제조사 웹사이트 바로가기),DM970AGA-L71AR,O,57.57,0.0,0.0,0.0,X,48.93,신뢰 (Normal),신뢰 상품 / Normal,낮음,2026-09-02 13:25:14
,삼성전자 (제조사 웹사이트 바로가기),DM970AGA-L71A,O,57.57,0.0,0.0,0.0,X,48.93,신뢰 (Normal),신뢰 상품 / Normal,낮음,2026-09-02 13:26:07
,LG전자 (제조사 웹사이트 바로가기),LGE-S834MC35E2201,O,59.13,58.21,0.0,0.0,X,49.84,신뢰 (Normal),신뢰 상품 / Normal,낮음,2026-09-02 13:26:53
,크로스오버,CSO-27FAW9,O,0.0,0.0,0.0,0.0,X,0.0,워싱 의심 (Suspected),워싱 의심 상품 / Suspected,중간,2026-09-02 13:27:51
,삼성전자 (제조사 웹사이트 바로가기),D-AMOLED,O,46.42,0.0,0.0,0.0,X,39.46,워싱 의심 (Suspected),워싱 의심 상품 / Suspected,중간,2026-09-02 13:28:50
,삼성전자 (제조사 웹사이트 바로가기),SEC-WD90F27K,O,59.13,57.21,0.0,0.0,X,49.39,신뢰 (Normal),신뢰 상품 / Normal,낮음,2026-09-02 13:29:39
,삼성전자 (제조사 웹사이트 바로가기),DM970AGA-L51AR,O,57.57,0.0,0.0,0.0,X,48.93,신뢰 (Normal),신뢰 상품 / Normal,낮음,2026-09-02 13:30:30
,삼성전자 (제조사 웹사이트 바로가기),NT940XJG-K51A,O,61.13,0.0,0.0,0.0,X,51.96,신뢰 (Normal),신뢰 상품 / Normal,낮음,2026-09-02 13:31:48
,삼성전자 (제조사 웹사이트 바로가기),JU071421-25001,O,59.35,58.42,0.0,0.0,X,50.03,신뢰 (Normal),신뢰 상품 / Normal,낮음,2026-09-02 13:33:36
,LG전자 (제조사 웹사이트 바로가기),LGE-OLED77C5FNA,O,63.57,62.63,0.0,0.0,X,53.61,신뢰 (Normal),신뢰 상품 / Normal,낮음,2026-09-02 13:34:40
,삼성전자 (제조사 웹사이트 바로가기),DM970AGA-L51A,O,57.57,0.0,0.0,0.0,X,48.93,신뢰 (Normal),신뢰 상품 / Normal,낮음,2026-09-02 13:35:27
,삼성전자 (제조사 웹사이트 바로가기),JU071421-25001,O,56.87,55.95,0.0,0.0,X,47.92,신뢰 (Normal),신뢰 상품 / Normal,낮음,2026-09-02 13:36:22
,삼성전자 (제조사 웹사이트 바로가기),SEC-RM70F90,O,59.13,58.21,0.0,0.0,X,49.84,신뢰 (Normal),신뢰 상품 / Normal,낮음,2026-09-02 13:37:11
,LG전자 (제조사 웹사이트 바로가기),XM070011-22079,O,0.0,56.36,0.0,0.0,X,47.91,신뢰 (Normal),신뢰 상품 / Normal,낮음,2026-09-02 13:37:58
,삼성전자 (제조사 웹사이트 바로가기),YU07321-24004A,O,0.0,55.15,0.0,0.0,X,46.88,신뢰 (Normal),신뢰 상품 / Normal,낮음,2026-09-02 13:38:46
,삼성전자 (제조사 웹사이트 바로가기),SEC-WD90F27K,O,59.13,57.21,0.0,0.0,X,49.39,신뢰 (Normal),신뢰 상품 / Normal,낮음,2026-09-02 13:39:39
,LG전자 (제조사 웹사이트 바로가기),LGE-NC27,O,59.13,57.21,0.0,0.0,X,49.39,신뢰 (Normal),신뢰 상품 / Normal,낮음,2026-09-02 13:40:31
,LG전자 (제조사 웹사이트 바로가기),LGE-D3H,O,0.0,51.77,0.0,0.0,X,44.0,신뢰 (Normal),신뢰 상품 / Normal,낮음,2026-09-02 13:41:18
,삼성전자 (제조사 웹사이트 바로가기),SEC-WD90F27K,O,59.13,57.21,0.0,0.0,X,49.39,신뢰 (Normal),신뢰 상품 / Normal,낮음,2026-09-02 13:42:14
,LG전자 (제조사 웹사이트 바로가기),LGE-S836GBB1422501,O,59.13,58.21,0.0,0.0,X,49.84,신뢰 (Normal),신뢰 상품 / Normal,낮음,2026-09-02 13:43:48
,삼성전자 (제조사 웹사이트 바로가기),YU07321-24001A,O,0.0,55.15,0.0,0.0,X,46.88,신뢰 (Normal),신뢰 상품 / Normal,낮음,2026-09-02 13:44:35
,삼성전자 (제조사 웹사이트 바로가기),DM970AGA-L51A,O,57.57,0.0,0.0,0.0,X,48.93,신뢰 (Normal),신뢰 상품 / Normal,낮음,2026-09-02 13:45:27
,삼성전자 비스포크 키친핏 Max,SEC-RM70F63,O,59.13,58.21,0.0,0.0,X,49.84,신뢰 (Normal),신뢰 상품 / Normal,낮음,2026-09-02 13:46:59
,삼성전자 (제조사 웹사이트 바로가기),JU071421-25001,O,59.35,58.42,0.0,0.0,X,50.03,신뢰 (Normal),신뢰 상품 / Normal,낮음,2026-09-02 13:47:57
,LG전자 (제조사 웹사이트 바로가기),LGE-LCWB,O,59.13,55.12,0.0,0.0,X,48.44,신뢰 (Normal),신뢰 상품 / Normal,낮음,2026-09-02 13:48:54
,LG전자 (제조사 웹사이트 바로가기),LGE-S836GBB1422501,O,59.13,58.21,0.0,0.0,X,49.84,신뢰 (Normal),신뢰 상품 / Normal,낮음,2026-09-02 13:49:42
,삼성전자 (제조사 웹사이트 바로가기),SEC-WD90F27K,O,59.13,57.21,0.0,0.0,X,49.39,신뢰 (Normal),신뢰 상품 / Normal,낮음,2026-09-02 13:50:35
,알파스캔 (제조사 웹사이트 바로가기),ADP-Q27G4S,O,0.0,0.0,0.0,0.0,X,0.0,워싱 의심 (Suspected),워싱 의심 상품 / Suspected,중간,2026-09-02 13:51:33
,알파스캔 (제조사 웹사이트 바로가기),ADP-Q27G42ZE,O,0.0,0.0,0.0,0.0,X,0.0,워싱 의심 (Suspected),워싱 의심 상품 / Suspected,중간,2026-09-02 13:52:27
,삼성전자 (제조사 웹사이트 바로가기),JU071421-25001,O,56.87,55.95,0.0,0.0,X,47.92,신뢰 (Normal),신뢰 상품 / Normal,낮음,2026-09-02 13:53:22
,LG전자 (제조사 웹사이트 바로가기),75QNED80BEA,O,63.57,62.63,0.0,0.0,X,53.61,신뢰 (Normal),신뢰 상품 / Normal,낮음,2026-09-02 14:00:39
,LG전자 (제조사 웹사이트 바로가기),AI948WA,O,0.0,52.68,0.0,0.0,X,44.78,신뢰 (Normal),신뢰 상품 / Normal,낮음,2026-09-02 14:02:26
,알파스캔 (제조사 웹사이트 바로가기),ADP-Q27G40ZDF,O,0.0,0.0,0.0,0.0,X,0.0,워싱 의심 (Suspected),워싱 의심 상품 / Suspected,중간,2026-09-02 14:03:47
,LG전자 (제조사 웹사이트 바로가기),LGE-75QNED65ABA,O,63.57,62.63,0.0,0.0,X,53.61,신뢰 (Normal),신뢰 상품 / Normal,낮음,2026-09-02 14:05:42
,삼성전자 (제조사 웹사이트 바로가기),DM970AGA-L51AG,O,57.57,0.0,0.0,0.0,X,48.93,신뢰 (Normal),신뢰 상품 / Normal,낮음,2026-09-02 14:06:36
,LG전자 (제조사 웹사이트 바로가기),16Z90U-KU7WK,O,61.13,59.16,0.0,0.0,X,51.07,신뢰 (Normal),신뢰 상품 / Normal,낮음,2026-09-02 14:07:56
,주연테크 (제조사 웹사이트 바로가기),JYT-X24QF180,O,0.0,0.0,0.0,0.0,X,0.0,워싱 의심 (Suspected),워싱 의심 상품 / Suspected,중간,2026-09-02 14:09:01
,망고슬래브 (제조사 웹사이트 바로가기),ZH10040-19001B,O,0.0,0.0,0.0,0.0,X,0.0,워싱 의심 (Suspected),워싱 의심 상품 / Suspected,중간,2026-09-02 14:09:45
,삼성전자 비스포크 AI,SEC-NZ9000D,O,0.0,0.0,0.0,0.0,X,0.0,AI 워싱 상품 (Washing),AI 워싱 상품 / Washing,높음,2026-09-02 14:10:28
,LG전자 (제조사 웹사이트 바로가기),LGE-S656P0032502,O,59.13,58.21,0.0,0.0,X,49.84,신뢰 (Normal),신뢰 상품 / Normal,낮음,2026-09-02 14:11:16
,삼성전자 (제조사 웹사이트 바로가기),SEC-RM70F90,O,59.13,58.21,0.0,0.0,X,49.84,신뢰 (Normal),신뢰 상품 / Normal,낮음,2026-09-02 14:12:04
,알파스캔 (제조사 웹사이트 바로가기),ADP-32Q50G,O,0.0,0.0,0.0,0.0,X,0.0,워싱 의심 (Suspected),워싱 의심 상품 / Suspected,중간,2026-09-02 14:13:09
,삼성전자 (제조사 웹사이트 바로가기),SEC-WAC2301,O,59.42,62.26,0.0,0.0,X,51.79,신뢰 (Normal),신뢰 상품 / Normal,낮음,2026-09-02 14:13:57
,LG전자 (제조사 웹사이트 바로가기),16Z95U-GS5WK,O,59.87,59.16,0.0,0.0,X,50.57,신뢰 (Normal),신뢰 상품 / Normal,낮음,2026-09-02 14:15:10
,삼성전자 (제조사 웹사이트 바로가기),DM970AGA-L71A,O,57.57,0.0,0.0,0.0,X,48.93,신뢰 (Normal),신뢰 상품 / Normal,낮음,2026-09-02 14:16:02
,삼성전자 (제조사 웹사이트 바로가기),SEC-WF6000CK,O,59.13,55.12,0.0,0.0,X,48.44,신뢰 (Normal),신뢰 상품 / Normal,낮음,2026-09-02 14:16:55
,삼성전자 (제조사 웹사이트 바로가기),JU071421-25001,O,59.35,58.42,0.0,0.0,X,50.03,신뢰 (Normal),신뢰 상품 / Normal,낮음,2026-09-02 14:17:58
,삼성전자 (제조사 웹사이트 바로가기),SEC-SMF766,O,56.35,0.0,0.0,0.0,X,47.9,신뢰 (Normal),신뢰 상품 / Normal,낮음,2026-09-02 14:19:04
,LG전자 (제조사 웹사이트 바로가기),LGE-M616GBB1J02506,O,59.13,58.21,0.0,0.0,X,49.84,신뢰 (Normal),신뢰 상품 / Normal,낮음,2026-09-02 14:19:55
,삼성전자 (제조사 웹사이트 바로가기),SEC-DV5000T6,O,0.0,51.77,0.0,0.0,X,44.0,신뢰 (Normal),신뢰 상품 / Normal,낮음,2026-09-02 14:20:44
,삼성전자 (제조사 웹사이트 바로가기),IMMORTALIS-G925,O,56.35,0.0,0.0,0.0,X,47.9,신뢰 (Normal),신뢰 상품 / Normal,낮음,2026-09-02 14:21:38
,LG전자 (제조사 웹사이트 바로가기),LGE-T873MWW1112205,O,59.13,58.21,0.0,0.0,X,49.84,신뢰 (Normal),신뢰 상품 / Normal,낮음,2026-09-02 14:22:24
,삼성전자 (제조사 웹사이트 바로가기),SEC-WF8000DKR,O,59.13,55.12,0.0,0.0,X,48.44,신뢰 (Normal),신뢰 상품 / Normal,낮음,2026-09-02 14:23:16
,삼성전자 (제조사 웹사이트 바로가기),JU071421-25001,O,56.87,55.95,0.0,0.0,X,47.92,신뢰 (Normal),신뢰 상품 / Normal,낮음,2026-09-02 14:24:15
,LG전자 (제조사 웹사이트 바로가기),LGE-FXHPST,O,59.13,57.21,0.0,0.0,X,49.39,신뢰 (Normal),신뢰 상품 / Normal,낮음,2026-09-02 14:25:09
,삼성전자 (제조사 웹사이트 바로가기),DM970AGA-L51A,O,57.57,0.0,0.0,0.0,X,48.93,신뢰 (Normal),신뢰 상품 / Normal,낮음,2026-09-02 14:26:01
,알파스캔 (제조사 웹사이트 바로가기),ADP-27E40L,O,0.0,0.0,0.0,0.0,X,0.0,워싱 의심 (Suspected),워싱 의심 상품 / Suspected,중간,2026-09-02 14:26:59
,크로스오버,CSO-27RTX5,O,0.0,0.0,0.0,0.0,X,0.0,워싱 의심 (Suspected),워싱 의심 상품 / Suspected,중간,2026-09-02 14:27:56
,삼성전자 (제조사 웹사이트 바로가기),SEC-WAC2301,O,59.42,62.26,0.0,0.0,X,51.79,신뢰 (Normal),신뢰 상품 / Normal,낮음,2026-09-02 14:28:40
,알파스캔 (제조사 웹사이트 바로가기),ADP-Q27G4Z,O,0.0,0.0,0.0,0.0,X,0.0,워싱 의심 (Suspected),워싱 의심 상품 / Suspected,중간,2026-09-02 14:29:37
,LG전자 (제조사 웹사이트 바로가기),LGE-OLED48C6KNA,O,63.57,62.63,0.0,0.0,X,53.61,신뢰 (Normal),신뢰 상품 / Normal,낮음,2026-09-02 14:30:45
,LG전자 (제조사 웹사이트 바로가기),LGE-WT21,O,59.13,55.12,0.0,0.0,X,48.44,신뢰 (Normal),신뢰 상품 / Normal,낮음,2026-09-02 14:31:41
,삼성전자 (제조사 웹사이트 바로가기),SEC-WF8000DKR,O,59.13,55.12,0.0,0.0,X,48.44,신뢰 (Normal),신뢰 상품 / Normal,낮음,2026-09-02 14:32:27
,LG전자 (제조사 웹사이트 바로가기),LGE-M875GBB5822405,O,59.13,58.21,0.0,0.0,X,49.84,신뢰 (Normal),신뢰 상품 / Normal,낮음,2026-09-02 14:33:21
,뉴스룸,BR-JH5500FWD,O,0.0,0.0,0.0,0.0,X,0.0,일반 상품 (Non-AI),AI 기능 주장 미확인 / Not Evaluated,판정 제외,2026-09-02 14:34:52
,LG전자 (제조사 웹사이트 바로가기),LGE-75QNED80BEA,O,63.57,62.63,0.0,0.0,X,53.61,신뢰 (Normal),신뢰 상품 / Normal,낮음,2026-09-02 14:35:58
,삼성전자 (제조사 웹사이트 바로가기),DM970AGA-L51A,O,57.57,0.0,0.0,0.0,X,48.93,신뢰 (Normal),신뢰 상품 / Normal,낮음,2026-09-02 14:36:46
,삼성전자 (제조사 웹사이트 바로가기),JU071421-24001,O,58.11,57.19,0.0,0.0,X,48.98,신뢰 (Normal),신뢰 상품 / Normal,낮음,2026-09-02 14:37:50
,삼성전자 (제조사 웹사이트 바로가기),SEC-RAC2501,O,59.42,62.26,0.0,0.0,X,51.79,신뢰 (Normal),신뢰 상품 / Normal,낮음,2026-09-02 14:38:37
,알파스캔 (제조사 웹사이트 바로가기),ADP-AGP327UZD,O,0.0,0.0,0.0,0.0,X,0.0,워싱 의심 (Suspected),워싱 의심 상품 / Suspected,중간,2026-09-02 14:39:38
,LG전자 (제조사 웹사이트 바로가기),LGE-FXHPST,O,59.13,57.21,0.0,0.0,X,49.39,신뢰 (Normal),신뢰 상품 / Normal,낮음,2026-09-02 14:40:30
,삼성전자 (제조사 웹사이트 바로가기),IMMORTALIS-G925,O,56.35,0.0,0.0,0.0,X,47.9,신뢰 (Normal),신뢰 상품 / Normal,낮음,2026-09-02 14:41:27
,삼성전자 (제조사 웹사이트 바로가기),DM970AGA-LC51G,O,57.57,0.0,0.0,0.0,X,48.93,신뢰 (Normal),신뢰 상품 / Normal,낮음,2026-09-02 14:42:14
,LG전자 (제조사 웹사이트 바로가기),16Z90U-KU7BK,O,61.13,59.16,0.0,0.0,X,51.07,신뢰 (Normal),신뢰 상품 / Normal,낮음,2026-09-02 14:43:30
,삼성전자 (제조사 웹사이트 바로가기),YU07321-24001A,O,0.0,55.15,0.0,0.0,X,46.88,신뢰 (Normal),신뢰 상품 / Normal,낮음,2026-09-02 14:44:24
,LG전자 (제조사 웹사이트 바로가기),LGE-FUQ23111,O,59.42,62.26,0.0,0.0,X,51.79,신뢰 (Normal),신뢰 상품 / Normal,낮음,2026-09-02 14:45:10
,"엘지전자,LG전자",AS185LGAA,O,0.0,56.36,0.0,0.0,O,47.91,신뢰 (Normal),신뢰 상품 / Normal,낮음,2026-09-02 14:59:37
,"엘지전자,LG전자",M876GBB231,O,59.13,58.21,0.0,0.0,O,49.84,신뢰 (Normal),신뢰 상품 / Normal,낮음,2026-09-02 15:00:28
,"엘지전자,LG전자",16Z90U-KU7BK,O,75.07,72.29,0.0,76.59,O,74.28,매우 신뢰 (Normal),높은 신뢰 상품 / Credible,매우 낮음,2026-09-02 15:01:41
,알파스캔,25G4K,O,0.0,0.0,0.0,0.0,X,0.0,워싱 의심 (Suspected),워싱 의심 상품 / Suspected,중간,2026-09-02 17:51:51
,"엘지전자,LG전자",75QNED65ABA,O,70.96,70.89,0.0,77.5,O,71.91,매우 신뢰 (Normal),높은 신뢰 상품 / Credible,매우 낮음,2026-09-02 17:52:55
,"엘지전자,LG전자",RG20WN,O,59.13,58.21,0.0,0.0,O,49.84,신뢰 (Normal),신뢰 상품 / Normal,낮음,2026-09-02 17:54:14
,알파스캔,Q27G4SL,O,0.0,0.0,0.0,0.0,X,0.0,워싱 의심 (Suspected),워싱 의심 상품 / Suspected,중간,2026-09-02 17:55:09
,알파스캔,27B36X,O,0.0,0.0,0.0,0.0,X,0.0,워싱 의심 (Suspected),워싱 의심 상품 / Suspected,중간,2026-09-02 17:56:06
,삼성전자,AF60F17D11BRS,O,59.42,62.26,0.0,0.0,O,51.79,신뢰 (Normal),신뢰 상품 / Normal,낮음,2026-09-02 17:57:11
,삼성전자,A36,O,0.0,0.0,0.0,0.0,O,0.0,워싱 의심 (Suspected),워싱 의심 상품 / Suspected,중간,2026-09-02 17:58:33
,삼성전자,DM970AGA-LP72G,O,64.14,0.0,0.0,33.75,O,59.58,신뢰 (Normal),신뢰 상품 / Normal,낮음,2026-09-02 17:59:37
,삼성전자,RS84DB5002CW,O,59.13,58.21,0.0,0.0,O,49.84,신뢰 (Normal),신뢰 상품 / Normal,낮음,2026-09-02 18:00:44
,삼성전자,WD90H25BHYN1,O,59.13,57.21,0.0,0.0,O,49.39,신뢰 (Normal),신뢰 상품 / Normal,낮음,2026-09-02 18:01:58
,삼성전자,DM970AGA-LC71G,O,64.14,0.0,0.0,33.75,O,59.58,신뢰 (Normal),신뢰 상품 / Normal,낮음,2026-09-02 18:03:04
,크로스오버,27LGQ175CM,O,0.0,0.0,0.0,0.0,X,0.0,워싱 의심 (Suspected),워싱 의심 상품 / Suspected,중간,2026-09-02 18:04:02
,알파스캔,CU34G4,O,0.0,0.0,0.0,0.0,X,0.0,워싱 의심 (Suspected),워싱 의심 상품 / Suspected,중간,2026-09-02 18:04:56
,삼성전자,DM970AGA-L71AR,O,64.14,0.0,0.0,33.75,O,59.58,신뢰 (Normal),신뢰 상품 / Normal,낮음,2026-09-02 18:06:05
,삼성전자 비스포크 AI 김치플러스,RK70F58M1ZG,O,0.0,0.0,0.0,0.0,X,0.0,AI 워싱 상품 (Washing),AI 워싱 상품 / Washing,높음,2026-09-02 18:07:12
,주연테크,V27Q65C,O,0.0,0.0,0.0,0.0,X,0.0,워싱 의심 (Suspected),워싱 의심 상품 / Suspected,중간,2026-09-02 18:08:06
,알파스캔,25B36X,O,0.0,0.0,0.0,0.0,X,0.0,워싱 의심 (Suspected),워싱 의심 상품 / Suspected,중간,2026-09-02 18:09:02
,삼성전자 비스포크 AI 김치플러스,RK70F58M1ZG,O,0.0,0.0,0.0,0.0,X,0.0,AI 워싱 상품 (Washing),AI 워싱 상품 / Washing,높음,2026-09-02 18:10:07
,주연테크,V27Q15C,O,0.0,0.0,0.0,0.0,X,0.0,워싱 의심 (Suspected),워싱 의심 상품 / Suspected,중간,2026-09-02 18:11:01
,"엘지전자,LG전자",75QNED65ABA,O,70.96,70.89,0.0,77.5,O,71.91,매우 신뢰 (Normal),높은 신뢰 상품 / Credible,매우 낮음,2026-09-02 18:12:04
,삼성전자,DM970AGA-L51A,O,64.14,0.0,0.0,33.75,O,59.58,신뢰 (Normal),신뢰 상품 / Normal,낮음,2026-09-02 18:13:59
,크로스오버,FAST-IPS,O,0.0,0.0,0.0,0.0,X,0.0,워싱 의심 (Suspected),워싱 의심 상품 / Suspected,중간,2026-09-02 18:14:51
,"엘지전자,LG전자",FH24WNX,O,0.0,57.21,0.0,0.0,O,48.63,신뢰 (Normal),신뢰 상품 / Normal,낮음,2026-09-02 18:15:40
,삼성전자,VR90F01SAG,O,59.35,58.42,0.0,0.0,O,50.03,신뢰 (Normal),신뢰 상품 / Normal,낮음,2026-09-02 18:16:57
,알파스캔,Q27G40E,O,0.0,0.0,0.0,0.0,X,0.0,워싱 의심 (Suspected),워싱 의심 상품 / Suspected,중간,2026-09-02 18:17:52
,삼성전자,VS28D950ACB,O,0.0,51.77,0.0,0.0,O,44.0,신뢰 (Normal),신뢰 상품 / Normal,낮음,2026-09-02 18:18:58
,"엘지전자,LG전자",W20WD,O,66.61,59.33,0.0,33.75,O,58.97,신뢰 (Normal),신뢰 상품 / Normal,낮음,2026-09-02 18:19:52
,삼성전자,DM970AGA-LP72G,O,64.14,0.0,0.0,33.75,O,59.58,신뢰 (Normal),신뢰 상품 / Normal,낮음,2026-09-02 18:20:58
,삼성전자,DM970AGA-L71A,O,64.14,0.0,0.0,33.75,O,59.58,신뢰 (Normal),신뢰 상품 / Normal,낮음,2026-09-02 18:22:08
,크로스오버,27LGQ175CM,O,0.0,0.0,0.0,0.0,X,0.0,워싱 의심 (Suspected),워싱 의심 상품 / Suspected,중간,2026-09-02 18:23:05
,"엘지전자,LG전자",OLED77C5FNA,O,70.95,70.89,0.0,77.5,O,71.91,매우 신뢰 (Normal),높은 신뢰 상품 / Credible,매우 낮음,2026-09-02 18:24:53
,이노스,27QD200M,O,0.0,0.0,0.0,0.0,X,0.0,워싱 의심 (Suspected),워싱 의심 상품 / Suspected,중간,2026-09-02 18:25:48
,삼성전자,DM970AGA-L51AG,O,64.14,0.0,0.0,33.75,O,59.58,신뢰 (Normal),신뢰 상품 / Normal,낮음,2026-09-02 18:26:52
,삼성전자,DM970AGA-L51AG,O,64.14,0.0,0.0,33.75,O,59.58,신뢰 (Normal),신뢰 상품 / Normal,낮음,2026-09-02 18:27:57
,삼성전자,S26,O,45.09,0.0,0.0,0.0,O,38.33,신뢰 (Normal),신뢰 상품 / Normal,낮음,2026-09-02 18:29:19
,알파스캔,24E40L,O,0.0,0.0,0.0,0.0,X,0.0,워싱 의심 (Suspected),워싱 의심 상품 / Suspected,중간,2026-09-02 18:30:18
,쿠쿠전자,CIR-KS301FB,O,51.77,0.0,0.0,0.0,X,44.0,신뢰 (Normal),신뢰 상품 / Normal,낮음,2026-09-02 18:30:57
,삼성전자,WD90F25AHS,O,59.13,57.21,0.0,0.0,O,49.39,신뢰 (Normal),신뢰 상품 / Normal,낮음,2026-09-02 18:32:07
,삼성전자,S26,O,45.09,0.0,0.0,0.0,O,38.33,신뢰 (Normal),신뢰 상품 / Normal,낮음,2026-09-02 18:33:30
,삼성전자,VR7MD97716G,O,58.11,57.19,0.0,0.0,O,48.98,신뢰 (Normal),신뢰 상품 / Normal,낮음,2026-09-02 18:34:54
,삼성전자,WD90H25BHY,O,59.13,57.21,0.0,0.0,O,49.39,신뢰 (Normal),신뢰 상품 / Normal,낮음,2026-09-02 18:36:03
,크로스오버,27QD166CM,O,0.0,0.0,0.0,0.0,X,0.0,워싱 의심 (Suspected),워싱 의심 상품 / Suspected,중간,2026-09-02 18:36:57
,알파스캔,Q27G4Z,O,0.0,0.0,0.0,0.0,X,0.0,워싱 의심 (Suspected),워싱 의심 상품 / Suspected,중간,2026-09-02 18:37:51
,삼성전자,DM970AGA-L71A,O,64.14,0.0,0.0,33.75,O,59.58,신뢰 (Normal),신뢰 상품 / Normal,낮음,2026-09-02 18:38:57
,"엘지전자,LG전자",T873MEE111,O,59.13,58.21,0.0,0.0,O,49.84,신뢰 (Normal),신뢰 상품 / Normal,낮음,2026-09-02 18:39:43
,삼성전자,WF2522HDEEE,O,59.13,55.12,0.0,0.0,O,48.44,신뢰 (Normal),신뢰 상품 / Normal,낮음,2026-09-02 18:40:57
,삼성전자,SEC-SMM446,O,58.62,0.0,0.0,0.0,O,49.83,신뢰 (Normal),신뢰 상품 / Normal,낮음,2026-09-02 18:42:13
,삼성전자,WD90F25AHTN1,O,59.13,57.21,0.0,0.0,O,49.39,신뢰 (Normal),신뢰 상품 / Normal,낮음,2026-09-02 18:43:23
,삼성전자,DM970AGA-L71AR,O,64.14,0.0,0.0,33.75,O,59.58,신뢰 (Normal),신뢰 상품 / Normal,낮음,2026-09-02 18:44:28
,삼성전자,S10,O,54.08,0.0,0.0,0.0,O,45.97,신뢰 (Normal),신뢰 상품 / Normal,낮음,2026-09-02 18:45:42
,삼성전자 비스포크 AI,CC80H63S1HS,O,0.0,0.0,0.0,0.0,X,0.0,AI 워싱 상품 (Washing),AI 워싱 상품 / Washing,높음,2026-09-02 18:46:26
,"엘지전자,LG전자",FH25GSX,O,65.23,62.08,0.0,33.75,O,59.27,신뢰 (Normal),신뢰 상품 / Normal,낮음,2026-09-02 18:47:17
,삼성전자,S10,O,54.08,0.0,0.0,0.0,O,45.97,신뢰 (Normal),신뢰 상품 / Normal,낮음,2026-09-02 18:48:31
,삼성전자 비스포크 AI,DW80H73Y1UZ,O,0.0,0.0,0.0,0.0,X,0.0,워싱 의심 (Suspected),워싱 의심 상품 / Suspected,중간,2026-09-02 18:49:18
,삼성전자,WD90F25CHW,O,59.13,57.21,0.0,0.0,O,49.39,신뢰 (Normal),신뢰 상품 / Normal,낮음,2026-09-02 18:50:29
,삼성전자,WD90H25AHTN1,O,59.13,57.21,0.0,0.0,O,49.39,신뢰 (Normal),신뢰 상품 / Normal,낮음,2026-09-02 18:51:40
,삼성전자,DM970AGA-L51AR,O,64.14,0.0,0.0,33.75,O,59.58,신뢰 (Normal),신뢰 상품 / Normal,낮음,2026-09-02 18:52:45
,"엘지전자,LG전자",F12WVAR,O,64.86,58.82,0.0,33.75,O,57.21,신뢰 (Normal),신뢰 상품 / Normal,낮음,2026-09-02 18:53:28
,삼성전자,DM970AGA-L71A,O,64.14,0.0,0.0,33.75,O,59.58,신뢰 (Normal),신뢰 상품 / Normal,낮음,2026-09-02 18:54:34
,"엘지전자,LG전자",T875MEE111,O,59.13,58.21,0.0,0.0,O,49.84,신뢰 (Normal),신뢰 상품 / Normal,낮음,2026-09-02 18:55:23
,삼성전자,S10,O,54.08,0.0,0.0,0.0,O,45.97,신뢰 (Normal),신뢰 상품 / Normal,낮음,2026-09-02 18:56:38
,삼성전자,NT940XJG-K51A,O,76.47,67.01,0.0,76.59,O,72.95,매우 신뢰 (Normal),높은 신뢰 상품 / Credible,매우 낮음,2026-09-02 18:58:07
,삼성전자,DM970AGA-L71AR,O,64.14,0.0,0.0,33.75,O,59.58,신뢰 (Normal),신뢰 상품 / Normal,낮음,2026-09-02 18:59:13
,삼성전자,SEC-SMF766,O,56.35,0.0,0.0,0.0,O,47.9,신뢰 (Normal),신뢰 상품 / Normal,낮음,2026-09-02 19:00:39
,"엘지전자,LG전자",AS335NSAC,O,0.0,56.36,0.0,0.0,O,47.91,신뢰 (Normal),신뢰 상품 / Normal,낮음,2026-09-02 19:01:21
,"엘지전자,LG전자",FQ18GV3EA2,O,59.42,62.26,0.0,0.0,O,51.79,신뢰 (Normal),신뢰 상품 / Normal,낮음,2026-09-02 19:02:04
,알파스캔,AG326UZD,O,0.0,0.0,0.0,0.0,X,0.0,워싱 의심 (Suspected),워싱 의심 상품 / Suspected,중간,2026-09-02 19:03:10
,"엘지전자,LG전자",FH24WN,O,0.0,57.21,0.0,0.0,O,48.63,신뢰 (Normal),신뢰 상품 / Normal,낮음,2026-09-02 19:04:00
,크로스오버,FAST-IPS,O,0.0,0.0,0.0,0.0,X,0.0,워싱 의심 (Suspected),워싱 의심 상품 / Suspected,중간,2026-09-02 19:04:53
,삼성전자,S26,O,56.63,0.0,0.0,0.0,O,48.14,신뢰 (Normal),신뢰 상품 / Normal,낮음,2026-09-02 19:06:18
,"엘지전자,LG전자",S836MRQ112,O,59.13,58.21,0.0,0.0,O,49.84,신뢰 (Normal),신뢰 상품 / Normal,낮음,2026-09-02 19:07:03
,"엘지전자,LG전자",AI958WB,O,0.0,60.32,0.0,33.75,O,56.33,신뢰 (Normal),신뢰 상품 / Normal,낮음,2026-09-02 19:07:48
,삼성전자,SEC-SMF966,O,59.04,0.0,0.0,0.0,O,50.18,신뢰 (Normal),신뢰 상품 / Normal,낮음,2026-09-02 19:09:12
,삼성전자,NT940XJG-K51A,O,76.47,67.01,0.0,76.59,O,72.95,매우 신뢰 (Normal),높은 신뢰 상품 / Credible,매우 낮음,2026-09-02 19:10:39
,삼성전자,DM970AGA-LC51G,O,64.14,0.0,0.0,33.75,O,59.58,신뢰 (Normal),신뢰 상품 / Normal,낮음,2026-09-02 19:11:44
,"엘지전자,LG전자",16Z90U-KU7WK,O,75.07,72.29,0.0,76.59,O,74.28,매우 신뢰 (Normal),높은 신뢰 상품 / Credible,매우 낮음,2026-09-02 19:12:59
,삼성전자,DM970AGA-L71AR,O,64.14,0.0,0.0,33.75,O,59.58,신뢰 (Normal),신뢰 상품 / Normal,낮음,2026-09-02 19:14:06
,삼성전자,DM970AGA-L71A,O,64.14,0.0,0.0,33.75,O,59.58,신뢰 (Normal),신뢰 상품 / Normal,낮음,2026-09-02 19:15:12
,"엘지전자,LG전자",S834MEE111,O,59.13,58.21,0.0,0.0,O,49.84,신뢰 (Normal),신뢰 상품 / Normal,낮음,2026-09-02 19:15:57
,크로스오버,27QD166CM,O,0.0,0.0,0.0,0.0,X,0.0,워싱 의심 (Suspected),워싱 의심 상품 / Suspected,중간,2026-09-02 19:16:55
,삼성전자,S26,O,44.39,0.0,0.0,0.0,O,37.73,신뢰 (Normal),신뢰 상품 / Normal,낮음,2026-09-02 19:18:16
,삼성전자,WD90F25CHYN1,O,59.13,57.21,0.0,0.0,O,49.39,신뢰 (Normal),신뢰 상품 / Normal,낮음,2026-09-02 19:19:23
,삼성전자,DM970AGA-L51AR,O,64.14,0.0,0.0,33.75,O,59.58,신뢰 (Normal),신뢰 상품 / Normal,낮음,2026-09-02 19:20:30
,삼성전자,NT940XJG-K51A,O,76.47,67.01,0.0,76.59,O,72.95,매우 신뢰 (Normal),높은 신뢰 상품 / Credible,매우 낮음,2026-09-02 19:21:57
,삼성전자,VR90F01SAG,O,59.35,58.42,0.0,0.0,O,50.03,신뢰 (Normal),신뢰 상품 / Normal,낮음,2026-09-02 19:23:59
,"엘지전자,LG전자",OLED77C5FNA,O,70.95,70.89,0.0,77.5,O,71.91,매우 신뢰 (Normal),높은 신뢰 상품 / Credible,매우 낮음,2026-09-02 19:25:00
,삼성전자,DM970AGA-L51A,O,64.14,0.0,0.0,33.75,O,59.58,신뢰 (Normal),신뢰 상품 / Normal,낮음,2026-09-02 19:26:04
,삼성전자,RM70F90R2ZD,O,59.13,58.21,0.0,0.0,O,49.84,신뢰 (Normal),신뢰 상품 / Normal,낮음,2026-09-02 19:27:56
,"엘지전자,LG전자",AS356NSMA,O,0.0,56.36,0.0,0.0,O,47.91,신뢰 (Normal),신뢰 상품 / Normal,낮음,2026-09-02 19:28:43
,삼성전자,AP90H10198UDD,O,0.0,55.15,0.0,0.0,X,46.88,신뢰 (Normal),신뢰 상품 / Normal,낮음,2026-09-02 19:43:53
,"엘지전자,LG전자",FH25WA,O,59.13,57.21,0.0,0.0,O,49.39,신뢰 (Normal),신뢰 상품 / Normal,낮음,2026-09-02 19:44:56
,"엘지전자,LG전자",RH18WTSN,O,0.0,51.77,0.0,0.0,O,44.0,신뢰 (Normal),신뢰 상품 / Normal,낮음,2026-09-02 19:45:38
,삼성전자,WD90F25AHT,O,59.13,57.21,0.0,0.0,O,49.39,신뢰 (Normal),신뢰 상품 / Normal,낮음,2026-09-02 19:46:44
,"엘지전자,LG전자",16Z90U-KU7WK,O,75.07,72.29,0.0,76.59,O,74.28,매우 신뢰 (Normal),높은 신뢰 상품 / Credible,매우 낮음,2026-09-02 19:47:51
,"엘지전자,LG전자",S836MRQ112,O,59.13,58.21,0.0,0.0,O,49.84,신뢰 (Normal),신뢰 상품 / Normal,낮음,2026-09-02 19:48:36
,삼성전자,AP90H03193UGD,O,0.0,55.15,0.0,0.0,O,46.88,신뢰 (Normal),신뢰 상품 / Normal,낮음,2026-09-02 19:49:39
,삼성전자,DM970AGA-L51A,O,64.14,0.0,0.0,33.75,O,59.58,신뢰 (Normal),신뢰 상품 / Normal,낮음,2026-09-02 19:50:44
,삼성전자,DM970AGA-L51AG,O,64.14,0.0,0.0,33.75,O,59.58,신뢰 (Normal),신뢰 상품 / Normal,낮음,2026-09-02 19:51:48
,삼성전자 비스포크 키친핏 Max,RM70F63R2XJ,O,59.13,58.21,0.0,0.0,X,49.84,신뢰 (Normal),신뢰 상품 / Normal,낮음,2026-09-02 19:52:35
,삼성전자,VR90F01SAG,O,59.35,58.42,0.0,0.0,O,50.03,신뢰 (Normal),신뢰 상품 / Normal,낮음,2026-09-02 19:53:51
,"엘지전자,LG전자",WA2525GEHF,O,59.13,55.12,0.0,0.0,O,48.44,신뢰 (Normal),신뢰 상품 / Normal,낮음,2026-09-02 19:54:44
,"엘지전자,LG전자",S836MRQ112,O,59.13,58.21,0.0,0.0,O,49.84,신뢰 (Normal),신뢰 상품 / Normal,낮음,2026-09-02 19:55:27
,알파스캔,Q27G4S,O,0.0,0.0,0.0,0.0,X,0.0,워싱 의심 (Suspected),워싱 의심 상품 / Suspected,중간,2026-09-02 19:57:08
,알파스캔,Q27G42ZE,O,0.0,0.0,0.0,0.0,X,0.0,워싱 의심 (Suspected),워싱 의심 상품 / Suspected,중간,2026-09-02 19:58:02
,삼성전자,VR80F01SDG,O,56.87,55.95,0.0,0.0,O,47.92,신뢰 (Normal),신뢰 상품 / Normal,낮음,2026-09-02 19:59:10
,"엘지전자,LG전자",75QNED80BEA,O,71.04,70.89,0.0,77.5,O,71.95,매우 신뢰 (Normal),높은 신뢰 상품 / Credible,매우 낮음,2026-09-02 20:00:16
,삼성전자,DM970AGA-L51AR,O,64.14,0.0,0.0,33.75,O,59.58,신뢰 (Normal),신뢰 상품 / Normal,낮음,2026-09-02 20:01:21
,"엘지전자,LG전자",AI948WA,O,0.0,60.32,0.0,33.75,O,56.33,신뢰 (Normal),신뢰 상품 / Normal,낮음,2026-09-02 20:02:09
,알파스캔,Q27G40ZDF,O,0.0,0.0,0.0,0.0,X,0.0,워싱 의심 (Suspected),워싱 의심 상품 / Suspected,중간,2026-09-02 20:03:11
,삼성전자,AR60F07D11WS,O,59.42,62.26,0.0,0.0,O,51.79,신뢰 (Normal),신뢰 상품 / Normal,낮음,2026-09-02 20:04:12
,"엘지전자,LG전자",75QNED65ABA,O,70.96,70.89,0.0,77.5,O,71.91,매우 신뢰 (Normal),높은 신뢰 상품 / Credible,매우 낮음,2026-09-02 20:05:11
,"엘지전자,LG전자",16Z90U-KU7WK,O,75.07,72.29,0.0,76.59,O,74.28,매우 신뢰 (Normal),높은 신뢰 상품 / Credible,매우 낮음,2026-09-02 20:07:09
,주연테크,X24QF180,O,0.0,0.0,0.0,0.0,X,0.0,워싱 의심 (Suspected),워싱 의심 상품 / Suspected,중간,2026-09-02 20:08:03
,망고슬래브,ZH10040-19001B,O,0.0,0.0,0.0,0.0,X,0.0,워싱 의심 (Suspected),워싱 의심 상품 / Suspected,중간,2026-09-02 20:08:48
,삼성전자 비스포크 AI,CC80H63U1HS,O,0.0,0.0,0.0,0.0,X,0.0,AI 워싱 상품 (Washing),AI 워싱 상품 / Washing,높음,2026-09-02 20:09:27
,"엘지전자,LG전자",S656P003,O,59.13,58.21,0.0,0.0,O,49.84,신뢰 (Normal),신뢰 상품 / Normal,낮음,2026-09-02 20:10:13
,삼성전자,RM70F90R1ZD,O,59.13,58.21,0.0,0.0,O,49.84,신뢰 (Normal),신뢰 상품 / Normal,낮음,2026-09-02 20:11:17
,알파스캔,32Q50G,O,0.0,0.0,0.0,0.0,X,0.0,워싱 의심 (Suspected),워싱 의심 상품 / Suspected,중간,2026-09-02 20:12:17
,삼성전자,AW06C7155TWAZ,O,59.42,62.26,0.0,0.0,O,51.79,신뢰 (Normal),신뢰 상품 / Normal,낮음,2026-09-02 20:13:15
,"엘지전자,LG전자",16Z95U-GS5WK,O,71.72,71.57,0.0,70.36,O,71.46,매우 신뢰 (Normal),높은 신뢰 상품 / Credible,매우 낮음,2026-09-02 20:14:29
,삼성전자,DM970AGA-L71A,O,64.14,0.0,0.0,33.75,O,59.58,신뢰 (Normal),신뢰 상품 / Normal,낮음,2026-09-02 20:15:36
,삼성전자,DV17CB6600BW,O,59.13,55.12,0.0,0.0,O,48.44,신뢰 (Normal),신뢰 상품 / Normal,낮음,2026-09-02 20:16:43
,삼성전자,VR90F01SAG,O,59.35,58.42,0.0,0.0,O,50.03,신뢰 (Normal),신뢰 상품 / Normal,낮음,2026-09-02 20:18:00
,삼성전자,SEC-SMF766,O,56.35,0.0,0.0,0.0,O,47.9,신뢰 (Normal),신뢰 상품 / Normal,낮음,2026-09-02 20:19:15
,"엘지전자,LG전자",M616GBB0M1,O,59.13,58.21,0.0,0.0,O,49.84,신뢰 (Normal),신뢰 상품 / Normal,낮음,2026-09-02 20:20:04
,삼성전자,DV90T5540BV,O,0.0,51.77,0.0,0.0,O,44.0,신뢰 (Normal),신뢰 상품 / Normal,낮음,2026-09-02 20:21:11
,삼성전자,S11,O,54.08,0.0,0.0,0.0,O,45.97,신뢰 (Normal),신뢰 상품 / Normal,낮음,2026-09-02 20:22:17
,"엘지전자,LG전자",T875MEE011,O,59.13,58.21,0.0,0.0,O,49.84,신뢰 (Normal),신뢰 상품 / Normal,낮음,2026-09-02 20:23:01
,삼성전자,DV21DG8600BV,O,59.13,55.12,0.0,0.0,O,48.44,신뢰 (Normal),신뢰 상품 / Normal,낮음,2026-09-02 20:24:09
,삼성전자,VR80F01ADG,O,56.87,55.95,0.0,0.0,O,47.92,신뢰 (Normal),신뢰 상품 / Normal,낮음,2026-09-02 20:25:23
,"엘지전자,LG전자",FH25ESX,O,59.13,57.21,0.0,0.0,O,49.39,신뢰 (Normal),신뢰 상품 / Normal,낮음,2026-09-02 20:26:15
,삼성전자,DM970AGA-L51A,O,64.14,0.0,0.0,33.75,O,59.58,신뢰 (Normal),신뢰 상품 / Normal,낮음,2026-09-02 20:27:19
,알파스캔,27E40L,O,0.0,0.0,0.0,0.0,X,0.0,워싱 의심 (Suspected),워싱 의심 상품 / Suspected,중간,2026-09-02 20:28:17
,크로스오버,27QNA955,O,0.0,0.0,0.0,0.0,X,0.0,워싱 의심 (Suspected),워싱 의심 상품 / Suspected,중간,2026-09-02 20:29:11
,삼성전자,AW06C7155TWAZ,O,59.42,62.26,0.0,0.0,O,51.79,신뢰 (Normal),신뢰 상품 / Normal,낮음,2026-09-02 20:30:13
,알파스캔,Q27G4Z,O,0.0,0.0,0.0,0.0,X,0.0,워싱 의심 (Suspected),워싱 의심 상품 / Suspected,중간,2026-09-02 20:31:10
,"엘지전자,LG전자",OLED48C6KNA,O,71.0,70.89,0.0,77.5,O,71.93,매우 신뢰 (Normal),높은 신뢰 상품 / Credible,매우 낮음,2026-09-02 20:32:16
,삼성전자,WF25DG8650BV,O,67.37,60.17,0.0,33.75,O,59.6,신뢰 (Normal),신뢰 상품 / Normal,낮음,2026-09-02 20:34:02
,"엘지전자,LG전자",M876GBB131,O,59.13,58.21,0.0,0.0,O,49.84,신뢰 (Normal),신뢰 상품 / Normal,낮음,2026-09-02 20:34:50
,뉴스룸,CRH-TWS0610W,O,0.0,0.0,0.0,0.0,X,0.0,일반 상품 (Non-AI),AI 기능 주장 미확인 / Not Evaluated,판정 제외,2026-09-02 20:36:18
,"엘지전자,LG전자",75QNED80BEA,O,71.04,70.89,0.0,77.5,O,71.95,매우 신뢰 (Normal),높은 신뢰 상품 / Credible,매우 낮음,2026-09-02 20:37:23
,삼성전자,DM970AGA-L51A,O,64.14,0.0,0.0,33.75,O,59.58,신뢰 (Normal),신뢰 상품 / Normal,낮음,2026-09-02 20:38:30
,삼성전자,AR60F07D12WS,O,59.42,62.26,0.0,0.0,O,51.79,신뢰 (Normal),신뢰 상품 / Normal,낮음,2026-09-02 20:40:20
,알파스캔,AGP327UZD,O,0.0,0.0,0.0,0.0,X,0.0,워싱 의심 (Suspected),워싱 의심 상품 / Suspected,중간,2026-09-02 20:41:21
,"엘지전자,LG전자",FH25GSF,O,65.23,62.08,0.0,33.75,O,59.27,신뢰 (Normal),신뢰 상품 / Normal,낮음,2026-09-02 20:42:09
,삼성전자,S11,O,54.08,0.0,0.0,0.0,O,45.97,신뢰 (Normal),신뢰 상품 / Normal,낮음,2026-09-02 20:43:26
,삼성전자,DM970AGA-LC51G,O,64.14,0.0,0.0,33.75,O,59.58,신뢰 (Normal),신뢰 상품 / Normal,낮음,2026-09-02 20:44:35
,"엘지전자,LG전자",16Z90U-KU7BK,O,75.07,72.29,0.0,76.59,O,74.28,매우 신뢰 (Normal),높은 신뢰 상품 / Credible,매우 낮음,2026-09-02 20:45:49
,삼성전자,AP90H03193UGD,O,0.0,55.15,0.0,0.0,O,46.88,신뢰 (Normal),신뢰 상품 / Normal,낮음,2026-09-02 20:46:58
,"엘지전자,LG전자",FQ18GV3EA2,O,59.42,62.26,0.0,0.0,O,51.79,신뢰 (Normal),신뢰 상품 / Normal,낮음,2026-09-02 20:47:40
,삼성전자,DM970AGA-L51A,O,64.14,0.0,0.0,33.75,O,59.58,신뢰 (Normal),신뢰 상품 / Normal,낮음,2026-09-02 22:54:40
,"엘지전자,LG전자",OLED48C6KNA,O,71.0,70.89,0.0,77.5,O,71.93,매우 신뢰 (Normal),높은 신뢰 상품 / Credible,매우 낮음,2026-09-02 22:56:32
,삼성전자,WD80F25CHWN1,O,59.13,57.21,0.0,0.0,O,49.39,신뢰 (Normal),신뢰 상품 / Normal,낮음,2026-09-02 22:57:46
,삼성전자,A11,O,0.0,0.0,0.0,0.0,O,0.0,워싱 의심 (Suspected),워싱 의심 상품 / Suspected,중간,2026-09-02 22:58:54
,삼성전자 비스포크 키친핏 Max,RM70F64R1G,O,59.13,58.21,0.0,0.0,X,49.84,신뢰 (Normal),신뢰 상품 / Normal,낮음,2026-09-02 23:00:35
,"엘지전자,LG전자",75QNED65ABA,O,70.96,70.89,0.0,77.5,O,71.91,매우 신뢰 (Normal),높은 신뢰 상품 / Credible,매우 낮음,2026-09-02 23:01:38
,삼성전자,WD90H25AHSN1,O,59.13,57.21,0.0,0.0,O,49.39,신뢰 (Normal),신뢰 상품 / Normal,낮음,2026-09-02 23:02:52
,"엘지전자,LG전자",SQ06FA1WDS,O,59.13,58.21,0.0,0.0,O,49.84,신뢰 (Normal),신뢰 상품 / Normal,낮음,2026-09-02 23:03:39
,삼성전자,WH90F2520BBHT,O,59.13,55.12,0.0,0.0,O,48.44,신뢰 (Normal),신뢰 상품 / Normal,낮음,2026-09-02 23:04:51
,삼성전자,WF21DG6650BW,O,59.13,55.12,0.0,0.0,O,48.44,신뢰 (Normal),신뢰 상품 / Normal,낮음,2026-09-02 23:05:58
,"엘지전자,LG전자",75QNED65ABA,O,70.96,70.89,0.0,77.5,O,71.91,매우 신뢰 (Normal),높은 신뢰 상품 / Credible,매우 낮음,2026-09-02 23:07:04
,삼성전자,WF21DG6650BW,O,59.13,55.12,0.0,0.0,O,48.44,신뢰 (Normal),신뢰 상품 / Normal,낮음,2026-09-02 23:08:21
,삼성전자,RS70F65Q2Y,O,59.13,58.21,0.0,0.0,O,49.84,신뢰 (Normal),신뢰 상품 / Normal,낮음,2026-09-02 23:09:29
,"엘지전자,LG전자",AS335NSAC,O,0.0,56.36,0.0,0.0,O,47.91,신뢰 (Normal),신뢰 상품 / Normal,낮음,2026-09-02 23:10:16
,"엘지전자,LG전자",M616GBB0M1,O,0.0,0.0,0.0,0.0,O,0.0,워싱 의심 (Suspected),워싱 의심 상품 / Suspected,중간,2026-09-03 13:01:43
,삼성전자,S25,O,45.09,0.0,0.0,0.0,O,38.33,신뢰 (Normal),신뢰 상품 / Normal,낮음,2026-09-03 13:03:14
,삼성전자,VR90F01AAH,O,59.35,58.42,0.0,0.0,O,50.03,신뢰 (Normal),신뢰 상품 / Normal,낮음,2026-09-03 13:04:41
,삼성전자,S26,O,56.63,0.0,0.0,0.0,O,48.14,신뢰 (Normal),신뢰 상품 / Normal,낮음,2026-09-03 13:06:54
,"엘지전자,LG전자",AS185LGAA,O,0.0,56.36,0.0,0.0,O,47.91,신뢰 (Normal),신뢰 상품 / Normal,낮음,2026-09-03 13:07:40
,삼성전자,A17,O,54.08,0.0,0.0,0.0,O,45.97,신뢰 (Normal),신뢰 상품 / Normal,낮음,2026-09-03 13:09:04
,삼성전자,S26,O,56.63,0.0,0.0,0.0,O,48.14,신뢰 (Normal),신뢰 상품 / Normal,낮음,2026-09-03 13:10:29
,삼성전자,AF60F17D11BRS,O,59.42,62.26,0.0,0.0,O,51.79,신뢰 (Normal),신뢰 상품 / Normal,낮음,2026-09-03 13:12:25
,삼성전자,DM970AGA-LP72G,O,64.14,0.0,0.0,33.75,O,59.58,신뢰 (Normal),신뢰 상품 / Normal,낮음,2026-09-03 13:13:33
,삼성전자,S11,O,54.08,0.0,0.0,0.0,O,45.97,신뢰 (Normal),신뢰 상품 / Normal,낮음,2026-09-03 13:14:47
,삼성전자,DM970AGA-L71A,O,64.14,0.0,0.0,33.75,O,59.58,신뢰 (Normal),신뢰 상품 / Normal,낮음,2026-09-03 13:15:55
,삼성전자,S11,O,54.08,0.0,0.0,0.0,O,45.97,신뢰 (Normal),신뢰 상품 / Normal,낮음,2026-09-03 13:17:08
,삼성전자,DM970AGA-L51AG,O,64.14,0.0,0.0,33.75,O,59.58,신뢰 (Normal),신뢰 상품 / Normal,낮음,2026-09-03 13:18:18
,삼성전자,RM70F90M1ZD,O,59.13,58.21,0.0,0.0,O,49.84,신뢰 (Normal),신뢰 상품 / Normal,낮음,2026-09-03 13:19:22
,삼성전자,DM970AGA-L71A,O,64.14,0.0,0.0,33.75,O,59.58,신뢰 (Normal),신뢰 상품 / Normal,낮음,2026-09-03 13:20:31
,삼성전자,WD90F25CHWN1,O,59.13,57.21,0.0,0.0,O,49.39,신뢰 (Normal),신뢰 상품 / Normal,낮음,2026-09-03 13:21:41
,"엘지전자,LG전자",16Z90U-KU7BK,O,75.07,72.29,0.0,76.59,O,74.28,매우 신뢰 (Normal),높은 신뢰 상품 / Credible,매우 낮음,2026-09-03 13:22:55
,삼성전자,RS70F65Q2Y,O,59.13,58.21,0.0,0.0,O,49.84,신뢰 (Normal),신뢰 상품 / Normal,낮음,2026-09-03 13:23:53
,"엘지전자,LG전자",FH25WAF,O,59.13,57.21,0.0,0.0,O,49.39,신뢰 (Normal),신뢰 상품 / Normal,낮음,2026-09-03 13:24:45
,"엘지전자,LG전자",75QNED65ABA,O,70.96,70.89,0.0,77.5,O,71.91,매우 신뢰 (Normal),높은 신뢰 상품 / Credible,매우 낮음,2026-09-03 13:25:47
,삼성전자,WF2420HCVVC,O,59.13,55.12,0.0,0.0,O,48.44,신뢰 (Normal),신뢰 상품 / Normal,낮음,2026-09-03 13:26:55
,"엘지전자,LG전자",PQ08FDWBS,O,59.42,62.26,0.0,0.0,O,51.79,신뢰 (Normal),신뢰 상품 / Normal,낮음,2026-09-03 13:27:40
,삼성전자,RS84DG5002M9,O,59.13,58.21,0.0,0.0,O,49.84,신뢰 (Normal),신뢰 상품 / Normal,낮음,2026-09-03 13:28:43
,삼성전자,AR60F07D11WS,O,59.42,62.26,0.0,0.0,O,51.79,신뢰 (Normal),신뢰 상품 / Normal,낮음,2026-09-03 13:29:50
,삼성전자,RM70F90R2ZD,O,59.13,58.21,0.0,0.0,O,49.84,신뢰 (Normal),신뢰 상품 / Normal,낮음,2026-09-03 13:32:30
,"엘지전자,LG전자",FH25ESF,O,59.13,57.21,0.0,0.0,O,49.39,신뢰 (Normal),신뢰 상품 / Normal,낮음,2026-09-03 13:33:30
,삼성전자,AP90H03193EGD,O,0.0,55.15,0.0,0.0,O,46.88,신뢰 (Normal),신뢰 상품 / Normal,낮음,2026-09-03 13:34:39
,"엘지전자,LG전자",FX25EF,O,59.13,55.12,0.0,0.0,O,48.44,신뢰 (Normal),신뢰 상품 / Normal,낮음,2026-09-03 13:35:27
,"엘지전자,LG전자",16Z90TS-GU7WK,O,75.07,72.29,0.0,76.59,O,74.28,매우 신뢰 (Normal),높은 신뢰 상품 / Credible,매우 낮음,2026-09-03 13:36:38
,LG전자 통돌이,T19OZ0,O,0.0,55.12,0.0,0.0,X,46.85,신뢰 (Normal),신뢰 상품 / Normal,낮음,2026-09-03 13:37:30
,"엘지전자,LG전자",W21EGAM,O,59.13,55.12,0.0,0.0,O,48.44,신뢰 (Normal),신뢰 상품 / Normal,낮음,2026-09-03 13:38:25
,삼성전자,NT940XJG-K51A,O,76.47,67.01,0.0,76.59,O,72.95,매우 신뢰 (Normal),높은 신뢰 상품 / Credible,매우 낮음,2026-09-03 13:39:55
,"엘지전자,LG전자",FQ18GV3EA2,O,59.42,62.26,0.0,0.0,O,51.79,신뢰 (Normal),신뢰 상품 / Normal,낮음,2026-09-03 13:40:41
,삼성전자,DV21DG8600BE,O,59.13,58.21,0.0,0.0,O,49.84,신뢰 (Normal),신뢰 상품 / Normal,낮음,2026-09-03 13:41:44
,LG전자 그램북,16U55U-GS5HK,O,59.87,59.16,0.0,0.0,X,50.57,신뢰 (Normal),신뢰 상품 / Normal,낮음,2026-09-03 13:42:52
,삼성전자,AW06C7155TWAZ,O,59.42,62.26,0.0,0.0,O,51.79,신뢰 (Normal),신뢰 상품 / Normal,낮음,2026-09-03 13:43:55
,"엘지전자,LG전자",S656P003,O,59.13,58.21,0.0,0.0,O,49.84,신뢰 (Normal),신뢰 상품 / Normal,낮음,2026-09-03 13:44:38
,"엘지전자,LG전자",M876GBB232,O,59.13,58.21,0.0,0.0,O,49.84,신뢰 (Normal),신뢰 상품 / Normal,낮음,2026-09-03 13:45:30
,"엘지전자,LG전자",F21VDSKR,O,66.49,60.45,0.0,33.75,O,58.84,신뢰 (Normal),신뢰 상품 / Normal,낮음,2026-09-03 13:46:13
,삼성전자,WD90H25AHYN1,O,59.13,57.21,0.0,0.0,O,49.39,신뢰 (Normal),신뢰 상품 / Normal,낮음,2026-09-03 13:47:25
,"엘지전자,LG전자",75QNED65ABA,O,70.96,70.89,0.0,77.5,O,71.91,매우 신뢰 (Normal),높은 신뢰 상품 / Credible,매우 낮음,2026-09-03 13:48:41
,삼성전자,DM970AGA-LC51G,O,64.14,0.0,0.0,33.75,O,59.58,신뢰 (Normal),신뢰 상품 / Normal,낮음,2026-09-03 13:50:25
,"엘지전자,LG전자",OLED77C5FNA,O,70.95,70.89,0.0,77.5,O,71.91,매우 신뢰 (Normal),높은 신뢰 상품 / Credible,매우 낮음,2026-09-03 13:51:38
,"엘지전자,LG전자",75QNED65ABA,O,70.96,70.89,0.0,77.5,O,71.91,매우 신뢰 (Normal),높은 신뢰 상품 / Credible,매우 낮음,2026-09-03 13:52:49
,"엘지전자,LG전자",FX24ENER,O,59.13,55.12,0.0,0.0,O,48.44,신뢰 (Normal),신뢰 상품 / Normal,낮음,2026-09-03 13:54:39
,삼성전자,WD90F25CHY,O,59.13,57.21,0.0,0.0,O,49.39,신뢰 (Normal),신뢰 상품 / Normal,낮음,2026-09-03 13:56:09
,"엘지전자,LG전자",OLED77C5FNA,O,70.95,70.89,0.0,77.5,O,71.91,매우 신뢰 (Normal),높은 신뢰 상품 / Credible,매우 낮음,2026-09-03 13:58:20
,삼성전자,RM70F90M1ZD,O,59.13,58.21,0.0,0.0,O,49.84,신뢰 (Normal),신뢰 상품 / Normal,낮음,2026-09-03 13:59:55
,LG전자 트롬,F21WDSPR,O,0.0,55.12,0.0,0.0,X,46.85,신뢰 (Normal),신뢰 상품 / Normal,낮음,2026-09-03 14:00:48
,"엘지전자,LG전자",16Z90U-KU7BK,O,75.07,72.29,0.0,76.59,O,74.28,매우 신뢰 (Normal),높은 신뢰 상품 / Credible,매우 낮음,2026-09-03 14:03:00
,"엘지전자,LG전자",WA2525EEHF,O,59.13,55.12,0.0,0.0,O,48.44,신뢰 (Normal),신뢰 상품 / Normal,낮음,2026-09-03 14:04:01
,삼성전자 비스포크 AI,CC80H63G1HS,O,0.0,0.0,0.0,0.0,X,0.0,AI 워싱 상품 (Washing),AI 워싱 상품 / Washing,높음,2026-09-03 14:04:56
,삼성전자,WH90F2520GBHY,O,59.13,55.12,0.0,0.0,O,48.44,신뢰 (Normal),신뢰 상품 / Normal,낮음,2026-09-03 14:06:33
,삼성전자,DM970AGA-LC51G,O,64.14,0.0,0.0,33.75,O,59.58,신뢰 (Normal),신뢰 상품 / Normal,낮음,2026-09-03 14:08:04
,삼성전자,DM970AGA-LP72G,O,64.14,0.0,0.0,33.75,O,59.58,신뢰 (Normal),신뢰 상품 / Normal,낮음,2026-09-03 14:09:47
,뉴스룸,KSJ-SEB170,O,0.0,0.0,0.0,0.0,X,0.0,워싱 의심 (Suspected),워싱 의심 상품 / Suspected,중간,2026-09-03 14:11:20
,삼성전자,DV20CB8890BE,O,59.13,55.12,0.0,0.0,O,48.44,신뢰 (Normal),신뢰 상품 / Normal,낮음,2026-09-03 14:13:53
,삼성전자,VR90F01AAG,O,59.35,58.42,0.0,0.0,O,50.03,신뢰 (Normal),신뢰 상품 / Normal,낮음,2026-09-03 14:15:32
,삼성전자,AF60F17D11BRS,O,59.42,62.26,0.0,0.0,O,51.79,신뢰 (Normal),신뢰 상품 / Normal,낮음,2026-09-03 14:16:57
,"엘지전자,LG전자",W21WAM,O,59.13,55.12,0.0,0.0,O,48.44,신뢰 (Normal),신뢰 상품 / Normal,낮음,2026-09-03 14:18:18
,"엘지전자,LG전자",16Z90TS-GU7WK,O,73.4,64.64,0.0,33.75,O,64.01,신뢰 (Normal),신뢰 상품 / Normal,낮음,2026-09-03 14:19:56
,삼성전자,S26,O,44.39,0.0,0.0,0.0,O,37.73,신뢰 (Normal),신뢰 상품 / Normal,낮음,2026-09-03 14:21:34
,삼성전자,AR60F07D12WS,O,59.42,62.26,0.0,0.0,O,51.79,신뢰 (Normal),신뢰 상품 / Normal,낮음,2026-09-03 14:23:01
,삼성전자,DM970AGA-L51AR,O,64.14,0.0,0.0,33.75,O,59.58,신뢰 (Normal),신뢰 상품 / Normal,낮음,2026-09-03 14:24:29
,삼성전자,DM970AGA-L51AG,O,64.14,0.0,0.0,33.75,O,59.58,신뢰 (Normal),신뢰 상품 / Normal,낮음,2026-09-03 14:25:58
,삼성전자,WD90H25AHT,O,59.13,57.21,0.0,0.0,O,49.39,신뢰 (Normal),신뢰 상품 / Normal,낮음,2026-09-03 14:27:37
,"엘지전자,LG전자",75QNED65ABA,O,70.96,62.63,0.0,33.75,O,61.8,신뢰 (Normal),신뢰 상품 / Normal,낮음,2026-09-03 14:29:08
,삼성전자,DM970AGA-L51A,O,64.14,0.0,0.0,33.75,O,59.58,신뢰 (Normal),신뢰 상품 / Normal,낮음,2026-09-03 14:30:47
,"엘지전자,LG전자",FH25GS,O,68.25,62.26,0.0,33.75,O,60.81,신뢰 (Normal),신뢰 상품 / Normal,낮음,2026-09-03 14:31:51
,"엘지전자,LG전자",16Z95U-GS5WK,O,71.72,71.57,0.0,70.36,O,71.46,매우 신뢰 (Normal),높은 신뢰 상품 / Credible,매우 낮음,2026-09-03 14:33:19
,삼성전자,DM970AGA-L51A,O,64.14,0.0,0.0,33.75,O,59.58,신뢰 (Normal),신뢰 상품 / Normal,낮음,2026-09-03 14:35:00
,"엘지전자,LG전자",16Z95U-GS5WK,O,71.72,71.57,0.0,70.36,O,71.46,매우 신뢰 (Normal),높은 신뢰 상품 / Credible,매우 낮음,2026-09-03 14:37:20
,쿠쿠전자,CIR-JS301FW,O,51.77,0.0,0.0,0.0,X,44.0,신뢰 (Normal),신뢰 상품 / Normal,낮음,2026-09-03 14:38:16
,삼성전자,WD90H25BHWN1,O,59.13,57.21,0.0,0.0,O,49.39,신뢰 (Normal),신뢰 상품 / Normal,낮음,2026-09-03 14:39:52
,"엘지전자,LG전자",WA2525EGHF,O,59.13,55.12,0.0,0.0,O,48.44,신뢰 (Normal),신뢰 상품 / Normal,낮음,2026-09-03 14:40:59
,쿠쿠전자,CRVC-BAC1010TNW,O,0.0,0.0,0.0,0.0,X,0.0,워싱 의심 (Suspected),워싱 의심 상품 / Suspected,중간,2026-09-03 14:42:13
,삼성전자,S26,O,45.09,0.0,0.0,0.0,O,38.33,신뢰 (Normal),신뢰 상품 / Normal,낮음,2026-09-03 14:44:05
,삼성전자,WD80H25BHW,O,0.0,0.0,0.0,0.0,X,0.0,워싱 의심 (Suspected),워싱 의심 상품 / Suspected,중간,2026-09-03 15:02:05
,삼성전자,DM970AGA-L71AR,O,64.14,0.0,0.0,33.75,O,59.58,신뢰 (Normal),신뢰 상품 / Normal,낮음,2026-09-03 18:50:33
,LG전자 그램북,16U55U-GS5HK,O,59.87,59.16,0.0,0.0,X,50.57,신뢰 (Normal),신뢰 상품 / Normal,낮음,2026-09-03 18:51:40
,"엘지전자,LG전자",16Z90TS-GU7WK,O,75.07,72.29,0.0,76.59,O,74.28,매우 신뢰 (Normal),높은 신뢰 상품 / Credible,매우 낮음,2026-09-03 18:52:53
,삼성전자,DM970AGA-LC51G,O,64.14,0.0,0.0,33.75,O,59.58,신뢰 (Normal),신뢰 상품 / Normal,낮음,2026-09-03 18:54:11
,삼성전자,DM970AGA-L51AG,O,64.14,0.0,0.0,33.75,O,59.58,신뢰 (Normal),신뢰 상품 / Normal,낮음,2026-09-03 18:55:28
,"엘지전자,LG전자",AS356NSMA,O,0.0,56.36,0.0,0.0,O,47.91,신뢰 (Normal),신뢰 상품 / Normal,낮음,2026-09-03 18:56:17
,삼성전자,S11,O,54.08,0.0,0.0,0.0,O,45.97,신뢰 (Normal),신뢰 상품 / Normal,낮음,2026-09-03 18:57:37
,삼성전자,DM970AGA-L51A,O,64.14,0.0,0.0,33.75,O,59.58,신뢰 (Normal),신뢰 상품 / Normal,낮음,2026-09-03 18:58:56
,삼성전자,CC80H63U1HS,O,0.0,0.0,0.0,0.0,O,0.0,AI 워싱 상품 (Washing),AI 워싱 상품 / Washing,높음,2026-09-03 18:59:07
,"엘지전자,LG전자",T875MEE111,O,59.13,58.21,0.0,0.0,O,49.84,신뢰 (Normal),신뢰 상품 / Normal,낮음,2026-09-03 18:59:51
,삼성전자,RM70F90R1ZD,O,59.13,58.21,0.0,0.0,O,49.84,신뢰 (Normal),신뢰 상품 / Normal,낮음,2026-09-03 19:01:49
,삼성전자,AW06C7155EWAZ,O,59.42,62.26,0.0,0.0,O,51.79,신뢰 (Normal),신뢰 상품 / Normal,낮음,2026-09-03 19:04:34
,삼성전자 비스포크 키친핏 Max,RM70F63R2XJ,O,59.13,58.21,0.0,0.0,X,49.84,신뢰 (Normal),신뢰 상품 / Normal,낮음,2026-09-03 19:05:24
,삼성전자,VR80F01ADG,O,56.87,55.95,0.0,0.0,O,47.92,신뢰 (Normal),신뢰 상품 / Normal,낮음,2026-09-03 19:06:44
,삼성전자,DM970AGA-LC51G,O,64.14,0.0,0.0,33.75,O,59.58,신뢰 (Normal),신뢰 상품 / Normal,낮음,2026-09-03 19:08:05
,"엘지전자,LG전자",M876GBB231,O,59.13,58.21,0.0,0.0,O,49.84,신뢰 (Normal),신뢰 상품 / Normal,낮음,2026-09-03 19:08:59
,삼성전자,S11,O,54.08,0.0,0.0,0.0,O,45.97,신뢰 (Normal),신뢰 상품 / Normal,낮음,2026-09-03 19:10:21
,뉴스룸,15-FC1061AU,O,0.0,0.0,0.0,0.0,X,0.0,일반 상품 (Non-AI),AI 기능 주장 미확인 / Not Evaluated,판정 제외,2026-09-03 19:11:52
,삼성전자,WD90H25AHY,O,59.13,57.21,0.0,0.0,O,49.39,신뢰 (Normal),신뢰 상품 / Normal,낮음,2026-09-03 19:13:20
,삼성전자,DM970AGA-L71AR,O,64.14,0.0,0.0,33.75,O,59.58,신뢰 (Normal),신뢰 상품 / Normal,낮음,2026-09-03 19:14:42
,"엘지전자,LG전자",T17DX3A,O,0.0,55.12,0.0,0.0,O,46.85,신뢰 (Normal),신뢰 상품 / Normal,낮음,2026-09-03 19:15:39
,삼성전자,VR90F01AAG,O,59.35,58.42,0.0,0.0,O,50.03,신뢰 (Normal),신뢰 상품 / Normal,낮음,2026-09-03 19:17:56
,삼성전자,WA80F19SKC,O,0.0,55.12,0.0,0.0,O,46.85,신뢰 (Normal),신뢰 상품 / Normal,낮음,2026-09-03 19:19:22
,삼성전자,SEC-SMF966,O,59.04,0.0,0.0,0.0,O,50.18,신뢰 (Normal),신뢰 상품 / Normal,낮음,2026-09-03 19:21:07
,삼성전자,AW06C7155EWAZ,O,59.42,62.26,0.0,0.0,O,51.79,신뢰 (Normal),신뢰 상품 / Normal,낮음,2026-09-03 19:22:25
,"엘지전자,LG전자",M876GBB232,O,59.13,58.21,0.0,0.0,O,49.84,신뢰 (Normal),신뢰 상품 / Normal,낮음,2026-09-03 19:23:17
,삼성전자,WD90H25BHW,O,59.13,57.21,0.0,0.0,O,49.39,신뢰 (Normal),신뢰 상품 / Normal,낮음,2026-09-03 19:25:28
,삼성전자,AW06C7155TWAZ,O,59.42,62.26,0.0,0.0,O,51.79,신뢰 (Normal),신뢰 상품 / Normal,낮음,2026-09-03 19:27:33
,삼성전자,VR90F01AAH,O,59.35,58.42,0.0,0.0,O,50.03,신뢰 (Normal),신뢰 상품 / Normal,낮음,2026-09-03 19:29:04
,"엘지전자,LG전자",16Z90TS-GU7WK,O,75.07,72.29,0.0,76.59,O,74.28,매우 신뢰 (Normal),높은 신뢰 상품 / Credible,매우 낮음,2026-09-03 19:30:23
,"엘지전자,LG전자",FQ18GV6EE2,O,59.42,62.96,0.0,33.75,O,57.05,신뢰 (Normal),신뢰 상품 / Normal,낮음,2026-09-03 19:31:15
,"엘지전자,LG전자",OLED65G6KNA,O,70.98,70.89,0.0,77.5,O,71.92,매우 신뢰 (Normal),높은 신뢰 상품 / Credible,매우 낮음,2026-09-03 19:32:28
,"엘지전자,LG전자",S834MEE111,O,59.13,58.21,0.0,0.0,O,49.84,신뢰 (Normal),신뢰 상품 / Normal,낮음,2026-09-03 19:33:17
,"엘지전자,LG전자",T873MEE111,O,59.13,58.21,0.0,0.0,O,49.84,신뢰 (Normal),신뢰 상품 / Normal,낮음,2026-09-03 19:34:07
,"엘지전자,LG전자",16Z95U-GS5WK,O,71.72,71.57,0.0,70.36,O,71.46,매우 신뢰 (Normal),높은 신뢰 상품 / Credible,매우 낮음,2026-09-03 19:35:21
,삼성전자,AR60F07D12WS,O,59.42,62.26,0.0,0.0,O,51.79,신뢰 (Normal),신뢰 상품 / Normal,낮음,2026-09-03 19:36:47
,"엘지전자,LG전자",RD25ES,O,59.13,58.21,0.0,0.0,O,49.84,신뢰 (Normal),신뢰 상품 / Normal,낮음,2026-09-03 19:37:38
,삼성전자,S10,O,54.08,0.0,0.0,0.0,O,45.97,신뢰 (Normal),신뢰 상품 / Normal,낮음,2026-09-03 19:39:07
,삼성전자,WD80F25CHY,O,59.13,57.21,0.0,0.0,O,49.39,신뢰 (Normal),신뢰 상품 / Normal,낮음,2026-09-03 19:40:36
,삼성전자,WD80F25CHW,O,59.13,57.21,0.0,0.0,O,49.39,신뢰 (Normal),신뢰 상품 / Normal,낮음,2026-09-03 19:42:00
,"엘지전자,LG전자",16Z95U-GS5WK,O,71.72,71.57,0.0,70.36,O,71.46,매우 신뢰 (Normal),높은 신뢰 상품 / Credible,매우 낮음,2026-09-03 19:43:15
,삼성전자,WD80F25CHYN1,O,59.13,57.21,0.0,0.0,O,49.39,신뢰 (Normal),신뢰 상품 / Normal,낮음,2026-09-03 19:44:41
,"엘지전자,LG전자",T875MEE011,O,59.13,58.21,0.0,0.0,O,49.84,신뢰 (Normal),신뢰 상품 / Normal,낮음,2026-09-03 19:45:30
,LG전자 그램북,16U55U-GS5HK,O,59.87,59.16,0.0,0.0,X,50.57,신뢰 (Normal),신뢰 상품 / Normal,낮음,2026-09-03 19:46:38
,LG전자 통돌이,T19MX8A,O,0.0,55.12,0.0,0.0,X,46.85,신뢰 (Normal),신뢰 상품 / Normal,낮음,2026-09-03 19:47:31
,삼성전자,VR80F01SDG,O,56.87,55.95,0.0,0.0,O,47.92,신뢰 (Normal),신뢰 상품 / Normal,낮음,2026-09-03 19:49:04
,"엘지전자,LG전자",16Z90TS-GU7WK,O,75.07,72.29,0.0,76.59,O,74.28,매우 신뢰 (Normal),높은 신뢰 상품 / Credible,매우 낮음,2026-09-03 19:50:19
,삼성전자,DM970AGA-L51A,O,64.14,0.0,0.0,33.75,O,59.58,신뢰 (Normal),신뢰 상품 / Normal,낮음,2026-09-03 19:52:34
,삼성전자,DM970AGA-L51AG,O,64.14,0.0,0.0,33.75,O,59.58,신뢰 (Normal),신뢰 상품 / Normal,낮음,2026-09-03 19:53:57
,삼성전자,WD90F25AHSN1,O,59.13,57.21,0.0,0.0,O,49.39,신뢰 (Normal),신뢰 상품 / Normal,낮음,2026-09-03 19:55:25
,"엘지전자,LG전자",OLED65G6KNA,O,70.98,70.89,0.0,77.5,O,71.92,매우 신뢰 (Normal),높은 신뢰 상품 / Credible,매우 낮음,2026-09-03 19:56:35
,삼성전자,AR60F07D12WS,O,59.42,62.26,0.0,0.0,O,51.79,신뢰 (Normal),신뢰 상품 / Normal,낮음,2026-09-03 19:58:40
,삼성전자,DM970AGA-LP72G,O,64.14,0.0,0.0,33.75,O,59.58,신뢰 (Normal),신뢰 상품 / Normal,낮음,2026-09-03 20:00:08
,삼성전자,DM970AGA-LC51G,O,64.14,0.0,0.0,33.75,O,59.58,신뢰 (Normal),신뢰 상품 / Normal,낮음,2026-09-03 20:01:24
,삼성전자 비스포크 AI,CC80H63E1HS,O,0.0,0.0,0.0,0.0,X,0.0,AI 워싱 상품 (Washing),AI 워싱 상품 / Washing,높음,2026-09-03 20:02:07
,삼성전자,DM970AGA-L51A,O,64.14,0.0,0.0,33.75,O,59.58,신뢰 (Normal),신뢰 상품 / Normal,낮음,2026-09-03 20:04:06
,삼성전자,S25,O,45.09,0.0,0.0,0.0,O,38.33,신뢰 (Normal),신뢰 상품 / Normal,낮음,2026-09-03 20:05:29
,삼성전자,RS84DB5002CW,O,59.13,58.21,0.0,0.0,O,49.84,신뢰 (Normal),신뢰 상품 / Normal,낮음,2026-09-03 20:06:38
,"엘지전자,LG전자",B94AHB,O,56.87,55.95,0.0,0.0,O,47.92,신뢰 (Normal),신뢰 상품 / Normal,낮음,2026-09-03 20:08:35
,삼성전자,DM970AGA-L51A,O,64.14,0.0,0.0,33.75,O,59.58,신뢰 (Normal),신뢰 상품 / Normal,낮음,2026-09-03 20:09:48
,삼성전자,AP90H03193EGD,O,0.0,55.15,0.0,0.0,O,46.88,신뢰 (Normal),신뢰 상품 / Normal,낮음,2026-09-03 20:10:59
,"엘지전자,LG전자",W2520WHM,O,59.13,55.12,0.0,0.0,O,48.44,신뢰 (Normal),신뢰 상품 / Normal,낮음,2026-09-03 20:11:51
,"엘지전자,LG전자",FH25WAKX,O,59.13,57.21,0.0,0.0,O,49.39,신뢰 (Normal),신뢰 상품 / Normal,낮음,2026-09-03 20:12:42
,LG전자 통돌이,T21MX9A,O,0.0,55.12,0.0,0.0,X,46.85,신뢰 (Normal),신뢰 상품 / Normal,낮음,2026-09-03 20:13:38
,삼성전자,SEC-SMF966,O,59.04,0.0,0.0,0.0,O,50.18,신뢰 (Normal),신뢰 상품 / Normal,낮음,2026-09-03 20:15:17
,"엘지전자,LG전자",75QNED65ABA,O,70.96,70.89,0.0,77.5,O,71.91,매우 신뢰 (Normal),높은 신뢰 상품 / Credible,매우 낮음,2026-09-03 20:16:19
,삼성전자,VR80F01SDG,O,56.87,55.95,0.0,0.0,O,47.92,신뢰 (Normal),신뢰 상품 / Normal,낮음,2026-09-03 20:17:36
,삼성전자,SEC-SMF766,O,56.35,0.0,0.0,0.0,O,47.9,신뢰 (Normal),신뢰 상품 / Normal,낮음,2026-09-03 20:19:06
,"엘지전자,LG전자",AS185LGAA,O,0.0,56.36,0.0,0.0,O,47.91,신뢰 (Normal),신뢰 상품 / Normal,낮음,2026-09-03 20:19:53
,삼성전자,AW06C7155EWAZ,O,59.42,62.26,0.0,0.0,O,51.79,신뢰 (Normal),신뢰 상품 / Normal,낮음,2026-09-03 20:21:02
,삼성전자,AX033DB900UGD,O,0.0,55.15,0.0,0.0,O,46.88,신뢰 (Normal),신뢰 상품 / Normal,낮음,2026-09-03 20:22:11
,"엘지전자,LG전자",75QNED65ABA,O,70.96,70.89,0.0,77.5,O,71.91,매우 신뢰 (Normal),높은 신뢰 상품 / Credible,매우 낮음,2026-09-03 20:23:21
,삼성전자,VR90F01AAH,O,59.35,58.42,0.0,0.0,O,50.03,신뢰 (Normal),신뢰 상품 / Normal,낮음,2026-09-03 20:24:42
,삼성전자,DM970AGA-LC71G,O,64.14,0.0,0.0,33.75,O,59.58,신뢰 (Normal),신뢰 상품 / Normal,낮음,2026-09-03 20:26:03
,"엘지전자,LG전자",AS336NSLC,O,0.0,56.36,0.0,0.0,O,47.91,신뢰 (Normal),신뢰 상품 / Normal,낮음,2026-09-03 20:26:51
,삼성전자,VR90F01AAG,O,59.35,58.42,0.0,0.0,O,50.03,신뢰 (Normal),신뢰 상품 / Normal,낮음,2026-09-03 20:29:00
,삼성전자,DM970AGA-LC51G,O,64.14,0.0,0.0,33.75,O,59.58,신뢰 (Normal),신뢰 상품 / Normal,낮음,2026-09-03 20:30:13
,"엘지전자,LG전자",FH25WAX,O,59.13,57.21,0.0,0.0,O,49.39,신뢰 (Normal),신뢰 상품 / Normal,낮음,2026-09-03 20:31:05
,삼성전자,WF21CB6650BW,O,64.12,59.95,0.0,33.75,O,57.91,신뢰 (Normal),신뢰 상품 / Normal,낮음,2026-09-03 21:10:05
,삼성전자,WD80H25BHWN1,O,63.78,61.01,0.0,33.75,O,58.2,신뢰 (Normal),신뢰 상품 / Normal,낮음,2026-09-03 21:11:18
,"엘지전자,LG전자",OLED77C5FNA,O,70.95,70.89,0.0,77.5,O,71.91,매우 신뢰 (Normal),높은 신뢰 상품 / Credible,매우 낮음,2026-09-03 21:12:30
,"엘지전자,LG전자",T19OZ0,O,72.72,59.37,0.0,33.75,O,61.02,신뢰 (Normal),신뢰 상품 / Normal,낮음,2026-09-03 21:13:20
,"엘지전자,LG전자",75QNED65ABA,O,70.96,70.89,0.0,77.5,O,71.91,매우 신뢰 (Normal),높은 신뢰 상품 / Credible,매우 낮음,2026-09-03 21:14:19
,삼성전자,CC80H63E1HS,O,0.0,0.0,0.0,0.0,O,0.0,AI 워싱 상품 (Washing),AI 워싱 상품 / Washing,높음,2026-09-03 21:15:24
,삼성전자,VR80F01ADG,O,56.87,55.95,0.0,0.0,O,47.92,신뢰 (Normal),신뢰 상품 / Normal,낮음,2026-09-03 21:16:39
,"엘지전자,LG전자",WA2525GEHF,O,64.38,55.12,0.0,33.75,O,56.17,신뢰 (Normal),신뢰 상품 / Normal,낮음,2026-09-03 21:17:34
,"엘지전자,LG전자",75QNED65ABA,O,70.96,70.89,0.0,77.5,O,71.91,매우 신뢰 (Normal),높은 신뢰 상품 / Credible,매우 낮음,2026-09-03 21:18:36
,"엘지전자,LG전자",16U55U-GS5HK,O,71.72,70.51,0.0,70.36,O,71.08,매우 신뢰 (Normal),높은 신뢰 상품 / Credible,매우 낮음,2026-09-03 21:19:40
,"엘지전자,LG전자",75QNED65ABA,O,70.96,70.89,0.0,77.5,O,71.91,매우 신뢰 (Normal),높은 신뢰 상품 / Credible,매우 낮음,2026-09-03 21:20:38
,삼성전자,RM70F63R2XJ,O,59.13,58.21,0.0,0.0,O,49.84,신뢰 (Normal),신뢰 상품 / Normal,낮음,2026-09-03 21:21:49
,"엘지전자,LG전자",RD25ES,O,59.13,58.21,0.0,0.0,O,49.84,신뢰 (Normal),신뢰 상품 / Normal,낮음,2026-09-03 21:22:40
,"엘지전자,LG전자",FQ18GV6EE2,O,59.42,62.96,0.0,33.75,O,57.05,신뢰 (Normal),신뢰 상품 / Normal,낮음,2026-09-03 21:23:25
,"엘지전자,LG전자",FQ18GV3EA2,O,59.42,62.26,0.0,0.0,O,51.79,신뢰 (Normal),신뢰 상품 / Normal,낮음,2026-09-03 21:24:10
,삼성전자,VS28D950ACB,O,62.49,55.54,0.0,33.75,O,54.84,신뢰 (Normal),신뢰 상품 / Normal,낮음,2026-09-03 21:25:18
,"엘지전자,LG전자",W21EGAM,O,59.13,55.12,0.0,0.0,O,48.44,신뢰 (Normal),신뢰 상품 / Normal,낮음,2026-09-03 21:26:43
,삼성전자,CC80H63G1HS,O,0.0,0.0,0.0,0.0,O,0.0,AI 워싱 상품 (Washing),AI 워싱 상품 / Washing,높음,2026-09-03 21:27:50
,"엘지전자,LG전자",75QNED80BEA,O,71.04,70.89,0.0,77.5,O,71.95,매우 신뢰 (Normal),높은 신뢰 상품 / Credible,매우 낮음,2026-09-03 21:28:54
,"엘지전자,LG전자",OLED77C5FNA,O,70.95,70.89,0.0,77.5,O,71.91,매우 신뢰 (Normal),높은 신뢰 상품 / Credible,매우 낮음,2026-09-03 21:29:55
,"엘지전자,LG전자",75QNED80BEA,O,71.04,70.89,0.0,77.5,O,71.95,매우 신뢰 (Normal),높은 신뢰 상품 / Credible,매우 낮음,2026-09-03 21:31:00
,"엘지전자,LG전자",OLED65G6KNA,O,70.98,70.89,0.0,77.5,O,71.92,매우 신뢰 (Normal),높은 신뢰 상품 / Credible,매우 낮음,2026-09-03 21:32:05
,"엘지전자,LG전자",75QNED65ABA,O,70.96,70.89,0.0,77.5,O,71.91,매우 신뢰 (Normal),높은 신뢰 상품 / Credible,매우 낮음,2026-09-03 21:33:03
,"엘지전자,LG전자",M876GBB131,O,59.13,58.21,0.0,0.0,O,49.84,신뢰 (Normal),신뢰 상품 / Normal,낮음,2026-09-03 21:33:55
,"엘지전자,LG전자",WA2525EEHF,O,64.38,55.12,0.0,33.75,O,56.17,신뢰 (Normal),신뢰 상품 / Normal,낮음,2026-09-03 21:34:49
,삼성전자,WD90H25AHS,O,59.13,57.21,0.0,0.0,O,49.39,신뢰 (Normal),신뢰 상품 / Normal,낮음,2026-09-03 21:36:04
,"엘지전자,LG전자",OLED77C5FNA,O,70.95,70.89,0.0,77.5,O,71.91,매우 신뢰 (Normal),높은 신뢰 상품 / Credible,매우 낮음,2026-09-03 21:37:08
,삼성전자,DV90T5540BV,O,66.1,57.15,0.0,33.75,O,57.19,신뢰 (Normal),신뢰 상품 / Normal,낮음,2026-09-03 21:38:16
,"엘지전자,LG전자",AI948WA,O,0.0,60.32,0.0,33.75,O,56.33,신뢰 (Normal),신뢰 상품 / Normal,낮음,2026-09-03 21:39:50
,"엘지전자,LG전자",75QNED65ABA,O,70.96,70.89,0.0,77.5,O,71.91,매우 신뢰 (Normal),높은 신뢰 상품 / Credible,매우 낮음,2026-09-03 21:40:53
,삼성전자,RM70F63R2XJ,O,59.13,58.21,0.0,0.0,O,49.84,신뢰 (Normal),신뢰 상품 / Normal,낮음,2026-09-03 21:42:00
,"엘지전자,LG전자",OLED77C5FNA,O,70.95,70.89,0.0,77.5,O,71.91,매우 신뢰 (Normal),높은 신뢰 상품 / Credible,매우 낮음,2026-09-03 21:43:02
,"엘지전자,LG전자",W20WD,O,66.61,59.33,0.0,33.75,O,58.97,신뢰 (Normal),신뢰 상품 / Normal,낮음,2026-09-03 21:44:02
,삼성전자,DM970AGA-L51AG,O,64.14,0.0,0.0,33.75,O,59.58,신뢰 (Normal),신뢰 상품 / Normal,낮음,2026-09-03 21:45:12
,삼성전자,AF60F17D11BRS,O,59.42,62.26,0.0,0.0,O,51.79,신뢰 (Normal),신뢰 상품 / Normal,낮음,2026-09-03 21:46:33
,삼성전자,RM70F64R1G,O,59.13,58.21,0.0,0.0,O,49.84,신뢰 (Normal),신뢰 상품 / Normal,낮음,2026-09-03 21:47:49
,"엘지전자,LG전자",16U55U-GS5HK,O,71.72,70.51,0.0,70.36,O,71.08,매우 신뢰 (Normal),높은 신뢰 상품 / Credible,매우 낮음,2026-09-03 21:48:55
,"엘지전자,LG전자",SQ06FA1WDS,O,59.13,58.21,0.0,0.0,O,49.84,신뢰 (Normal),신뢰 상품 / Normal,낮음,2026-09-03 21:49:40
,쿠쿠전자,CIR-JS301FW,O,51.77,0.0,0.0,0.0,X,44.0,신뢰 (Normal),신뢰 상품 / Normal,낮음,2026-09-03 21:50:20
,"엘지전자,LG전자",FX24ENER,O,59.13,55.12,0.0,0.0,O,48.44,신뢰 (Normal),신뢰 상품 / Normal,낮음,2026-09-03 21:51:13
,"엘지전자,LG전자",RG20WN,O,59.13,58.21,0.0,0.0,O,49.84,신뢰 (Normal),신뢰 상품 / Normal,낮음,2026-09-03 21:52:19
,"엘지전자,LG전자",F21WDSPR,O,0.0,55.12,0.0,0.0,O,46.85,신뢰 (Normal),신뢰 상품 / Normal,낮음,2026-09-03 21:53:03
,삼성전자,WH90F2520GBHY,O,59.13,55.12,0.0,0.0,O,48.44,신뢰 (Normal),신뢰 상품 / Normal,낮음,2026-09-03 21:54:15
,"엘지전자,LG전자",W21WAM,O,59.13,55.12,0.0,0.0,O,48.44,신뢰 (Normal),신뢰 상품 / Normal,낮음,2026-09-03 21:55:27
,"엘지전자,LG전자",OLED48C6KNA,O,71.0,70.89,0.0,77.5,O,71.93,매우 신뢰 (Normal),높은 신뢰 상품 / Credible,매우 낮음,2026-09-03 21:56:33
,삼성전자,WF2522HDEEE,O,59.13,55.12,0.0,0.0,O,48.44,신뢰 (Normal),신뢰 상품 / Normal,낮음,2026-09-03 21:57:54
,삼성전자,DV21DG8600BE,O,62.8,58.21,0.0,33.75,O,56.65,신뢰 (Normal),신뢰 상품 / Normal,낮음,2026-09-03 21:59:10
,삼성전자,DW80H73Y1UZ,O,0.0,0.0,0.0,0.0,O,0.0,워싱 의심 (Suspected),워싱 의심 상품 / Suspected,중간,2026-09-03 22:00:31
,"엘지전자,LG전자",WA2525EGHF,O,64.38,55.12,0.0,33.75,O,56.17,신뢰 (Normal),신뢰 상품 / Normal,낮음,2026-09-03 22:01:26
,"엘지전자,LG전자",16U55U-GS5HK,O,71.72,70.51,0.0,70.36,O,71.08,매우 신뢰 (Normal),높은 신뢰 상품 / Credible,매우 낮음,2026-09-03 22:02:31
,"엘지전자,LG전자",T19MX8A,O,66.79,60.33,0.0,33.75,O,58.87,신뢰 (Normal),신뢰 상품 / Normal,낮음,2026-09-03 22:03:20
,삼성전자,WF2420HCVVC,O,59.13,55.12,0.0,0.0,O,48.44,신뢰 (Normal),신뢰 상품 / Normal,낮음,2026-09-03 22:04:52
,"엘지전자,LG전자",75QNED65ABA,O,70.96,70.89,0.0,77.5,O,71.91,매우 신뢰 (Normal),높은 신뢰 상품 / Credible,매우 낮음,2026-09-03 22:05:51
,삼성전자,DV21DG8600BV,O,62.8,55.12,0.0,33.75,O,55.45,신뢰 (Normal),신뢰 상품 / Normal,낮음,2026-09-03 22:07:12
,"엘지전자,LG전자",RH18WTSN,O,0.0,51.77,0.0,0.0,O,44.0,신뢰 (Normal),신뢰 상품 / Normal,낮음,2026-09-03 22:09:35
,"엘지전자,LG전자",75QNED65ABA,O,70.96,70.89,0.0,77.5,O,71.91,매우 신뢰 (Normal),높은 신뢰 상품 / Credible,매우 낮음,2026-09-03 22:10:40
,"엘지전자,LG전자",75QNED65ABA,O,70.96,70.89,0.0,77.5,O,71.91,매우 신뢰 (Normal),높은 신뢰 상품 / Credible,매우 낮음,2026-09-03 22:11:40
,삼성전자,CC80H63S1HS,O,0.0,0.0,0.0,0.0,O,0.0,AI 워싱 상품 (Washing),AI 워싱 상품 / Washing,높음,2026-09-03 22:12:50
,삼성전자,AF60F17D11BRS,O,59.42,62.26,0.0,0.0,O,51.79,신뢰 (Normal),신뢰 상품 / Normal,낮음,2026-09-03 22:14:04
,"엘지전자,LG전자",OLED65G6KNA,O,70.98,70.89,0.0,77.5,O,71.92,매우 신뢰 (Normal),높은 신뢰 상품 / Credible,매우 낮음,2026-09-03 22:15:17
,삼성전자,WF25CB8895BE,O,64.12,59.95,0.0,33.75,O,57.91,신뢰 (Normal),신뢰 상품 / Normal,낮음,2026-09-03 22:16:33
,"엘지전자,LG전자",FQ18GV3EA2,O,59.42,62.26,0.0,0.0,O,51.79,신뢰 (Normal),신뢰 상품 / Normal,낮음,2026-09-03 22:17:19
,쿠쿠전자,CIR-KS301FB,O,51.77,0.0,0.0,0.0,X,44.0,신뢰 (Normal),신뢰 상품 / Normal,낮음,2026-09-03 22:18:00
,"엘지전자,LG전자",AI958WB,O,0.0,60.32,0.0,33.75,O,56.33,신뢰 (Normal),신뢰 상품 / Normal,낮음,2026-09-03 22:18:50
,삼성전자,WH90F2520BBHT,O,59.13,55.12,0.0,0.0,O,48.44,신뢰 (Normal),신뢰 상품 / Normal,낮음,2026-09-03 22:20:06
,"엘지전자,LG전자",75QNED65ABA,O,70.96,70.89,0.0,77.5,O,71.91,매우 신뢰 (Normal),높은 신뢰 상품 / Credible,매우 낮음,2026-09-03 22:21:10
,"엘지전자,LG전자",W2520WHM,O,59.13,55.12,0.0,0.0,O,48.44,신뢰 (Normal),신뢰 상품 / Normal,낮음,2026-09-03 22:22:02
,삼성전자,CC80H63U1HS,O,0.0,0.0,0.0,0.0,O,0.0,AI 워싱 상품 (Washing),AI 워싱 상품 / Washing,높음,2026-09-03 22:23:06
,"엘지전자,LG전자",FQ18GV3EA2,O,59.42,62.26,0.0,0.0,O,51.79,신뢰 (Normal),신뢰 상품 / Normal,낮음,2026-09-03 22:24:09
,"엘지전자,LG전자",75QNED65ABA,O,70.96,70.89,0.0,77.5,O,71.91,매우 신뢰 (Normal),높은 신뢰 상품 / Credible,매우 낮음,2026-09-03 22:25:15
,"엘지전자,LG전자",75QNED65ABA,O,70.96,70.89,0.0,77.5,O,71.91,매우 신뢰 (Normal),높은 신뢰 상품 / Credible,매우 낮음,2026-09-03 22:26:16
,삼성전자,WF21DG6650BW,O,59.13,55.12,0.0,0.0,O,48.44,신뢰 (Normal),신뢰 상품 / Normal,낮음,2026-09-03 22:27:36
,"엘지전자,LG전자",PQ08FDWBS,O,59.42,62.26,0.0,0.0,O,51.79,신뢰 (Normal),신뢰 상품 / Normal,낮음,2026-09-03 22:28:20
,"엘지전자,LG전자",OLED48C6KNA,O,71.0,70.89,0.0,77.5,O,71.93,매우 신뢰 (Normal),높은 신뢰 상품 / Credible,매우 낮음,2026-09-03 22:29:28
,"엘지전자,LG전자",T21MX9A,O,0.0,55.12,0.0,0.0,O,46.85,신뢰 (Normal),신뢰 상품 / Normal,낮음,2026-09-03 22:30:24
,"엘지전자,LG전자",16Z90TS-GU7WK,O,75.07,72.29,0.0,76.59,O,74.28,매우 신뢰 (Normal),높은 신뢰 상품 / Credible,매우 낮음,2026-09-04 14:26:03
AI노트북,"엘지전자,LG전자",16Z90TS-GU7WK,O,75.07,72.29,0.0,76.59,O,74.28,매우 신뢰 (Normal),높은 신뢰 상품 / Credible,매우 낮음,2026-09-07 14:52:24
AI노트북,"엘지전자,LG전자",16Z90U-KU7WK,O,75.07,72.29,0.0,76.59,O,74.28,매우 신뢰 (Normal),높은 신뢰 상품 / Credible,매우 낮음,2026-09-07 15:23:21
AI노트북,"엘지전자,LG전자",16Z90U-KU7BK,O,75.07,72.29,0.0,76.59,O,74.28,매우 신뢰 (Normal),높은 신뢰 상품 / Credible,매우 낮음,2026-09-07 15:24:29
125H,삼성전자,DM970AGA-L51A,O,64.14,0.0,0.0,33.75,O,59.58,신뢰 (Normal),신뢰 상품 / Normal,낮음,2026-09-07 15:26:03
125H,삼성전자,DM970AGA-LC51G,O,64.14,0.0,0.0,33.75,O,59.58,신뢰 (Normal),신뢰 상품 / Normal,낮음,2026-09-07 15:27:20
125H,삼성전자,DM970AGA-L51AG,O,64.14,0.0,0.0,33.75,O,59.58,신뢰 (Normal),신뢰 상품 / Normal,낮음,2026-09-07 15:28:37
스마트폰(바형),삼성전자,S26,O,56.63,0.0,0.0,0.0,O,48.14,신뢰 (Normal),신뢰 상품 / Normal,낮음,2026-09-07 15:30:06
스마트폰(바형),삼성전자,S26,O,56.63,0.0,0.0,0.0,O,48.14,신뢰 (Normal),신뢰 상품 / Normal,낮음,2026-09-07 15:31:44
스마트폰(바형),삼성전자,S25,O,45.09,0.0,0.0,0.0,O,38.33,신뢰 (Normal),신뢰 상품 / Normal,낮음,2026-09-07 15:33:16
스마트폰(바형),삼성전자,S25,O,45.09,0.0,0.0,0.0,O,38.33,신뢰 (Normal),신뢰 상품 / Normal,낮음,2026-09-07 15:34:38
스마트폰(폴더블),삼성전자,SEC-SMF766,O,56.35,0.0,0.0,0.0,O,47.9,신뢰 (Normal),신뢰 상품 / Normal,낮음,2026-09-07 15:36:12
125H,삼성전자,DM970AGA-L51A,O,64.14,0.0,0.0,33.75,O,59.58,신뢰 (Normal),신뢰 상품 / Normal,낮음,2026-09-07 15:40:23
155H,삼성전자,DM970AGA-LC71G,O,64.14,0.0,0.0,33.75,O,59.58,신뢰 (Normal),신뢰 상품 / Normal,낮음,2026-09-07 15:41:41
155H,삼성전자,DM970AGA-LP72G,O,64.14,0.0,0.0,33.75,O,59.58,신뢰 (Normal),신뢰 상품 / Normal,낮음,2026-09-07 15:43:06
155H,삼성전자,DM970AGA-LP72G,O,64.14,0.0,0.0,33.75,O,59.58,신뢰 (Normal),신뢰 상품 / Normal,낮음,2026-09-07 15:44:16
양문형냉장고,삼성전자,RS84DB5002CW,O,59.13,58.21,0.0,0.0,O,49.84,신뢰 (Normal),신뢰 상품 / Normal,낮음,2026-09-07 15:45:23
세탁건조기,"엘지전자,LG전자",FH25ES,O,59.13,57.21,0.0,0.0,O,49.39,신뢰 (Normal),신뢰 상품 / Normal,낮음,2026-09-07 15:46:17
드럼세탁기,"엘지전자,LG전자",F17ITPR,O,0.0,55.12,0.0,0.0,O,46.85,신뢰 (Normal),신뢰 상품 / Normal,낮음,2026-09-07 15:47:01
드럼세탁기+건조기,"엘지전자,LG전자",WL21WDU,O,66.33,55.12,0.0,33.75,O,57.27,신뢰 (Normal),신뢰 상품 / Normal,낮음,2026-09-07 15:48:11
건조기,삼성전자,DV21DG8200BW,O,62.8,58.21,0.0,33.75,O,56.65,신뢰 (Normal),신뢰 상품 / Normal,낮음,2026-09-07 15:49:16
드럼세탁기+건조기,"엘지전자,LG전자",W20WANQ,O,62.61,58.85,0.0,33.75,O,56.8,신뢰 (Normal),신뢰 상품 / Normal,낮음,2026-09-07 15:50:10
드럼세탁기+건조기,"엘지전자,LG전자",W20WHN,O,59.13,55.12,0.0,0.0,O,48.44,신뢰 (Normal),신뢰 상품 / Normal,낮음,2026-09-07 15:51:46
건조기,삼성전자,DV90T5440KW,O,68.75,57.2,0.0,33.75,O,58.38,신뢰 (Normal),신뢰 상품 / Normal,낮음,2026-09-07 15:52:52
건조기,"엘지전자,LG전자",RD20WSQ,O,59.13,58.21,0.0,0.0,O,49.84,신뢰 (Normal),신뢰 상품 / Normal,낮음,2026-09-07 15:53:39
2in1에어컨,"엘지전자,LG전자",FQ18GV3EA2,O,59.42,62.26,0.0,0.0,O,51.79,신뢰 (Normal),신뢰 상품 / Normal,낮음,2026-09-07 15:54:26
창문형에어컨,삼성전자,AW06C7155EWAZ,O,59.42,62.26,0.0,0.0,O,51.79,신뢰 (Normal),신뢰 상품 / Normal,낮음,2026-09-07 15:55:35
창문형에어컨,삼성전자,AW06C7155EWAZ,O,59.42,62.26,0.0,0.0,O,51.79,신뢰 (Normal),신뢰 상품 / Normal,낮음,2026-09-07 15:56:36
창문형에어컨,삼성전자,AW06C7155TWAZ,O,59.42,62.26,0.0,0.0,O,51.79,신뢰 (Normal),신뢰 상품 / Normal,낮음,2026-09-07 15:58:23
2in1에어컨,삼성전자,AF60F17D11BRS,O,59.42,62.26,0.0,0.0,O,51.79,신뢰 (Normal),신뢰 상품 / Normal,낮음,2026-09-07 15:59:27
OLED TV,"엘지전자,LG전자",OLED65G6KNA,O,70.98,70.89,0.0,77.5,O,71.92,매우 신뢰 (Normal),높은 신뢰 상품 / Credible,매우 낮음,2026-09-07 16:00:30
로봇청소기,삼성전자,VR7MD97716G,O,58.11,57.19,0.0,0.0,O,48.98,신뢰 (Normal),신뢰 상품 / Normal,낮음,2026-09-07 16:01:55
핸디스틱청소기,"엘지전자,LG전자",AI958WA,O,0.0,60.32,0.0,33.75,O,56.33,신뢰 (Normal),신뢰 상품 / Normal,낮음,2026-09-07 16:02:38
로봇청소기,"엘지전자,LG전자",B95AWBH,O,56.87,55.95,0.0,0.0,O,47.92,신뢰 (Normal),신뢰 상품 / Normal,낮음,2026-09-07 16:04:04
로봇청소기,삼성전자,VR80F01SDG,O,56.87,55.95,0.0,0.0,O,47.92,신뢰 (Normal),신뢰 상품 / Normal,낮음,2026-09-07 16:05:16
로봇청소기,"엘지전자,LG전자",B95AWBTH,O,56.87,55.95,0.0,0.0,O,47.92,신뢰 (Normal),신뢰 상품 / Normal,낮음,2026-09-07 16:06:39
공기청정기,"엘지전자,LG전자",AS336NSLC,O,0.0,56.36,0.0,0.0,O,47.91,신뢰 (Normal),신뢰 상품 / Normal,낮음,2026-09-07 16:07:22
키보드,앱코,MK98,O,50.63,0.0,0.0,33.75,X,48.1,신뢰 (Normal),신뢰 상품 / Normal,낮음,2026-09-07 16:09:27
태블릿케이스,삼성전자,EF-DX820,O,48.11,0.0,0.0,0.0,O,40.89,신뢰 (Normal),신뢰 상품 / Normal,낮음,2026-09-07 16:10:23
태블릿케이스,삼성전자,EF-DX925,O,48.11,0.0,0.0,0.0,O,40.89,신뢰 (Normal),신뢰 상품 / Normal,낮음,2026-09-07 16:11:22
태블릿케이스,삼성전자,EF-DX825,O,48.11,0.0,0.0,0.0,O,40.89,신뢰 (Normal),신뢰 상품 / Normal,낮음,2026-09-07 16:12:17
태블릿케이스,삼성전자,EF-DX820,O,48.11,0.0,0.0,0.0,O,40.89,신뢰 (Normal),신뢰 상품 / Normal,낮음,2026-09-07 16:13:13
태블릿케이스,삼성전자,EF-DX935,O,0.0,0.0,0.0,0.0,O,0.0,워싱 의심 (Suspected),워싱 의심 상품 / Suspected,중간,2026-09-07 16:14:07
태블릿케이스,삼성전자,EF-DX725,O,48.11,0.0,0.0,0.0,O,40.89,신뢰 (Normal),신뢰 상품 / Normal,낮음,2026-09-07 16:15:03
태블릿케이스,삼성전자,EF-DX720,O,48.11,0.0,0.0,0.0,O,40.89,신뢰 (Normal),신뢰 상품 / Normal,낮음,2026-09-07 16:15:57
태블릿케이스,삼성전자,EF-DX620,O,48.11,0.0,0.0,0.0,O,40.89,신뢰 (Normal),신뢰 상품 / Normal,낮음,2026-09-07 16:16:50
태블릿케이스,삼성전자,EF-DX625,O,48.11,0.0,0.0,0.0,O,40.89,신뢰 (Normal),신뢰 상품 / Normal,낮음,2026-09-07 16:17:44
태블릿케이스,삼성전자,EF-DX920,O,48.11,0.0,0.0,0.0,O,40.89,신뢰 (Normal),신뢰 상품 / Normal,낮음,2026-09-07 16:18:39
태블릿PC,삼성전자,S11,O,54.08,0.0,0.0,0.0,O,45.97,신뢰 (Normal),신뢰 상품 / Normal,낮음,2026-09-07 16:20:34
태블릿PC,삼성전자,S11,O,54.08,0.0,0.0,0.0,O,45.97,신뢰 (Normal),신뢰 상품 / Normal,낮음,2026-09-07 16:21:47
태블릿PC,삼성전자,S10,O,54.08,0.0,0.0,0.0,O,45.97,신뢰 (Normal),신뢰 상품 / Normal,낮음,2026-09-07 16:23:43
태블릿PC,삼성전자,S11,O,54.08,0.0,0.0,0.0,O,45.97,신뢰 (Normal),신뢰 상품 / Normal,낮음,2026-09-07 16:24:52
태블릿PC,삼성전자,S11,O,54.08,0.0,0.0,0.0,O,45.97,신뢰 (Normal),신뢰 상품 / Normal,낮음,2026-09-07 16:26:47
태블릿PC,삼성전자,S11,O,54.08,0.0,0.0,0.0,O,45.97,신뢰 (Normal),신뢰 상품 / Normal,낮음,2026-09-07 16:27:56
태블릿PC,삼성전자,S11,O,54.08,0.0,0.0,0.0,O,45.97,신뢰 (Normal),신뢰 상품 / Normal,낮음,2026-09-07 16:29:50
AI노트북,"엘지전자,LG전자",16Z90TS-GU7WK,O,73.4,69.56,0.0,76.59,O,72.44,매우 신뢰 (Normal),높은 신뢰 상품 / Credible,매우 낮음,2026-09-10 09:45:55
AI노트북,"엘지전자,LG전자",16U55U-GS5HK,O,70.03,67.45,0.0,70.36,O,69.13,신뢰 (Normal),신뢰 상품 / Normal,낮음,2026-09-10 09:47:02
AI노트북,삼성전자,NT940XJG-K51A,O,76.47,67.42,0.0,76.59,O,73.05,매우 신뢰 (Normal),높은 신뢰 상품 / Credible,매우 낮음,2026-09-10 09:49:28
,"엘지전자,LG전자",16Z90U-KU7WK,O,76.57,67.45,0.0,76.59,O,73.15,매우 신뢰 (Normal),높은 신뢰 상품 / Credible,매우 낮음,2026-09-10 10:00:46
AI노트북,"엘지전자,LG전자",16Z90TS-GU7WK,O,73.4,69.56,0.0,76.59,O,72.44,매우 신뢰 (Normal),높은 신뢰 상품 / Credible,매우 낮음,2026-09-10 10:02:07
AI노트북,"엘지전자,LG전자",16Z90TS-GU7WK,O,73.4,69.56,0.0,76.59,O,72.44,매우 신뢰 (Normal),높은 신뢰 상품 / Credible,매우 낮음,2026-09-10 10:03:26
AI노트북,"엘지전자,LG전자",16Z90TS-GU7WK,O,73.4,69.56,0.0,76.59,O,72.44,매우 신뢰 (Normal),높은 신뢰 상품 / Credible,매우 낮음,2026-09-10 10:04:42
AI노트북,"엘지전자,LG전자",16Z90TS-GU7WK,O,73.4,69.56,0.0,76.59,O,72.44,매우 신뢰 (Normal),높은 신뢰 상품 / Credible,매우 낮음,2026-09-10 10:05:56
AI노트북,"엘지전자,LG전자",16U55U-GS5HK,O,70.03,67.45,0.0,70.36,O,69.13,신뢰 (Normal),신뢰 상품 / Normal,낮음,2026-09-10 10:07:05
AI노트북,"엘지전자,LG전자",16U55U-GS5HK,O,70.03,67.45,0.0,70.36,O,69.13,신뢰 (Normal),신뢰 상품 / Normal,낮음,2026-09-10 10:08:14
AI노트북,삼성전자,NT940XJG-K51A,O,76.47,67.42,0.0,76.59,O,73.05,매우 신뢰 (Normal),높은 신뢰 상품 / Credible,매우 낮음,2026-09-10 10:09:48
AI노트북,삼성전자,NT940XJG-K51A,O,76.47,67.42,0.0,76.59,O,73.05,매우 신뢰 (Normal),높은 신뢰 상품 / Credible,매우 낮음,2026-09-10 10:11:21
AI노트북,삼성전자,NT940XJG-K51A,O,76.47,67.42,0.0,76.59,O,73.05,매우 신뢰 (Normal),높은 신뢰 상품 / Credible,매우 낮음,2026-09-10 10:12:55
AI노트북,"엘지전자,LG전자",16Z90U-KU7WK,O,73.4,69.56,0.0,76.59,O,72.44,매우 신뢰 (Normal),높은 신뢰 상품 / Credible,매우 낮음,2026-09-10 10:14:10
AI노트북,"엘지전자,LG전자",16Z90U-KU7WK,O,73.4,69.56,0.0,76.59,O,72.44,매우 신뢰 (Normal),높은 신뢰 상품 / Credible,매우 낮음,2026-09-10 10:15:23
AI노트북,"엘지전자,LG전자",16Z90U-KU7WK,O,73.4,69.56,0.0,76.59,O,72.44,매우 신뢰 (Normal),높은 신뢰 상품 / Credible,매우 낮음,2026-09-10 10:16:50
AI노트북,"엘지전자,LG전자",16Z95U-GS5WK,O,70.03,69.56,0.0,70.36,O,69.91,신뢰 (Normal),신뢰 상품 / Normal,낮음,2026-09-10 10:18:05
AI노트북,"엘지전자,LG전자",16Z95U-GS5WK,O,70.03,69.56,0.0,70.36,O,69.91,신뢰 (Normal),신뢰 상품 / Normal,낮음,2026-09-10 10:19:21
AI노트북,"엘지전자,LG전자",16Z95U-GS5WK,O,70.03,69.56,0.0,70.36,O,69.91,신뢰 (Normal),신뢰 상품 / Normal,낮음,2026-09-10 10:20:35
AI노트북,"엘지전자,LG전자",16Z95U-GS5WK,O,70.03,69.56,0.0,70.36,O,69.91,신뢰 (Normal),신뢰 상품 / Normal,낮음,2026-09-10 10:22:37
AI노트북,"엘지전자,LG전자",16Z90U-KU7BK,O,73.4,69.56,0.0,76.59,O,72.44,매우 신뢰 (Normal),높은 신뢰 상품 / Credible,매우 낮음,2026-09-10 10:23:52
AI노트북,"엘지전자,LG전자",16Z90U-KU7BK,O,73.4,69.56,0.0,76.59,O,72.44,매우 신뢰 (Normal),높은 신뢰 상품 / Credible,매우 낮음,2026-09-10 10:25:06
AI노트북,"엘지전자,LG전자",16Z90U-KU7BK,O,73.4,69.56,0.0,76.59,O,72.44,매우 신뢰 (Normal),높은 신뢰 상품 / Credible,매우 낮음,2026-09-10 10:26:21
125H,삼성전자,DM970AGA-L51A,O,64.14,0.0,0.0,33.75,O,59.58,신뢰 (Normal),신뢰 상품 / Normal,낮음,2026-09-10 10:28:32
155H,삼성전자,DM970AGA-L71AR,O,64.14,0.0,0.0,33.75,O,59.58,신뢰 (Normal),신뢰 상품 / Normal,낮음,2026-09-10 10:29:43
125H,삼성전자,DM970AGA-LC51G,O,64.14,0.0,0.0,33.75,O,59.58,신뢰 (Normal),신뢰 상품 / Normal,낮음,2026-09-10 10:30:56
125H,삼성전자,DM970AGA-L51AR,O,64.14,0.0,0.0,33.75,O,59.58,신뢰 (Normal),신뢰 상품 / Normal,낮음,2026-09-10 10:32:14
125H,삼성전자,DM970AGA-L51AG,O,64.14,0.0,0.0,33.75,O,59.58,신뢰 (Normal),신뢰 상품 / Normal,낮음,2026-09-10 10:33:32
125H,삼성전자,DM970AGA-L51A,O,64.14,0.0,0.0,33.75,O,59.58,신뢰 (Normal),신뢰 상품 / Normal,낮음,2026-09-10 10:36:24
125H,삼성전자,DM970AGA-L51A,O,64.14,0.0,0.0,33.75,O,59.58,신뢰 (Normal),신뢰 상품 / Normal,낮음,2026-09-10 10:38:25
125H,삼성전자,DM970AGA-L51A,O,64.14,0.0,0.0,33.75,O,59.58,신뢰 (Normal),신뢰 상품 / Normal,낮음,2026-09-10 10:40:26
125H,삼성전자,DM970AGA-LC51G,O,64.14,0.0,0.0,33.75,O,59.58,신뢰 (Normal),신뢰 상품 / Normal,낮음,2026-09-10 10:53:03
125H,삼성전자,DM970AGA-LC51G,O,64.14,0.0,0.0,33.75,O,59.58,신뢰 (Normal),신뢰 상품 / Normal,낮음,2026-09-10 10:54:24
125H,삼성전자,DM970AGA-LC51G,O,64.14,0.0,0.0,33.75,O,59.58,신뢰 (Normal),신뢰 상품 / Normal,낮음,2026-09-10 10:55:29
125H,삼성전자,DM970AGA-L51AR,O,64.14,0.0,0.0,33.75,O,59.58,신뢰 (Normal),신뢰 상품 / Normal,낮음,2026-09-10 10:58:17
125H,삼성전자,DM970AGA-L51AG,O,64.14,0.0,0.0,33.75,O,59.58,신뢰 (Normal),신뢰 상품 / Normal,낮음,2026-09-10 10:59:27
125H,삼성전자,DM970AGA-L51AG,O,64.14,0.0,0.0,33.75,O,59.58,신뢰 (Normal),신뢰 상품 / Normal,낮음,2026-09-10 11:00:37
125H,삼성전자,DM970AGA-L51AG,O,64.14,0.0,0.0,33.75,O,59.58,신뢰 (Normal),신뢰 상품 / Normal,낮음,2026-09-10 11:01:47
125H,삼성전자,DM970AGA-L51AG,O,64.14,0.0,0.0,33.75,O,59.58,신뢰 (Normal),신뢰 상품 / Normal,낮음,2026-09-10 11:02:56
125H,삼성전자,DM970AGA-L51AG,O,64.14,0.0,0.0,33.75,O,59.58,신뢰 (Normal),신뢰 상품 / Normal,낮음,2026-09-10 11:04:06
125H,삼성전자,DM970AGA-L51AG,O,64.14,0.0,0.0,33.75,O,59.58,신뢰 (Normal),신뢰 상품 / Normal,낮음,2026-09-10 11:06:09
125H,삼성전자,DM970AGA-L51AG,O,64.14,0.0,0.0,33.75,O,59.58,신뢰 (Normal),신뢰 상품 / Normal,낮음,2026-09-10 11:07:19
태블릿PC,삼성전자,S10,O,54.08,0.0,0.0,0.0,O,45.97,신뢰 (Normal),신뢰 상품 / Normal,낮음,2026-09-10 11:08:34
태블릿PC,삼성전자,S11,O,54.08,0.0,0.0,0.0,O,45.97,신뢰 (Normal),신뢰 상품 / Normal,낮음,2026-09-10 11:09:45
태블릿PC,삼성전자,S11,O,54.08,0.0,0.0,0.0,O,45.97,신뢰 (Normal),신뢰 상품 / Normal,낮음,2026-09-10 11:11:00
태블릿PC,삼성전자,A11,O,0.0,0.0,0.0,0.0,O,0.0,워싱 의심 (Suspected),워싱 의심 상품 / Suspected,중간,2026-09-10 11:12:12
태블릿PC,삼성전자,S10,O,54.08,0.0,0.0,0.0,O,45.97,신뢰 (Normal),신뢰 상품 / Normal,낮음,2026-09-10 11:13:31
태블릿PC,삼성전자,S11,O,54.08,0.0,0.0,0.0,O,45.97,신뢰 (Normal),신뢰 상품 / Normal,낮음,2026-09-10 11:14:43
태블릿PC,삼성전자,S11,O,54.08,0.0,0.0,0.0,O,45.97,신뢰 (Normal),신뢰 상품 / Normal,낮음,2026-09-10 11:15:55
태블릿PC,삼성전자,S11,O,54.08,0.0,0.0,0.0,O,45.97,신뢰 (Normal),신뢰 상품 / Normal,낮음,2026-09-10 11:17:08
태블릿PC,삼성전자,S11,O,54.08,0.0,0.0,0.0,O,45.97,신뢰 (Normal),신뢰 상품 / Normal,낮음,2026-09-10 11:18:20
태블릿PC,삼성전자,S10,O,54.08,0.0,0.0,0.0,O,45.97,신뢰 (Normal),신뢰 상품 / Normal,낮음,2026-09-10 11:19:34
태블릿PC,삼성전자,S10,O,54.08,0.0,0.0,0.0,O,45.97,신뢰 (Normal),신뢰 상품 / Normal,낮음,2026-09-10 11:20:49
스마트폰(바형),삼성전자,S26,O,56.63,0.0,0.0,0.0,O,48.14,신뢰 (Normal),신뢰 상품 / Normal,낮음,2026-09-10 11:22:13
스마트폰(바형),삼성전자,S26,O,45.09,0.0,0.0,0.0,O,38.33,신뢰 (Normal),신뢰 상품 / Normal,낮음,2026-09-10 11:23:37
스마트폰(바형),삼성전자,S25,O,45.09,0.0,0.0,0.0,O,38.33,신뢰 (Normal),신뢰 상품 / Normal,낮음,2026-09-10 11:25:00
스마트폰(바형),삼성전자,S26,O,56.63,0.0,0.0,0.0,O,48.14,신뢰 (Normal),신뢰 상품 / Normal,낮음,2026-09-10 11:26:22
스마트폰(바형),삼성전자,A17,O,54.08,0.0,0.0,0.0,O,45.97,신뢰 (Normal),신뢰 상품 / Normal,낮음,2026-09-10 11:27:40
스마트폰(바형),삼성전자,S26,O,56.63,0.0,0.0,0.0,O,48.14,신뢰 (Normal),신뢰 상품 / Normal,낮음,2026-09-10 11:29:05
스마트폰(바형),삼성전자,S26,O,56.63,0.0,0.0,0.0,O,48.14,신뢰 (Normal),신뢰 상품 / Normal,낮음,2026-09-10 11:31:18
스마트폰(바형),삼성전자,S25,O,45.09,0.0,0.0,0.0,O,38.33,신뢰 (Normal),신뢰 상품 / Normal,낮음,2026-09-10 11:32:35
스마트폰(바형),삼성전자,S25,O,45.09,0.0,0.0,0.0,O,38.33,신뢰 (Normal),신뢰 상품 / Normal,낮음,2026-09-10 11:33:56
스마트폰(바형),삼성전자,S25,O,45.09,0.0,0.0,0.0,O,38.33,신뢰 (Normal),신뢰 상품 / Normal,낮음,2026-09-10 11:35:15
스마트폰(폴더블),삼성전자,SEC-SMF766,O,56.35,0.0,0.0,0.0,O,47.9,신뢰 (Normal),신뢰 상품 / Normal,낮음,2026-09-10 11:36:42
스마트폰(폴더블),삼성전자,SEC-SMF766,O,56.35,0.0,0.0,0.0,O,47.9,신뢰 (Normal),신뢰 상품 / Normal,낮음,2026-09-10 11:38:00
스마트폰(바형),삼성전자,S26,O,45.09,0.0,0.0,0.0,O,38.33,신뢰 (Normal),신뢰 상품 / Normal,낮음,2026-09-10 11:39:22
스마트폰(폴더블),삼성전자,SEC-SMF966,O,59.04,0.0,0.0,0.0,O,50.18,신뢰 (Normal),신뢰 상품 / Normal,낮음,2026-09-10 11:40:51
스마트폰(폴더블),삼성전자,SEC-SMF966,O,59.04,0.0,0.0,0.0,O,50.18,신뢰 (Normal),신뢰 상품 / Normal,낮음,2026-09-10 11:42:19
스마트폰(폴더블),삼성전자,SEC-SMF766,O,56.35,0.0,0.0,0.0,O,47.9,신뢰 (Normal),신뢰 상품 / Normal,낮음,2026-09-10 11:43:43
스마트폰(폴더블),삼성전자,SEC-SMF766,O,56.35,0.0,0.0,0.0,O,47.9,신뢰 (Normal),신뢰 상품 / Normal,낮음,2026-09-10 11:45:02
스마트폰(바형),삼성전자,S26,O,45.09,0.0,0.0,0.0,O,38.33,신뢰 (Normal),신뢰 상품 / Normal,낮음,2026-09-10 11:46:23
스마트폰(바형),삼성전자,S26,O,44.39,0.0,0.0,0.0,O,37.73,신뢰 (Normal),신뢰 상품 / Normal,낮음,2026-09-10 11:47:42
스마트폰(폴더블),삼성전자,SEC-SMF966,O,59.04,0.0,0.0,0.0,O,50.18,신뢰 (Normal),신뢰 상품 / Normal,낮음,2026-09-10 11:49:11
스마트폰,삼성전자,SEC-SMM446,O,58.62,0.0,0.0,0.0,O,49.83,신뢰 (Normal),신뢰 상품 / Normal,낮음,2026-09-10 11:51:15
스마트폰(바형),삼성전자,S26,O,44.39,0.0,0.0,0.0,O,37.73,신뢰 (Normal),신뢰 상품 / Normal,낮음,2026-09-10 11:52:35
스마트폰(바형),삼성전자,S26,O,44.39,0.0,0.0,0.0,O,37.73,신뢰 (Normal),신뢰 상품 / Normal,낮음,2026-09-10 11:53:55
모니터,크로스오버,27QD166CM,O,0.0,0.0,0.0,0.0,X,0.0,워싱 의심 (Suspected),워싱 의심 상품 / Suspected,중간,2026-09-10 11:54:52
모니터,알파스캔,Q27G40E,O,0.0,0.0,0.0,0.0,X,0.0,워싱 의심 (Suspected),워싱 의심 상품 / Suspected,중간,2026-09-10 11:55:51
모니터,알파스캔,27E40L,O,0.0,0.0,0.0,0.0,X,0.0,워싱 의심 (Suspected),워싱 의심 상품 / Suspected,중간,2026-09-10 11:56:49
모니터,알파스캔,AG326UZD,O,0.0,0.0,0.0,0.0,X,0.0,워싱 의심 (Suspected),워싱 의심 상품 / Suspected,중간,2026-09-10 11:57:55
모니터,크로스오버,27LGQ175CM,O,0.0,0.0,0.0,0.0,X,0.0,워싱 의심 (Suspected),워싱 의심 상품 / Suspected,중간,2026-09-10 11:58:53
모니터,알파스캔,Q27G42ZE,O,0.0,0.0,0.0,0.0,X,0.0,워싱 의심 (Suspected),워싱 의심 상품 / Suspected,중간,2026-09-10 11:59:52
모니터,알파스캔,Q27G4Z,O,0.0,0.0,0.0,0.0,X,0.0,워싱 의심 (Suspected),워싱 의심 상품 / Suspected,중간,2026-09-10 12:00:51
모니터,알파스캔,Q27G40ZDF,O,0.0,0.0,0.0,0.0,X,0.0,워싱 의심 (Suspected),워싱 의심 상품 / Suspected,중간,2026-09-10 12:01:53
모니터,크로스오버,FAST-IPS,O,0.0,0.0,0.0,0.0,X,0.0,워싱 의심 (Suspected),워싱 의심 상품 / Suspected,중간,2026-09-10 12:02:50
모니터,주연테크,X24QF180,O,0.0,0.0,0.0,0.0,X,0.0,워싱 의심 (Suspected),워싱 의심 상품 / Suspected,중간,2026-09-10 12:03:44
모니터,이노스,27QD200M,O,0.0,0.0,0.0,0.0,X,0.0,워싱 의심 (Suspected),워싱 의심 상품 / Suspected,중간,2026-09-10 12:04:45
모니터,알파스캔,Q27G4S,O,0.0,0.0,0.0,0.0,X,0.0,워싱 의심 (Suspected),워싱 의심 상품 / Suspected,중간,2026-09-10 12:05:45
모니터,알파스캔,Q27G4Z,O,0.0,0.0,0.0,0.0,X,0.0,워싱 의심 (Suspected),워싱 의심 상품 / Suspected,중간,2026-09-10 12:06:44
모니터,알파스캔,32Q50G,O,0.0,0.0,0.0,0.0,X,0.0,워싱 의심 (Suspected),워싱 의심 상품 / Suspected,중간,2026-09-10 12:07:47
모니터,크로스오버,27QD166CM,O,0.0,0.0,0.0,0.0,X,0.0,워싱 의심 (Suspected),워싱 의심 상품 / Suspected,중간,2026-09-10 12:08:47
모니터,크로스오버,27QNA955,O,0.0,0.0,0.0,0.0,X,0.0,워싱 의심 (Suspected),워싱 의심 상품 / Suspected,중간,2026-09-10 12:09:45
모니터,알파스캔,24E40L,O,0.0,0.0,0.0,0.0,X,0.0,워싱 의심 (Suspected),워싱 의심 상품 / Suspected,중간,2026-09-10 12:10:44
모니터,알파스캔,AGP327UZD,O,0.0,0.0,0.0,0.0,X,0.0,워싱 의심 (Suspected),워싱 의심 상품 / Suspected,중간,2026-09-10 12:11:50
155H,삼성전자,DM970AGA-L71A,O,64.14,0.0,0.0,33.75,O,59.58,신뢰 (Normal),신뢰 상품 / Normal,낮음,2026-09-10 12:13:04
155H,삼성전자,DM970AGA-L71A,O,64.14,0.0,0.0,33.75,O,59.58,신뢰 (Normal),신뢰 상품 / Normal,낮음,2026-09-10 12:14:14
155H,삼성전자,DM970AGA-L71A,O,64.14,0.0,0.0,33.75,O,59.58,신뢰 (Normal),신뢰 상품 / Normal,낮음,2026-09-10 12:15:24
155H,삼성전자,DM970AGA-L71A,O,64.14,0.0,0.0,33.75,O,59.58,신뢰 (Normal),신뢰 상품 / Normal,낮음,2026-09-10 12:16:34
155H,삼성전자,DM970AGA-L71A,O,64.14,0.0,0.0,33.75,O,59.58,신뢰 (Normal),신뢰 상품 / Normal,낮음,2026-09-10 12:18:36
155H,삼성전자,DM970AGA-L71A,O,64.14,0.0,0.0,33.75,O,59.58,신뢰 (Normal),신뢰 상품 / Normal,낮음,2026-09-10 12:19:46
155H,삼성전자,DM970AGA-L71A,O,64.14,0.0,0.0,33.75,O,59.58,신뢰 (Normal),신뢰 상품 / Normal,낮음,2026-09-10 12:20:54
125H,삼성전자,DM970AGA-L51A,O,64.14,0.0,0.0,33.75,O,59.58,신뢰 (Normal),신뢰 상품 / Normal,낮음,2026-09-10 12:22:50
125H,삼성전자,DM970AGA-L51A,O,64.14,0.0,0.0,33.75,O,59.58,신뢰 (Normal),신뢰 상품 / Normal,낮음,2026-09-10 12:23:58
155H,삼성전자,DM970AGA-LC71G,O,64.14,0.0,0.0,33.75,O,59.58,신뢰 (Normal),신뢰 상품 / Normal,낮음,2026-09-10 12:25:56
155H,삼성전자,DM970AGA-LC71G,O,64.14,0.0,0.0,33.75,O,59.58,신뢰 (Normal),신뢰 상품 / Normal,낮음,2026-09-10 12:27:01
155H,삼성전자,DM970AGA-LP72G,O,64.14,0.0,0.0,33.75,O,59.58,신뢰 (Normal),신뢰 상품 / Normal,낮음,2026-09-10 12:28:07
155H,삼성전자,DM970AGA-LP72G,O,64.14,0.0,0.0,33.75,O,59.58,신뢰 (Normal),신뢰 상품 / Normal,낮음,2026-09-10 12:29:12
155H,삼성전자,DM970AGA-LP72G,O,64.14,0.0,0.0,33.75,O,59.58,신뢰 (Normal),신뢰 상품 / Normal,낮음,2026-09-10 12:30:18
155H,삼성전자,DM970AGA-LP72G,O,64.14,0.0,0.0,33.75,O,59.58,신뢰 (Normal),신뢰 상품 / Normal,낮음,2026-09-10 12:31:26
155H,삼성전자,DM970AGA-LP72G,O,64.14,0.0,0.0,33.75,O,59.58,신뢰 (Normal),신뢰 상품 / Normal,낮음,2026-09-10 12:32:31
155H,삼성전자,DM970AGA-LP72G,O,64.14,0.0,0.0,33.75,O,59.58,신뢰 (Normal),신뢰 상품 / Normal,낮음,2026-09-10 12:33:46
양문형냉장고,"엘지전자,LG전자",T875MEE011,O,59.13,58.21,0.0,0.0,O,49.84,신뢰 (Normal),신뢰 상품 / Normal,낮음,2026-09-10 12:35:23
양문형냉장고,삼성전자,RS84DG5002M9,O,59.13,58.21,0.0,0.0,O,49.84,신뢰 (Normal),신뢰 상품 / Normal,낮음,2026-09-10 12:36:28
양문형냉장고,"엘지전자,LG전자",T873MEE111,O,59.13,58.21,0.0,0.0,O,49.84,신뢰 (Normal),신뢰 상품 / Normal,낮음,2026-09-10 12:37:17
양문형냉장고,"엘지전자,LG전자",T875MEE011,O,59.13,58.21,0.0,0.0,O,49.84,신뢰 (Normal),신뢰 상품 / Normal,낮음,2026-09-10 12:38:03
양문형냉장고,삼성전자,RS84DG5002M9,O,59.13,58.21,0.0,0.0,O,49.84,신뢰 (Normal),신뢰 상품 / Normal,낮음,2026-09-10 12:39:09
양문형냉장고,"엘지전자,LG전자",M876GBB131,O,59.13,58.21,0.0,0.0,O,49.84,신뢰 (Normal),신뢰 상품 / Normal,낮음,2026-09-10 12:40:02
양문형냉장고,"엘지전자,LG전자",T873MEE111,O,59.13,58.21,0.0,0.0,O,49.84,신뢰 (Normal),신뢰 상품 / Normal,낮음,2026-09-10 12:40:50
양문형냉장고,삼성전자,RS84DB5002CW,O,59.13,58.21,0.0,0.0,O,49.84,신뢰 (Normal),신뢰 상품 / Normal,낮음,2026-09-10 12:41:55
양문형냉장고,삼성전자,RS84DB5002CW,O,59.13,58.21,0.0,0.0,O,49.84,신뢰 (Normal),신뢰 상품 / Normal,낮음,2026-09-10 12:43:00
양문형냉장고,삼성전자,RM70F90M1ZD,O,59.13,58.21,0.0,0.0,O,49.84,신뢰 (Normal),신뢰 상품 / Normal,낮음,2026-09-10 12:44:04
양문형냉장고,삼성전자,RM70F90M1ZD,O,59.13,58.21,0.0,0.0,O,49.84,신뢰 (Normal),신뢰 상품 / Normal,낮음,2026-09-10 12:45:08
양문형냉장고,"엘지전자,LG전자",M876GBB232,O,59.13,58.21,0.0,0.0,O,49.84,신뢰 (Normal),신뢰 상품 / Normal,낮음,2026-09-10 12:46:01
양문형냉장고,"엘지전자,LG전자",M876GBB232,O,59.13,58.21,0.0,0.0,O,49.84,신뢰 (Normal),신뢰 상품 / Normal,낮음,2026-09-10 12:46:50
양문형냉장고,"엘지전자,LG전자",S656P003,O,59.13,58.21,0.0,0.0,O,49.84,신뢰 (Normal),신뢰 상품 / Normal,낮음,2026-09-10 12:47:36
양문형냉장고,삼성전자,RM70F64R1G,O,59.13,58.21,0.0,0.0,O,49.84,신뢰 (Normal),신뢰 상품 / Normal,낮음,2026-09-10 12:49:35
양문형냉장고,삼성전자,RM70F90R2ZD,O,59.13,58.21,0.0,0.0,O,49.84,신뢰 (Normal),신뢰 상품 / Normal,낮음,2026-09-10 12:50:41
양문형냉장고,삼성전자,RM70F90R2ZD,O,59.13,58.21,0.0,0.0,O,49.84,신뢰 (Normal),신뢰 상품 / Normal,낮음,2026-09-10 12:51:44
양문형냉장고,삼성전자,RM70F90R1ZD,O,59.13,58.21,0.0,0.0,O,49.84,신뢰 (Normal),신뢰 상품 / Normal,낮음,2026-09-10 12:52:50
양문형냉장고,삼성전자,RS70F65Q2Y,O,59.13,58.21,0.0,0.0,O,49.84,신뢰 (Normal),신뢰 상품 / Normal,낮음,2026-09-10 13:03:17
양문형냉장고,삼성전자,RS70F65Q2Y,O,59.13,58.21,0.0,0.0,O,49.84,신뢰 (Normal),신뢰 상품 / Normal,낮음,2026-09-10 13:04:31
양문형냉장고,"엘지전자,LG전자",S836MRQ112,O,59.13,58.21,0.0,0.0,O,49.84,신뢰 (Normal),신뢰 상품 / Normal,낮음,2026-09-10 13:05:22
양문형냉장고,"엘지전자,LG전자",T875MEE111,O,59.13,58.21,0.0,0.0,O,49.84,신뢰 (Normal),신뢰 상품 / Normal,낮음,2026-09-10 13:07:52
양문형냉장고,"엘지전자,LG전자",M616GBB0M1,O,59.13,58.21,0.0,0.0,O,49.84,신뢰 (Normal),신뢰 상품 / Normal,낮음,2026-09-10 13:09:38
양문형냉장고,"엘지전자,LG전자",M616GBB0M1,O,59.13,58.21,0.0,0.0,O,49.84,신뢰 (Normal),신뢰 상품 / Normal,낮음,2026-09-10 13:10:31
양문형냉장고,삼성전자,RM70F63R2XJ,O,59.13,58.21,0.0,0.0,O,49.84,신뢰 (Normal),신뢰 상품 / Normal,낮음,2026-09-10 13:12:52
양문형냉장고,삼성전자,RM70F63R2XJ,O,59.13,58.21,0.0,0.0,O,49.84,신뢰 (Normal),신뢰 상품 / Normal,낮음,2026-09-10 13:14:14
드럼세탁기+건조기,"엘지전자,LG전자",WA2525GEHF,O,64.38,55.12,0.0,33.75,O,56.17,신뢰 (Normal),신뢰 상품 / Normal,낮음,2026-09-10 13:15:17
드럼세탁기+건조기,삼성전자,WF2522HDEEE,O,59.13,55.12,0.0,0.0,O,48.44,신뢰 (Normal),신뢰 상품 / Normal,낮음,2026-09-10 13:17:39
세탁건조기,삼성전자,WD90F25AHS,O,59.13,57.21,0.0,0.0,O,49.39,신뢰 (Normal),신뢰 상품 / Normal,낮음,2026-09-10 13:21:47
드럼세탁기+건조기,삼성전자,WH90F2520BBHT,O,59.13,55.12,0.0,0.0,O,48.44,신뢰 (Normal),신뢰 상품 / Normal,낮음,2026-09-10 13:23:21
세탁건조기,삼성전자,WD80F25CHWN1,O,59.13,57.21,0.0,0.0,O,49.39,신뢰 (Normal),신뢰 상품 / Normal,낮음,2026-09-10 13:24:59
세탁건조기,삼성전자,WD90F25AHSN1,O,59.13,57.21,0.0,0.0,O,49.39,신뢰 (Normal),신뢰 상품 / Normal,낮음,2026-09-10 13:27:56
세탁건조기,"엘지전자,LG전자",FH25ESX,O,59.13,57.21,0.0,0.0,O,49.39,신뢰 (Normal),신뢰 상품 / Normal,낮음,2026-09-10 13:29:46
세탁건조기,삼성전자,WD90H25AHS,O,59.13,57.21,0.0,0.0,O,49.39,신뢰 (Normal),신뢰 상품 / Normal,낮음,2026-09-10 13:32:13
세탁건조기,삼성전자,WD90H25AHSN1,O,59.13,57.21,0.0,0.0,O,49.39,신뢰 (Normal),신뢰 상품 / Normal,낮음,2026-09-10 13:33:49
드럼세탁기+건조기,"엘지전자,LG전자",WA2525EEHF,O,64.38,55.12,0.0,33.75,O,56.17,신뢰 (Normal),신뢰 상품 / Normal,낮음,2026-09-10 13:35:00
일반세탁기,삼성전자,WA80F19SKC,O,0.0,55.12,0.0,0.0,O,46.85,신뢰 (Normal),신뢰 상품 / Normal,낮음,2026-09-10 13:36:27
드럼세탁기+건조기,삼성전자,WF21CB6650BW,O,64.12,59.95,0.0,33.75,O,57.91,신뢰 (Normal),신뢰 상품 / Normal,낮음,2026-09-10 13:38:10
세탁건조기,삼성전자,WD90H25AHYN1,O,59.13,57.21,0.0,0.0,O,49.39,신뢰 (Normal),신뢰 상품 / Normal,낮음,2026-09-10 13:40:32
일반세탁기,"엘지전자,LG전자",T21MX9A,O,0.0,55.12,0.0,0.0,O,46.85,신뢰 (Normal),신뢰 상품 / Normal,낮음,2026-09-10 13:41:30
세탁건조기,"엘지전자,LG전자",FH24WN,O,0.0,57.21,0.0,0.0,O,48.63,신뢰 (Normal),신뢰 상품 / Normal,낮음,2026-09-10 13:43:55
드럼세탁기,"엘지전자,LG전자",F12WVAR,O,64.86,58.82,0.0,33.75,O,57.21,신뢰 (Normal),신뢰 상품 / Normal,낮음,2026-09-10 13:44:47
일반세탁기,"엘지전자,LG전자",T17DX3A,O,0.0,55.12,0.0,0.0,O,46.85,신뢰 (Normal),신뢰 상품 / Normal,낮음,2026-09-10 13:45:40
세탁건조기,삼성전자,WD80H25BHW,O,63.78,61.01,0.0,33.75,O,58.2,신뢰 (Normal),신뢰 상품 / Normal,낮음,2026-09-10 13:48:52
세탁건조기,삼성전자,WD80H25BHWN1,O,63.78,61.01,0.0,33.75,O,58.2,신뢰 (Normal),신뢰 상품 / Normal,낮음,2026-09-10 13:50:28
드럼세탁기,"엘지전자,LG전자",F21VDSKR,O,66.49,60.45,0.0,33.75,O,58.84,신뢰 (Normal),신뢰 상품 / Normal,낮음,2026-09-10 13:51:18
세탁건조기,삼성전자,WD80F25CHY,O,59.13,57.21,0.0,0.0,O,49.39,신뢰 (Normal),신뢰 상품 / Normal,낮음,2026-09-10 13:52:49
세탁건조기,삼성전자,WD80F25CHYN1,O,59.13,57.21,0.0,0.0,O,49.39,신뢰 (Normal),신뢰 상품 / Normal,낮음,2026-09-10 13:54:05
드럼세탁기+건조기,"엘지전자,LG전자",W21WAM,O,59.13,55.12,0.0,0.0,O,48.44,신뢰 (Normal),신뢰 상품 / Normal,낮음,2026-09-10 13:55:03
드럼세탁기,"엘지전자,LG전자",FX25EF,O,59.13,55.12,0.0,0.0,O,48.44,신뢰 (Normal),신뢰 상품 / Normal,낮음,2026-09-10 13:55:57
드럼세탁기,삼성전자,WF21DG6650BW,O,59.13,55.12,0.0,0.0,X,48.44,신뢰 (Normal),신뢰 상품 / Normal,낮음,2026-09-10 14:01:49
드럼세탁기,"엘지전자,LG전자",F21WDSPR,O,0.0,55.12,0.0,0.0,O,46.85,신뢰 (Normal),신뢰 상품 / Normal,낮음,2026-09-10 14:11:22
드럼세탁기+건조기,"엘지전자,LG전자",WL21WDU,O,66.33,55.12,0.0,33.75,O,57.27,신뢰 (Normal),신뢰 상품 / Normal,낮음,2026-09-10 14:12:22
건조기,"엘지전자,LG전자",RH18WTSN,O,0.0,51.77,0.0,0.0,O,44.0,신뢰 (Normal),신뢰 상품 / Normal,낮음,2026-09-10 14:13:14
건조기,"엘지전자,LG전자",RD25ES,O,59.13,58.21,0.0,0.0,O,49.84,신뢰 (Normal),신뢰 상품 / Normal,낮음,2026-09-10 14:14:12
건조기,삼성전자,DV21DG8200BW,O,62.8,58.21,0.0,33.75,O,56.65,신뢰 (Normal),신뢰 상품 / Normal,낮음,2026-09-10 14:15:37
드럼세탁기+건조기,"엘지전자,LG전자",W20WD,O,66.61,59.33,0.0,33.75,O,58.97,신뢰 (Normal),신뢰 상품 / Normal,낮음,2026-09-10 14:16:40
세탁건조기,삼성전자,WD90H25BHW,O,59.13,57.21,0.0,0.0,O,49.39,신뢰 (Normal),신뢰 상품 / Normal,낮음,2026-09-10 14:18:24
세탁건조기,삼성전자,WD90H25BHWN1,O,59.13,57.21,0.0,0.0,O,49.39,신뢰 (Normal),신뢰 상품 / Normal,낮음,2026-09-10 14:19:54
드럼세탁기+건조기,"엘지전자,LG전자",W20WANQ,O,62.61,58.85,0.0,33.75,O,56.8,신뢰 (Normal),신뢰 상품 / Normal,낮음,2026-09-10 14:20:49
건조기,삼성전자,DV21DG8600BE,O,62.8,58.21,0.0,33.75,O,56.65,신뢰 (Normal),신뢰 상품 / Normal,낮음,2026-09-10 14:22:13
세탁건조기,"엘지전자,LG전자",FH25WA,O,59.13,57.21,0.0,0.0,O,49.39,신뢰 (Normal),신뢰 상품 / Normal,낮음,2026-09-10 14:23:14
세탁건조기,"엘지전자,LG전자",FH25WAX,O,59.13,57.21,0.0,0.0,O,49.39,신뢰 (Normal),신뢰 상품 / Normal,낮음,2026-09-10 14:24:13
세탁건조기,"엘지전자,LG전자",FH25WAKX,O,59.13,57.21,0.0,0.0,O,49.39,신뢰 (Normal),신뢰 상품 / Normal,낮음,2026-09-10 14:25:14
세탁건조기,"엘지전자,LG전자",FH25WAF,O,59.13,57.21,0.0,0.0,O,49.39,신뢰 (Normal),신뢰 상품 / Normal,낮음,2026-09-10 14:26:14
세탁건조기,삼성전자,WD90F25CHYN1,O,59.13,57.21,0.0,0.0,O,49.39,신뢰 (Normal),신뢰 상품 / Normal,낮음,2026-09-10 14:28:34
드럼세탁기+건조기,"엘지전자,LG전자",WA2525EGHF,O,64.38,55.12,0.0,33.75,O,56.17,신뢰 (Normal),신뢰 상품 / Normal,낮음,2026-09-10 14:29:35
드럼세탁기+건조기,삼성전자,WH90F2520GBHY,O,59.13,55.12,0.0,0.0,O,48.44,신뢰 (Normal),신뢰 상품 / Normal,낮음,2026-09-10 14:31:19
세탁건조기,삼성전자,WD90H25AHT,O,59.13,57.21,0.0,0.0,O,49.39,신뢰 (Normal),신뢰 상품 / Normal,낮음,2026-09-10 14:32:55
세탁건조기,삼성전자,WD90H25AHTN1,O,59.13,57.21,0.0,0.0,O,49.39,신뢰 (Normal),신뢰 상품 / Normal,낮음,2026-09-10 14:34:32
세탁건조기,"엘지전자,LG전자",FH25GS,O,68.25,62.26,0.0,33.75,O,60.81,신뢰 (Normal),신뢰 상품 / Normal,낮음,2026-09-10 14:36:22
세탁건조기,"엘지전자,LG전자",FH25GSX,O,65.23,62.08,0.0,33.75,O,59.27,신뢰 (Normal),신뢰 상품 / Normal,낮음,2026-09-10 14:37:21
세탁건조기,"엘지전자,LG전자",FH25GSF,O,65.23,62.08,0.0,33.75,O,59.27,신뢰 (Normal),신뢰 상품 / Normal,낮음,2026-09-10 14:38:19
드럼세탁기+건조기,삼성전자,DV21DG8600BV,O,62.8,55.12,0.0,33.75,O,55.45,신뢰 (Normal),신뢰 상품 / Normal,낮음,2026-09-10 14:39:48
드럼세탁기+건조기,"엘지전자,LG전자",WA2525IIHF,O,64.38,55.12,0.0,33.75,O,56.17,신뢰 (Normal),신뢰 상품 / Normal,낮음,2026-09-10 14:41:02
세탁건조기,삼성전자,WD90F25CHWN1,O,59.13,57.21,0.0,0.0,O,49.39,신뢰 (Normal),신뢰 상품 / Normal,낮음,2026-09-10 14:43:27
건조기,삼성전자,DV90T5540BV,O,66.1,57.15,0.0,33.75,O,57.19,신뢰 (Normal),신뢰 상품 / Normal,낮음,2026-09-10 14:45:01
드럼세탁기+건조기,"엘지전자,LG전자",W20WHN,O,59.13,55.12,0.0,0.0,O,48.44,신뢰 (Normal),신뢰 상품 / Normal,낮음,2026-09-10 14:46:02
드럼세탁기+건조기,"엘지전자,LG전자",W2520WHM,O,59.13,55.12,0.0,0.0,O,48.44,신뢰 (Normal),신뢰 상품 / Normal,낮음,2026-09-10 14:47:05
드럼세탁기+건조기,"엘지전자,LG전자",W2520WZM,O,59.13,55.12,0.0,0.0,O,48.44,신뢰 (Normal),신뢰 상품 / Normal,낮음,2026-09-10 15:09:50
세탁건조기,삼성전자,WD90H25BHY,O,59.13,57.21,0.0,0.0,O,49.39,신뢰 (Normal),신뢰 상품 / Normal,낮음,2026-09-10 15:12:16
건조기,삼성전자,DV90T5440KW,O,68.75,57.2,0.0,33.75,O,58.38,신뢰 (Normal),신뢰 상품 / Normal,낮음,2026-09-10 15:14:21
드럼세탁기+건조기,삼성전자,DV20CB8890BE,O,62.61,55.12,0.0,33.75,O,55.33,신뢰 (Normal),신뢰 상품 / Normal,낮음,2026-09-10 15:16:38
드럼세탁기+건조기,"엘지전자,LG전자",W21EGAM,O,59.13,55.12,0.0,0.0,O,48.44,신뢰 (Normal),신뢰 상품 / Normal,낮음,2026-09-10 15:17:58
드럼세탁기+건조기,"엘지전자,LG전자",FX24ENER,O,59.13,55.12,0.0,0.0,O,48.44,신뢰 (Normal),신뢰 상품 / Normal,낮음,2026-09-10 15:19:22
건조기,"엘지전자,LG전자",RD20WSQ,O,59.13,58.21,0.0,0.0,O,49.84,신뢰 (Normal),신뢰 상품 / Normal,낮음,2026-09-10 15:20:41
세탁건조기,삼성전자,WD90F25AHT,O,59.13,57.21,0.0,0.0,O,49.39,신뢰 (Normal),신뢰 상품 / Normal,낮음,2026-09-10 15:23:08
세탁건조기,삼성전자,WD90F25AHTN1,O,59.13,57.21,0.0,0.0,O,49.39,신뢰 (Normal),신뢰 상품 / Normal,낮음,2026-09-10 15:24:46
창문형에어컨,삼성전자,AW06C7155EWAZ,O,59.42,62.26,0.0,0.0,O,51.79,신뢰 (Normal),신뢰 상품 / Normal,낮음,2026-09-10 15:26:24
벽걸이에어컨,삼성전자,AR60F07D11WS,O,59.42,62.26,0.0,0.0,O,51.79,신뢰 (Normal),신뢰 상품 / Normal,낮음,2026-09-10 15:28:03
창문형에어컨,삼성전자,AW06C7155TWAZ,O,59.42,62.26,0.0,0.0,O,51.79,신뢰 (Normal),신뢰 상품 / Normal,낮음,2026-09-10 15:29:38
2in1에어컨,"엘지전자,LG전자",FQ18GV3EA2,O,59.42,62.26,0.0,0.0,O,51.79,신뢰 (Normal),신뢰 상품 / Normal,낮음,2026-09-10 15:30:45
벽걸이에어컨,삼성전자,AR60F07D12WS,O,59.42,62.26,0.0,0.0,O,51.79,신뢰 (Normal),신뢰 상품 / Normal,낮음,2026-09-10 15:32:07
창문형에어컨,삼성전자,AW06C7155EWAZ,O,59.42,62.26,0.0,0.0,O,51.79,신뢰 (Normal),신뢰 상품 / Normal,낮음,2026-09-10 15:34:21
창문형에어컨,삼성전자,AW06C7155EWAZ,O,59.42,62.26,0.0,0.0,O,51.79,신뢰 (Normal),신뢰 상품 / Normal,낮음,2026-09-10 15:35:42
창문형에어컨,삼성전자,AW06C7155EWAZ,O,59.42,62.26,0.0,0.0,O,51.79,신뢰 (Normal),신뢰 상품 / Normal,낮음,2026-09-10 15:37:16
창문형에어컨,삼성전자,AW06C7155EWAZ,O,59.42,62.26,0.0,0.0,O,51.79,신뢰 (Normal),신뢰 상품 / Normal,낮음,2026-09-10 15:39:33
벽걸이에어컨,삼성전자,AR60F07D11WS,O,59.42,62.26,0.0,0.0,O,51.79,신뢰 (Normal),신뢰 상품 / Normal,낮음,2026-09-10 15:41:07
벽걸이에어컨,삼성전자,AR60F07D11WS,O,59.42,62.26,0.0,0.0,O,51.79,신뢰 (Normal),신뢰 상품 / Normal,낮음,2026-09-10 15:42:42
창문형에어컨,삼성전자,AW06C7155TWAZ,O,59.42,62.26,0.0,0.0,O,51.79,신뢰 (Normal),신뢰 상품 / Normal,낮음,2026-09-10 15:44:14
창문형에어컨,삼성전자,AW06C7155TWAZ,O,59.42,62.26,0.0,0.0,X,51.79,신뢰 (Normal),신뢰 상품 / Normal,낮음,2026-09-10 23:09:01
인덕션,삼성전자,CC80H63U1HS,O,0.0,0.0,0.0,0.0,O,0.0,AI 워싱 상품 (Washing),AI 워싱 상품 / Washing,높음,2026-09-10 23:15:28
인덕션,삼성전자,CC80H63S1HS,O,0.0,0.0,0.0,0.0,O,0.0,AI 워싱 상품 (Washing),AI 워싱 상품 / Washing,높음,2026-09-10 23:16:49
인덕션,쿠쿠전자,CIR-JS301FW,O,51.77,0.0,0.0,0.0,X,44.0,신뢰 (Normal),신뢰 상품 / Normal,낮음,2026-09-10 23:17:47
인덕션,삼성전자,CC80H63G1HS,O,0.0,0.0,0.0,0.0,O,0.0,AI 워싱 상품 (Washing),AI 워싱 상품 / Washing,높음,2026-09-10 23:19:07
인덕션,삼성전자,CC80H63E1HS,O,0.0,0.0,0.0,0.0,O,0.0,AI 워싱 상품 (Washing),AI 워싱 상품 / Washing,높음,2026-09-10 23:20:26
인덕션,쿠쿠전자,CIR-KS301FB,O,51.77,0.0,0.0,0.0,X,44.0,신뢰 (Normal),신뢰 상품 / Normal,낮음,2026-09-10 23:21:22
로봇청소기,삼성전자,VR90F01SAG,O,60.47,61.42,0.0,33.75,X,56.94,신뢰 (Normal),신뢰 상품 / Normal,낮음,2026-09-11 06:05:58
로봇청소기,삼성전자,VR7MD97716G,O,59.25,60.39,0.0,33.75,X,56.0,신뢰 (Normal),신뢰 상품 / Normal,낮음,2026-09-11 06:32:56
,"엘지전자,LG전자",AS185LGAA,O,0.0,55.15,0.0,0.0,X,46.88,신뢰 (Normal),신뢰 상품 / Normal,낮음,2026-09-11 09:05:52
