domain,product_type,product_name,label,certainty,url,specs_text,matched_patterns
danawa,노트북,LG전자 2025 그램 프로16 16Z90TS-GU7WK (SSD 1TB),genuine,high,https://prod.danawa.com/info/?pcode=77279492,"AI노트북 / 40.6cm(16인치) / 1.199kg / 최대 25.5시간 / 윈도우11홈 / [화면정보] 해상도 : 2560x1600(WQXGA) / 밝기 : 400nit / 주사율 : 144Hz / [CPU] 인텔 / 코어 울트라7(S2) / 258V (4.8GHz) / NPU : 47TOPS / [그래픽] 내장그래픽 / Arc 140V / 8core / [램] 램 : 32GB / 램 교체 : 불가능 / 용량 : 1TB / 저장 슬롯 : 2개 / 전원 : USB-PD / 배터리 : 77Wh / 용도 : 휴대용 , 사무/인강용 / 출시가: 3,190,000원","strong: TOPS, NPU"
danawa,노트북,LG전자 그램북 16U55U-GS5HK (SSD 512GB),genuine,high,https://prod.danawa.com/info/?pcode=122627055,AI노트북 / 40.6cm(16인치) / 1.74kg / 최대 30시간 / 윈도우11홈 / [화면] 해상도 : 1920x1200(WUXGA) / [CPU] AMD / 라이젠AI 5 / 430 (4.5GGHz) / NPU : 50TOPS / [그래픽] 내장그래픽 / Radeon 840M / [구성] 램 : 16GB / 램 교체 : 불가능 / 용량 : 512GB / 저장 슬롯 : 2개 / 전원 : USB-PD / 배터리 : 77Wh / 용도 : 사무/인강용,"strong: TOPS, NPU"
danawa,노트북,삼성전자 갤럭시북6 프로 NT940XJG-K51A (SSD 256GB),genuine,high,https://prod.danawa.com/info/?pcode=106721318,"AI노트북 / 35.6cm(14인치) / 1.24kg / 최대 30시간 / 윈도우11홈 / [화면] 해상도 : 2880x1800(WQXGA+) / 밝기 : 500nit / 주사율 : 120Hz / [CPU] 인텔 / 코어 울트라5(S3) / 338H (4.7GHz) / NPU : 47TOPS / [그래픽] 내장그래픽 / Arc B370 / 10core / [구성] 램 : 16GB / 램 교체 : 불가능 / 용량 : 256GB / 저장 슬롯 : 1개 / 전원 : USB-PD / 배터리 : 67.18Wh / 용도 : 휴대용 , 사무/인강용","strong: TOPS, NPU"
danawa,노트북,LG전자 2026 그램 프로16 16Z90U-KU7WK (SSD 1TB),genuine,high,https://prod.danawa.com/info/?pcode=103453760,"AI노트북 / 40.6cm(16인치) / 1.19kg / 윈도우11홈 / [화면정보] 해상도 : 2880x1800(WQXGA+) / 주사율 : 120Hz / [CPU] 인텔 / 코어 울트라X7(S3) / 358H (4.8GHz) / NPU : 47TOPS / [그래픽] 내장그래픽 / Arc B390 / 12core / [구성] 램 : 32GB / 램 교체 : 불가능 / 용량 : 1TB / 저장 슬롯 : 2개 / 전원 : USB-PD / 배터리 : 77Wh / 용도 : 사무/인강용 , 휴대용 / 출시가: 3,590,000원","strong: TOPS, NPU"
danawa,노트북,LG전자 2025 그램 프로16 16Z90TS-GU7WK (SSD 2TB),genuine,high,https://prod.danawa.com/info/?pcode=77966207,"AI노트북 / 40.6cm(16인치) / 1.199kg / 최대 25.5시간 / 윈도우11홈 / [화면정보] 해상도 : 2560x1600(WQXGA) / 밝기 : 400nit / 주사율 : 144Hz / [CPU] 인텔 / 코어 울트라7(S2) / 258V (4.8GHz) / NPU : 47TOPS / [그래픽] 내장그래픽 / Arc 140V / 8core / [램] 램 : 32GB / 램 교체 : 불가능 / 용량 : 2TB / 저장 슬롯 : 2개 / 전원 : USB-PD / 배터리 : 77Wh / 용도 : 휴대용 , 사무/인강용","strong: TOPS, NPU"
danawa,노트북,LG전자 2025 그램 프로16 16Z90TS-GU7WK (SSD 3TB),genuine,high,https://prod.danawa.com/info/?pcode=91562312,"AI노트북 / 40.6cm(16인치) / 1.199kg / 최대 25.5시간 / 윈도우11홈 / [화면정보] 해상도 : 2560x1600(WQXGA) / 밝기 : 400nit / 주사율 : 144Hz / [CPU] 인텔 / 코어 울트라7(S2) / 258V (4.8GHz) / NPU : 47TOPS / [그래픽] 내장그래픽 / Arc 140V / 8core / [램] 램 : 32GB / 램 교체 : 불가능 / 용량 : 3TB / 저장 슬롯 : 2개 / 전원 : USB-PD / 배터리 : 77Wh / 용도 : 사무/인강용 , 휴대용","strong: TOPS, NPU"
danawa,노트북,LG전자 2025 그램 프로16 16Z90TS-GU7WK (SSD 4TB),genuine,high,https://prod.danawa.com/info/?pcode=78981236,"AI노트북 / 40.6cm(16인치) / 1.199kg / 최대 25.5시간 / 윈도우11홈 / [화면정보] 해상도 : 2560x1600(WQXGA) / 밝기 : 400nit / 주사율 : 144Hz / [CPU] 인텔 / 코어 울트라7(S2) / 258V (4.8GHz) / NPU : 47TOPS / [그래픽] 내장그래픽 / Arc 140V / 8core / [램] 램 : 32GB / 램 교체 : 불가능 / 용량 : 4TB / 저장 슬롯 : 2개 / 전원 : USB-PD / 배터리 : 77Wh / 용도 : 사무/인강용 , 휴대용","strong: TOPS, NPU"
danawa,노트북,LG전자 2025 그램 프로16 16Z90TS-GU7WK (가전 구독 (월)),genuine,high,https://prod.danawa.com/info/?pcode=100691504,"AI노트북 / 40.6cm(16인치) / 1.199kg / 최대 25.5시간 / 윈도우11홈 / [화면정보] 해상도 : 2560x1600(WQXGA) / 밝기 : 400nit / 주사율 : 144Hz / [CPU] 인텔 / 코어 울트라7(S2) / 258V (4.8GHz) / NPU : 47TOPS / [그래픽] 내장그래픽 / Arc 140V / 8core / [램] 램 : 32GB / 램 교체 : 불가능 / 용량 : 1TB / 저장 슬롯 : 2개 / 전원 : USB-PD / 배터리 : 77Wh / 용도 : 휴대용 , 사무/인강용 / [구독/렌탈] 자가관리 / 의무사용48개월 / 설치비포함","strong: TOPS, NPU"
danawa,노트북,LG전자 그램북 16U55U-GS5HK (SSD 1TB),genuine,high,https://prod.danawa.com/info/?pcode=122632205,AI노트북 / 40.6cm(16인치) / 1.74kg / 최대 30시간 / 윈도우11홈 / [화면] 해상도 : 1920x1200(WUXGA) / [CPU] AMD / 라이젠AI 5 / 430 (4.5GGHz) / NPU : 50TOPS / [그래픽] 내장그래픽 / Radeon 840M / [구성] 램 : 16GB / 램 교체 : 불가능 / 용량 : 1TB / 저장 슬롯 : 2개 / 전원 : USB-PD / 배터리 : 77Wh / 용도 : 사무/인강용,"strong: TOPS, NPU"
danawa,노트북,LG전자 그램북 16U55U-GS5HK (SSD 2TB),genuine,high,https://prod.danawa.com/info/?pcode=122632211,AI노트북 / 40.6cm(16인치) / 1.74kg / 최대 30시간 / 윈도우11홈 / [화면] 해상도 : 1920x1200(WUXGA) / [CPU] AMD / 라이젠AI 5 / 430 (4.5GGHz) / NPU : 50TOPS / [그래픽] 내장그래픽 / Radeon 840M / [구성] 램 : 16GB / 램 교체 : 불가능 / 용량 : 2TB / 저장 슬롯 : 2개 / 전원 : USB-PD / 배터리 : 77Wh / 용도 : 사무/인강용,"strong: TOPS, NPU"
danawa,노트북,삼성전자 갤럭시북6 프로 NT940XJG-K51A (SSD 512GB),genuine,high,https://prod.danawa.com/info/?pcode=106749650,"AI노트북 / 35.6cm(14인치) / 1.24kg / 최대 30시간 / 윈도우11홈 / 화면정보 해상도 : 2880x1800(WQXGA+) / 밝기 : 500nit / 주사율 : 120Hz / CPU 인텔 / 코어 울트라5(S3) / 338H (4.7GHz) / NPU : 47TOPS / 그래픽 내장그래픽 / Arc B370 / 10core / 램 램 : 16GB / 램 교체 : 불가능 / 용량 : 512GB / 저장 슬롯 : 1개 / 전원 : USB-PD / 배터리 : 67.18Wh / 용도 : 휴대용 , 사무/인강용","strong: TOPS, NPU"
danawa,노트북,삼성전자 갤럭시북6 프로 NT940XJG-K51A (SSD 1TB),genuine,high,https://prod.danawa.com/info/?pcode=106749659,"AI노트북 / 35.6cm(14인치) / 1.24kg / 최대 30시간 / 윈도우11홈 / 화면정보 해상도 : 2880x1800(WQXGA+) / 밝기 : 500nit / 주사율 : 120Hz / CPU 인텔 / 코어 울트라5(S3) / 338H (4.7GHz) / NPU : 47TOPS / 그래픽 내장그래픽 / Arc B370 / 10core / 램 램 : 16GB / 램 교체 : 불가능 / 용량 : 1TB / 저장 슬롯 : 1개 / 전원 : USB-PD / 배터리 : 67.18Wh / 용도 : 휴대용 , 사무/인강용","strong: TOPS, NPU"
danawa,노트북,삼성전자 갤럭시북6 프로 NT940XJG-K51A (SSD 2TB),genuine,high,https://prod.danawa.com/info/?pcode=106749662,"AI노트북 / 35.6cm(14인치) / 1.24kg / 최대 30시간 / 윈도우11홈 / 화면정보 해상도 : 2880x1800(WQXGA+) / 밝기 : 500nit / 주사율 : 120Hz / CPU 인텔 / 코어 울트라5(S3) / 338H (4.7GHz) / NPU : 47TOPS / 그래픽 내장그래픽 / Arc B370 / 10core / 램 램 : 16GB / 램 교체 : 불가능 / 용량 : 2TB / 저장 슬롯 : 1개 / 전원 : USB-PD / 배터리 : 67.18Wh / 용도 : 휴대용 , 사무/인강용","strong: TOPS, NPU"
danawa,노트북,LG전자 2026 그램 프로16 16Z90U-KU7WK (SSD 2TB),genuine,high,https://prod.danawa.com/info/?pcode=103482035,"AI노트북 / 40.6cm(16인치) / 1.19kg / 윈도우11홈 / [화면정보] 해상도 : 2880x1800(WQXGA+) / 주사율 : 120Hz / [CPU] 인텔 / 코어 울트라X7(S3) / 358H (4.8GHz) / NPU : 47TOPS / [그래픽] 내장그래픽 / Arc B390 / 12core / [램] 램 : 32GB / 램 교체 : 불가능 / 용량 : 2TB / 저장 슬롯 : 2개 / 전원 : USB-PD / 배터리 : 77Wh / 용도 : 휴대용 , 사무/인강용","strong: TOPS, NPU"
danawa,노트북,LG전자 2026 그램 프로16 16Z90U-KU7WK (SSD 3TB),genuine,high,https://prod.danawa.com/info/?pcode=103601357,"AI노트북 / 40.6cm(16인치) / 1.19kg / 윈도우11홈 / [화면정보] 해상도 : 2880x1800(WQXGA+) / 주사율 : 120Hz / [CPU] 인텔 / 코어 울트라X7(S3) / 358H (4.8GHz) / NPU : 47TOPS / [그래픽] 내장그래픽 / Arc B390 / 12core / [램] 램 : 32GB / 램 교체 : 불가능 / 용량 : 3TB / 저장 슬롯 : 2개 / 전원 : USB-PD / 배터리 : 77Wh / 용도 : 사무/인강용 , 휴대용","strong: TOPS, NPU"
danawa,노트북,LG전자 2026 그램 프로16 16Z90U-KU7WK (SSD 4TB),genuine,high,https://prod.danawa.com/info/?pcode=103482038,"AI노트북 / 40.6cm(16인치) / 1.19kg / 윈도우11홈 / [화면정보] 해상도 : 2880x1800(WQXGA+) / 주사율 : 120Hz / [CPU] 인텔 / 코어 울트라X7(S3) / 358H (4.8GHz) / NPU : 47TOPS / [그래픽] 내장그래픽 / Arc B390 / 12core / [램] 램 : 32GB / 램 교체 : 불가능 / 용량 : 4TB / 저장 슬롯 : 2개 / 전원 : USB-PD / 배터리 : 77Wh / 용도 : 휴대용 , 사무/인강용","strong: TOPS, NPU"
danawa,노트북,LG전자 2026 그램 프로16 16Z95U-GS5WK (SSD 512GB),genuine,high,https://prod.danawa.com/info/?pcode=103451483,"AI노트북 / 40.6cm(16인치) / 1.199kg / 최대 27시간 / 윈도우11홈 / [화면정보] 해상도 : 2560x1600(WQXGA) / 주사율 : 144Hz / [CPU] AMD / 라이젠AI 5 / 435 (4.5GHz) / NPU : 50TOPS / [그래픽] 내장그래픽 / Radeon 840M / 4core / [구성] 램 : 16GB / 램 교체 : 불가능 / 용량 : 512GB / 저장 슬롯 : 2개 / 전원 : USB-PD / 배터리 : 77Wh / 용도 : 사무/인강용 , 휴대용 / 출시가: 2,690,000원","strong: TOPS, NPU"
danawa,노트북,LG전자 2026 그램 프로16 16Z95U-GS5WK (SSD 1TB),genuine,high,https://prod.danawa.com/info/?pcode=104592104,"AI노트북 / 40.6cm(16인치) / 1.199kg / 최대 27시간 / 윈도우11홈 / [화면정보] 해상도 : 2560x1600(WQXGA) / 주사율 : 144Hz / [CPU] AMD / 라이젠AI 5 / 435 (4.5GHz) / NPU : 50TOPS / [그래픽] 내장그래픽 / Radeon 840M / 4core / [램] 램 : 16GB / 램 교체 : 불가능 / 용량 : 1TB / 저장 슬롯 : 2개 / 전원 : USB-PD / 배터리 : 77Wh / 용도 : 휴대용 , 사무/인강용","strong: TOPS, NPU"
danawa,노트북,LG전자 2026 그램 프로16 16Z95U-GS5WK (SSD 2TB),genuine,high,https://prod.danawa.com/info/?pcode=104592116,"AI노트북 / 40.6cm(16인치) / 1.199kg / 최대 27시간 / 윈도우11홈 / [화면정보] 해상도 : 2560x1600(WQXGA) / 주사율 : 144Hz / [CPU] AMD / 라이젠AI 5 / 435 (4.5GHz) / NPU : 50TOPS / [그래픽] 내장그래픽 / Radeon 840M / 4core / [램] 램 : 16GB / 램 교체 : 불가능 / 용량 : 2TB / 저장 슬롯 : 2개 / 전원 : USB-PD / 배터리 : 77Wh / 용도 : 휴대용 , 사무/인강용","strong: TOPS, NPU"
danawa,노트북,LG전자 2026 그램 프로16 16Z95U-GS5WK (SSD 3TB),genuine,high,https://prod.danawa.com/info/?pcode=104592122,"AI노트북 / 40.6cm(16인치) / 1.199kg / 최대 27시간 / 윈도우11홈 / [화면정보] 해상도 : 2560x1600(WQXGA) / 주사율 : 144Hz / [CPU] AMD / 라이젠AI 5 / 435 (4.5GHz) / NPU : 50TOPS / [그래픽] 내장그래픽 / Radeon 840M / 4core / [램] 램 : 16GB / 램 교체 : 불가능 / 용량 : 4TB / 저장 슬롯 : 2개 / 전원 : USB-PD / 배터리 : 77Wh / 용도 : 사무/인강용 , 휴대용","strong: TOPS, NPU"
danawa,노트북,LG전자 2026 그램 프로16 16Z95U-GS5WK (SSD 4TB),genuine,high,https://prod.danawa.com/info/?pcode=104592128,"AI노트북 / 40.6cm(16인치) / 1.199kg / 최대 27시간 / 윈도우11홈 / [화면정보] 해상도 : 2560x1600(WQXGA) / 주사율 : 144Hz / [CPU] AMD / 라이젠AI 5 / 435 (4.5GHz) / NPU : 50TOPS / [그래픽] 내장그래픽 / Radeon 840M / 4core / [램] 램 : 16GB / 램 교체 : 불가능 / 용량 : 4TB / 저장 슬롯 : 2개 / 전원 : USB-PD / 배터리 : 77Wh / 용도 : 사무/인강용 , 휴대용","strong: TOPS, NPU"
danawa,노트북,LG전자 2026 그램 프로16 16Z90U-KU7BK (SSD 512GB),genuine,high,https://prod.danawa.com/info/?pcode=103453775,"AI노트북 / 40.6cm(16인치) / 1.19kg / 윈도우11홈 / [화면정보] 해상도 : 2880x1800(WQXGA+) / 주사율 : 120Hz / [CPU] 인텔 / 코어 울트라X7(S3) / 358H (4.8GHz) / NPU : 47TOPS / [그래픽] 내장그래픽 / Arc B390 / 12core / [구성] 램 : 32GB / 램 교체 : 불가능 / 용량 : 512GB / 저장 슬롯 : 2개 / 전원 : USB-PD / 배터리 : 77Wh / 용도 : 사무/인강용 , 휴대용 / 출시가: 3,590,000원","strong: TOPS, NPU"
danawa,노트북,LG전자 2026 그램 프로16 16Z90U-KU7BK (SSD 1TB),genuine,high,https://prod.danawa.com/info/?pcode=103751669,"AI노트북 / 40.6cm(16인치) / 1.19kg / 윈도우11홈 / [화면정보] 해상도 : 2880x1800(WQXGA+) / 주사율 : 120Hz / [CPU] 인텔 / 코어 울트라X7(S3) / 358H (4.8GHz) / NPU : 47TOPS / [그래픽] 내장그래픽 / Arc B390 / 12core / [램] 램 : 32GB / 램 교체 : 불가능 / 용량 : 1TB / 저장 슬롯 : 2개 / 전원 : USB-PD / 배터리 : 77Wh / 용도 : 사무/인강용 , 휴대용","strong: TOPS, NPU"
danawa,노트북,LG전자 2026 그램 프로16 16Z90U-KU7BK (SSD 2TB),genuine,high,https://prod.danawa.com/info/?pcode=103751678,"AI노트북 / 40.6cm(16인치) / 1.19kg / 윈도우11홈 / [화면정보] 해상도 : 2880x1800(WQXGA+) / 주사율 : 120Hz / [CPU] 인텔 / 코어 울트라X7(S3) / 358H (4.8GHz) / NPU : 47TOPS / [그래픽] 내장그래픽 / Arc B390 / 12core / [램] 램 : 32GB / 램 교체 : 불가능 / 용량 : 2TB / 저장 슬롯 : 2개 / 전원 : USB-PD / 배터리 : 77Wh / 용도 : 사무/인강용 , 휴대용","strong: TOPS, NPU"
danawa,노트북,LG전자 2026 그램 프로16 16Z90U-KU7BK (SSD 3TB),genuine,high,https://prod.danawa.com/info/?pcode=103807949,"AI노트북 / 40.6cm(16인치) / 1.19kg / 윈도우11홈 / [화면정보] 해상도 : 2880x1800(WQXGA+) / 주사율 : 120Hz / [CPU] 인텔 / 코어 울트라X7(S3) / 358H (4.8GHz) / NPU : 47TOPS / [그래픽] 내장그래픽 / Arc B390 / 12core / [램] 램 : 32GB / 램 교체 : 불가능 / 용량 : 3TB / 저장 슬롯 : 2개 / 전원 : USB-PD / 배터리 : 77Wh / 용도 : 사무/인강용 , 휴대용","strong: TOPS, NPU"
danawa,노트북,LG전자 2026 그램 프로16 16Z90U-KU7BK (SSD 4TB),genuine,high,https://prod.danawa.com/info/?pcode=103807952,"AI노트북 / 40.6cm(16인치) / 1.19kg / 윈도우11홈 / [화면정보] 해상도 : 2880x1800(WQXGA+) / 주사율 : 120Hz / [CPU] 인텔 / 코어 울트라X7(S3) / 358H (4.8GHz) / NPU : 47TOPS / [그래픽] 내장그래픽 / Arc B390 / 12core / [램] 램 : 32GB / 램 교체 : 불가능 / 용량 : 4TB / 저장 슬롯 : 2개 / 전원 : USB-PD / 배터리 : 77Wh / 용도 : 사무/인강용 , 휴대용","strong: TOPS, NPU"
danawa,올인원PC,"삼성전자 올인원 PRO DM970AGA-L51A (16GB, M.2 256GB)",genuine,high,https://prod.danawa.com/info/?pcode=47489429,125H / Arc 그래픽스 / 윈도우11 / 인텔 / 코어울트라 시리즈1 / 코어 울트라5 / 메테오레이크 / 인텔 AI Boost / 11TOPS / LPDDR5X / 16GB / M.2 / 256GB / INTEL / 화면크기 : 68.6cm(27인치) / 3840x2160 / 눈부심방지 / 스피커 내장형 / 1Gbps 유선 / 802.11ax(Wi-Fi 6E) 무선 / 블루투스 / USB3.x 5Gbps / 썬더볼트4 / 웹캠 / 마이크 내장 / DC / 일체형 / 6.9kg,"strong: TOPS, AI Boost"
danawa,올인원PC,"삼성전자 올인원 PRO DM970AGA-L71AR (32GB, M.2 1TB)",genuine,high,https://prod.danawa.com/info/?pcode=49164173,155H / Arc 그래픽스 / 윈도우11 / 인텔 / 코어울트라 시리즈1 / 코어 울트라7 / 메테오레이크 / 인텔 AI Boost / 11TOPS / LPDDR5X / 32GB / M.2 / 1TB / INTEL / 화면크기 : 68.6cm(27인치) / 3840x2160 / 눈부심방지 / 스피커 내장형 / 1Gbps 유선 / 802.11ax(Wi-Fi 6E) 무선 / 블루투스 / USB3.x 5Gbps / 썬더볼트4 / 웹캠 / 마이크 내장 / DC / 일체형 / 6.9kg,"strong: TOPS, AI Boost"
danawa,올인원PC,"삼성전자 올인원 PRO DM970AGA-LC51G (16GB, M.2 512GB)",genuine,high,https://prod.danawa.com/info/?pcode=47522042,"125H / Arc 그래픽스 / 윈도우11 / 인텔 / 코어울트라 시리즈1 / 코어 울트라5 / 메테오레이크 / 인텔 AI Boost / 11TOPS / LPDDR5X / 16GB / M.2 / 512GB / INTEL / 화면크기 : 68.6cm(27인치) / 3840x2160 / 눈부심방지 / 스피커 내장형 / 1Gbps 유선 / 802.11ax(Wi-Fi 6E) 무선 / 블루투스 / USB3.x 5Gbps / 썬더볼트4 / 웹캠 / 마이크 내장 / DC / 일체형 / 6.9kg / 출시가: 1,990,000원","strong: TOPS, AI Boost"
danawa,올인원PC,"삼성전자 올인원 PRO DM970AGA-L51AR (32GB, M.2 512GB)",genuine,high,https://prod.danawa.com/info/?pcode=49164068,125H / Arc 그래픽스 / 윈도우11 / 인텔 / 코어울트라 시리즈1 / 코어 울트라5 / 메테오레이크 / 인텔 AI Boost / 11TOPS / LPDDR5X / 32GB / M.2 / 512GB / INTEL / 화면크기 : 68.6cm(27인치) / 3840x2160 / 눈부심방지 / 스피커 내장형 / 1Gbps 유선 / 802.11ax(Wi-Fi 6E) 무선 / 블루투스 / USB3.x 5Gbps / 썬더볼트4 / 웹캠 / 마이크 내장 / DC / 일체형 / 6.9kg / 구성변경상품,"strong: TOPS, AI Boost"
danawa,올인원PC,"삼성전자 올인원 PRO DM970AGA-L51AG Win11Pro (16GB, M.2 1TB)",genuine,high,https://prod.danawa.com/info/?pcode=122618395,125H / Arc 그래픽스 / 윈도우11 프로 / 185W / 인텔 / 코어울트라 시리즈1 / 코어 울트라5 / 메테오레이크 / 인텔 AI Boost / 11TOPS / LPDDR5X / 16GB / M.2 / 1TB / INTEL / 화면크기 : 68.6cm(27인치) / 3840x2160 / 눈부심방지 / 스피커 내장형 / 1Gbps 유선 / 802.11ax(Wi-Fi 6E) 무선 / 블루투스 / USB3.x 5Gbps / 썬더볼트4 / 웹캠 / 마이크 내장 / DC / 일체형 / 6.9kg,"strong: TOPS, AI Boost"
danawa,올인원PC,"삼성전자 올인원 PRO DM970AGA-L51A (16GB, M.2 512GB)",genuine,high,https://prod.danawa.com/info/?pcode=60321443,125H / Arc 그래픽스 / 윈도우11 / 인텔 / 코어울트라 시리즈1 / 코어 울트라5 / 메테오레이크 / 인텔 AI Boost / 11TOPS / LPDDR5X / 16GB / M.2 / 512GB / INTEL / 화면크기 : 68.6cm(27인치) / 3840x2160 / 눈부심방지 / 스피커 내장형 / 1Gbps 유선 / 802.11ax(Wi-Fi 6E) 무선 / 블루투스 / USB3.x 5Gbps / 썬더볼트4 / 웹캠 / 마이크 내장 / DC / 일체형 / 6.9kg / 구성변경상품,"strong: TOPS, AI Boost"
danawa,올인원PC,"삼성전자 올인원 PRO DM970AGA-L51A (16GB, M.2 1TB)",genuine,high,https://prod.danawa.com/info/?pcode=61442087,125H / Arc 그래픽스 / 윈도우11 / 인텔 / 코어울트라 시리즈1 / 코어 울트라5 / 메테오레이크 / 인텔 AI Boost / 11TOPS / LPDDR5X / 16GB / M.2 / 1TB / INTEL / 화면크기 : 68.6cm(27인치) / 3840x2160 / 눈부심방지 / 스피커 내장형 / 1Gbps 유선 / 802.11ax(Wi-Fi 6E) 무선 / 블루투스 / USB3.x 5Gbps / 썬더볼트4 / 웹캠 / 마이크 내장 / DC / 일체형 / 6.9kg / 구성변경상품,"strong: TOPS, AI Boost"
danawa,올인원PC,"삼성전자 올인원 PRO DM970AGA-L51A (16GB, M.2 2TB)",genuine,high,https://prod.danawa.com/info/?pcode=61442090,125H / Arc 그래픽스 / 윈도우11 / 인텔 / 코어울트라 시리즈1 / 코어 울트라5 / 메테오레이크 / 인텔 AI Boost / 11TOPS / LPDDR5X / 16GB / M.2 / 2TB / INTEL / 화면크기 : 68.6cm(27인치) / 3840x2160 / 눈부심방지 / 스피커 내장형 / 1Gbps 유선 / 802.11ax(Wi-Fi 6E) 무선 / 블루투스 / USB3.x 5Gbps / 썬더볼트4 / 웹캠 / 마이크 내장 / DC / 일체형 / 6.9kg / 구성변경상품,"strong: TOPS, AI Boost"
danawa,올인원PC,"삼성전자 올인원 PRO DM970AGA-L51A (16GB, M.2 4TB)",genuine,high,https://prod.danawa.com/info/?pcode=61442102,125H / Arc 그래픽스 / 윈도우11 / 인텔 / 코어울트라 시리즈1 / 코어 울트라5 / 메테오레이크 / 인텔 AI Boost / 11TOPS / LPDDR5X / 16GB / M.2 / 4TB / INTEL / 화면크기 : 68.6cm(27인치) / 3840x2160 / 눈부심방지 / 스피커 내장형 / 1Gbps 유선 / 802.11ax(Wi-Fi 6E) 무선 / 블루투스 / USB3.x 5Gbps / 썬더볼트4 / 웹캠 / 마이크 내장 / DC / 일체형 / 6.9kg / 구성변경상품,"strong: TOPS, AI Boost"
danawa,올인원PC,"삼성전자 올인원 PRO DM970AGA-L51A (16GB, M.2 256GB + M.2 256GB)",genuine,high,https://prod.danawa.com/info/?pcode=61442057,125H / Arc 그래픽스 / 윈도우11 / 인텔 / 코어울트라 시리즈1 / 코어 울트라5 / 메테오레이크 / 인텔 AI Boost / 11TOPS / LPDDR5X / 16GB / M.2 / 256GB + 256GB / INTEL / 화면크기 : 68.6cm(27인치) / 3840x2160 / 눈부심방지 / 스피커 내장형 / 1Gbps 유선 / 802.11ax(Wi-Fi 6E) 무선 / 블루투스 / USB3.x 5Gbps / 썬더볼트4 / 웹캠 / 마이크 내장 / DC / 일체형 / 6.9kg / 구성변경상품,"strong: TOPS, AI Boost"
danawa,올인원PC,"삼성전자 올인원 PRO DM970AGA-L51A (16GB, M.2 256GB + M.2 512GB)",genuine,high,https://prod.danawa.com/info/?pcode=61442063,125H / Arc 그래픽스 / 윈도우11 / 인텔 / 코어울트라 시리즈1 / 코어 울트라5 / 메테오레이크 / 인텔 AI Boost / 11TOPS / LPDDR5X / 16GB / M.2 / 256GB + 512GB / INTEL / 화면크기 : 68.6cm(27인치) / 3840x2160 / 눈부심방지 / 스피커 내장형 / 1Gbps 유선 / 802.11ax(Wi-Fi 6E) 무선 / 블루투스 / USB3.x 5Gbps / 썬더볼트4 / 웹캠 / 마이크 내장 / DC / 일체형 / 6.9kg / 구성변경상품,"strong: TOPS, AI Boost"
danawa,올인원PC,"삼성전자 올인원 PRO DM970AGA-L51A (16GB, M.2 256GB + M.2 1TB)",genuine,high,https://prod.danawa.com/info/?pcode=61442072,125H / Arc 그래픽스 / 윈도우11 / 인텔 / 코어울트라 시리즈1 / 코어 울트라5 / 메테오레이크 / 인텔 AI Boost / 11TOPS / LPDDR5X / 16GB / M.2 / 256GB + 1TB / INTEL / 화면크기 : 68.6cm(27인치) / 3840x2160 / 눈부심방지 / 스피커 내장형 / 1Gbps 유선 / 802.11ax(Wi-Fi 6E) 무선 / 블루투스 / USB3.x 5Gbps / 썬더볼트4 / 웹캠 / 마이크 내장 / DC / 일체형 / 6.9kg / 구성변경상품,"strong: TOPS, AI Boost"
danawa,올인원PC,"삼성전자 올인원 PRO DM970AGA-L51A (16GB, M.2 256GB + M.2 2TB)",genuine,high,https://prod.danawa.com/info/?pcode=61442081,125H / Arc 그래픽스 / 윈도우11 / 인텔 / 코어울트라 시리즈1 / 코어 울트라5 / 메테오레이크 / 인텔 AI Boost / 11TOPS / LPDDR5X / 16GB / M.2 / 256GB + 2TB / INTEL / 화면크기 : 68.6cm(27인치) / 3840x2160 / 눈부심방지 / 스피커 내장형 / 1Gbps 유선 / 802.11ax(Wi-Fi 6E) 무선 / 블루투스 / USB3.x 5Gbps / 썬더볼트4 / 웹캠 / 마이크 내장 / DC / 일체형 / 6.9kg / 구성변경상품,"strong: TOPS, AI Boost"
danawa,올인원PC,"삼성전자 올인원 PRO DM970AGA-L51A (16GB, M.2 256GB + M.2 4TB)",genuine,high,https://prod.danawa.com/info/?pcode=61442093,125H / Arc 그래픽스 / 윈도우11 / 인텔 / 코어울트라 시리즈1 / 코어 울트라5 / 메테오레이크 / 인텔 AI Boost / 11TOPS / LPDDR5X / 16GB / M.2 / 256GB + 4TB / INTEL / 화면크기 : 68.6cm(27인치) / 3840x2160 / 눈부심방지 / 스피커 내장형 / 1Gbps 유선 / 802.11ax(Wi-Fi 6E) 무선 / 블루투스 / USB3.x 5Gbps / 썬더볼트4 / 웹캠 / 마이크 내장 / DC / 일체형 / 6.9kg / 구성변경상품,"strong: TOPS, AI Boost"
danawa,올인원PC,"삼성전자 올인원 PRO DM970AGA-L71AR (32GB, M.2 2TB)",genuine,high,https://prod.danawa.com/info/?pcode=70001708,155H / Arc 그래픽스 / 윈도우11 / 인텔 / 코어울트라 시리즈1 / 코어 울트라7 / 메테오레이크 / 인텔 AI Boost / 11TOPS / LPDDR5X / 32GB / M.2 / 2TB / INTEL / 화면크기 : 68.6cm(27인치) / 3840x2160 / 눈부심방지 / 스피커 내장형 / 1Gbps 유선 / 802.11ax(Wi-Fi 6E) 무선 / 블루투스 / USB3.x 5Gbps / 썬더볼트4 / 웹캠 / 마이크 내장 / DC / 일체형 / 6.9kg / 구성변경상품,"strong: TOPS, AI Boost"
danawa,올인원PC,"삼성전자 올인원 PRO DM970AGA-L71AR (32GB, M.2 4TB)",genuine,high,https://prod.danawa.com/info/?pcode=71964662,155H / Arc 그래픽스 / 윈도우11 / 인텔 / 코어울트라 시리즈1 / 코어 울트라7 / 메테오레이크 / 인텔 AI Boost / 11TOPS / LPDDR5X / 32GB / M.2 / 4TB / INTEL / 화면크기 : 68.6cm(27인치) / 3840x2160 / 눈부심방지 / 스피커 내장형 / 1Gbps 유선 / 802.11ax(Wi-Fi 6E) 무선 / 블루투스 / USB3.x 5Gbps / 썬더볼트4 / 웹캠 / 마이크 내장 / DC / 일체형 / 6.9kg / 구성변경상품,"strong: TOPS, AI Boost"
danawa,올인원PC,"삼성전자 올인원 PRO DM970AGA-L71AR (32GB, M.2 1TB + M.2 1TB)",genuine,high,https://prod.danawa.com/info/?pcode=71972204,155H / Arc 그래픽스 / 윈도우11 / 인텔 / 코어울트라 시리즈1 / 코어 울트라7 / 메테오레이크 / 인텔 AI Boost / 11TOPS / LPDDR5X / 32GB / M.2 / 1TB + 1TB / INTEL / 화면크기 : 68.6cm(27인치) / 3840x2160 / 눈부심방지 / 스피커 내장형 / 1Gbps 유선 / 802.11ax(Wi-Fi 6E) 무선 / 블루투스 / USB3.x 5Gbps / 썬더볼트4 / 웹캠 / 마이크 내장 / DC / 일체형 / 6.9kg / 구성변경상품,"strong: TOPS, AI Boost"
danawa,올인원PC,"삼성전자 올인원 PRO DM970AGA-L71AR (32GB, M.2 1TB + M.2 2TB)",genuine,high,https://prod.danawa.com/info/?pcode=71964671,155H / Arc 그래픽스 / 윈도우11 / 인텔 / 코어울트라 시리즈1 / 코어 울트라7 / 메테오레이크 / 인텔 AI Boost / 11TOPS / LPDDR5X / 32GB / M.2 / 1TB + 2TB / INTEL / 화면크기 : 68.6cm(27인치) / 3840x2160 / 눈부심방지 / 스피커 내장형 / 1Gbps 유선 / 802.11ax(Wi-Fi 6E) 무선 / 블루투스 / USB3.x 5Gbps / 썬더볼트4 / 웹캠 / 마이크 내장 / DC / 일체형 / 6.9kg / 구성변경상품,"strong: TOPS, AI Boost"
danawa,올인원PC,"삼성전자 올인원 PRO DM970AGA-L71AR (32GB, M.2 1TB + M.2 4TB)",genuine,high,https://prod.danawa.com/info/?pcode=71964674,155H / Arc 그래픽스 / 윈도우11 / 인텔 / 코어울트라 시리즈1 / 코어 울트라7 / 메테오레이크 / 인텔 AI Boost / 11TOPS / LPDDR5X / 32GB / M.2 / 1TB + 4TB / INTEL / 화면크기 : 68.6cm(27인치) / 3840x2160 / 눈부심방지 / 스피커 내장형 / 1Gbps 유선 / 802.11ax(Wi-Fi 6E) 무선 / 블루투스 / USB3.x 5Gbps / 썬더볼트4 / 웹캠 / 마이크 내장 / DC / 일체형 / 6.9kg / 구성변경상품,"strong: TOPS, AI Boost"
danawa,올인원PC,"삼성전자 올인원 PRO DM970AGA-LC51G (16GB, M.2 512GB + M.2 256GB)",genuine,high,https://prod.danawa.com/info/?pcode=65305349,125H / Arc 그래픽스 / 윈도우11 / 인텔 / 코어울트라 시리즈1 / 코어 울트라5 / 메테오레이크 / 인텔 AI Boost / 11TOPS / LPDDR5X / 16GB / M.2 / 512GB + 256GB / INTEL / 화면크기 : 68.6cm(27인치) / 3840x2160 / 눈부심방지 / 스피커 내장형 / 1Gbps 유선 / 802.11ax(Wi-Fi 6E) 무선 / 블루투스 / USB3.x 5Gbps / 썬더볼트4 / 웹캠 / 마이크 내장 / DC / 일체형 / 6.9kg / 용도 : 사무/인강용 / 구성변경상품,"strong: TOPS, AI Boost"
danawa,올인원PC,"삼성전자 올인원 PRO DM970AGA-LC51G (16GB, M.2 512GB + M.2 512GB)",genuine,high,https://prod.danawa.com/info/?pcode=65305406,125H / Arc 그래픽스 / 윈도우11 / 인텔 / 코어울트라 시리즈1 / 코어 울트라5 / 메테오레이크 / 인텔 AI Boost / 11TOPS / LPDDR5X / 16GB / M.2 / 512GB + 512GB / INTEL / 화면크기 : 68.6cm(27인치) / 3840x2160 / 눈부심방지 / 스피커 내장형 / 1Gbps 유선 / 802.11ax(Wi-Fi 6E) 무선 / 블루투스 / USB3.x 5Gbps / 썬더볼트4 / 웹캠 / 마이크 내장 / DC / 일체형 / 6.9kg / 용도 : 사무/인강용 / 구성변경상품,"strong: TOPS, AI Boost"
danawa,올인원PC,"삼성전자 올인원 PRO DM970AGA-LC51G (16GB, M.2 512GB + M.2 1TB)",genuine,high,https://prod.danawa.com/info/?pcode=65305298,125H / Arc 그래픽스 / 윈도우11 / 인텔 / 코어울트라 시리즈1 / 코어 울트라5 / 메테오레이크 / 인텔 AI Boost / 11TOPS / LPDDR5X / 16GB / M.2 / 512GB + 1TB / INTEL / 화면크기 : 68.6cm(27인치) / 3840x2160 / 눈부심방지 / 스피커 내장형 / 1Gbps 유선 / 802.11ax(Wi-Fi 6E) 무선 / 블루투스 / USB3.x 5Gbps / 썬더볼트4 / 웹캠 / 마이크 내장 / DC / 일체형 / 6.9kg / 용도 : 사무/인강용 / 구성변경상품,"strong: TOPS, AI Boost"
danawa,올인원PC,"삼성전자 올인원 PRO DM970AGA-LC51G (16GB, M.2 512GB + M.2 2TB)",genuine,high,https://prod.danawa.com/info/?pcode=65305238,125H / Arc 그래픽스 / 윈도우11 / 인텔 / 코어울트라 시리즈1 / 코어 울트라5 / 메테오레이크 / 인텔 AI Boost / 11TOPS / LPDDR5X / 16GB / M.2 / 512GB + 2TB / INTEL / 화면크기 : 68.6cm(27인치) / 3840x2160 / 눈부심방지 / 스피커 내장형 / 1Gbps 유선 / 802.11ax(Wi-Fi 6E) 무선 / 블루투스 / USB3.x 5Gbps / 썬더볼트4 / 웹캠 / 마이크 내장 / DC / 일체형 / 6.9kg / 용도 : 사무/인강용 / 구성변경상품,"strong: TOPS, AI Boost"
danawa,올인원PC,"삼성전자 올인원 PRO DM970AGA-LC51G (16GB, M.2 512GB + M.2 4TB)",genuine,high,https://prod.danawa.com/info/?pcode=92235620,125H / Arc 그래픽스 / 윈도우11 / 인텔 / 코어울트라 시리즈1 / 코어 울트라5 / 메테오레이크 / 인텔 AI Boost / 11TOPS / LPDDR5X / 16GB / M.2 / 512GB + 4TB / INTEL / 화면크기 : 68.6cm(27인치) / 3840x2160 / 눈부심방지 / 스피커 내장형 / 1Gbps 유선 / 802.11ax(Wi-Fi 6E) 무선 / 블루투스 / USB3.x 5Gbps / 썬더볼트4 / 웹캠 / 마이크 내장 / DC / 일체형 / 6.9kg / 용도 : 사무/인강용 / 구성변경상품,"strong: TOPS, AI Boost"
danawa,올인원PC,"삼성전자 올인원 PRO DM970AGA-LC51G (16GB, M.2 1TB)",genuine,high,https://prod.danawa.com/info/?pcode=65305550,125H / Arc 그래픽스 / 윈도우11 / 인텔 / 코어울트라 시리즈1 / 코어 울트라5 / 메테오레이크 / 인텔 AI Boost / 11TOPS / LPDDR5X / 16GB / M.2 / 1TB / INTEL / 화면크기 : 68.6cm(27인치) / 3840x2160 / 눈부심방지 / 스피커 내장형 / 1Gbps 유선 / 802.11ax(Wi-Fi 6E) 무선 / 블루투스 / USB3.x 5Gbps / 썬더볼트4 / 웹캠 / 마이크 내장 / DC / 일체형 / 6.9kg / 용도 : 사무/인강용 / 구성변경상품,"strong: TOPS, AI Boost"
danawa,올인원PC,"삼성전자 올인원 PRO DM970AGA-LC51G (16GB, M.2 2TB)",genuine,high,https://prod.danawa.com/info/?pcode=65305520,125H / Arc 그래픽스 / 윈도우11 / 인텔 / 코어울트라 시리즈1 / 코어 울트라5 / 메테오레이크 / 인텔 AI Boost / 11TOPS / LPDDR5X / 16GB / M.2 / 2TB / INTEL / 화면크기 : 68.6cm(27인치) / 3840x2160 / 눈부심방지 / 스피커 내장형 / 1Gbps 유선 / 802.11ax(Wi-Fi 6E) 무선 / 블루투스 / USB3.x 5Gbps / 썬더볼트4 / 웹캠 / 마이크 내장 / DC / 일체형 / 6.9kg / 용도 : 사무/인강용 / 구성변경상품,"strong: TOPS, AI Boost"
danawa,올인원PC,"삼성전자 올인원 PRO DM970AGA-LC51G (16GB, M.2 4TB)",genuine,high,https://prod.danawa.com/info/?pcode=92235623,125H / Arc 그래픽스 / 윈도우11 / 인텔 / 코어울트라 시리즈1 / 코어 울트라5 / 메테오레이크 / 인텔 AI Boost / 11TOPS / LPDDR5X / 16GB / M.2 / 4TB / INTEL / 화면크기 : 68.6cm(27인치) / 3840x2160 / 눈부심방지 / 스피커 내장형 / 1Gbps 유선 / 802.11ax(Wi-Fi 6E) 무선 / 블루투스 / USB3.x 5Gbps / 썬더볼트4 / 웹캠 / 마이크 내장 / DC / 일체형 / 6.9kg / 용도 : 사무/인강용 / 구성변경상품,"strong: TOPS, AI Boost"
danawa,올인원PC,"삼성전자 올인원 PRO DM970AGA-L51AR (32GB, M.2 1TB)",genuine,high,https://prod.danawa.com/info/?pcode=72227609,125H / Arc 그래픽스 / 윈도우11 / 인텔 / 코어울트라 시리즈1 / 코어 울트라5 / 메테오레이크 / 인텔 AI Boost / 11TOPS / LPDDR5X / 32GB / M.2 / 1TB / INTEL / 화면크기 : 68.6cm(27인치) / 3840x2160 / 눈부심방지 / 스피커 내장형 / 1Gbps 유선 / 802.11ax(Wi-Fi 6E) 무선 / 블루투스 / USB3.x 5Gbps / 썬더볼트4 / 웹캠 / 마이크 내장 / DC / 일체형 / 6.9kg / 구성변경상품,"strong: TOPS, AI Boost"
danawa,올인원PC,"삼성전자 올인원 PRO DM970AGA-L51AR (32GB, M.2 2TB)",genuine,high,https://prod.danawa.com/info/?pcode=73121762,125H / Arc 그래픽스 / 윈도우11 / 인텔 / 코어울트라 시리즈1 / 코어 울트라5 / 메테오레이크 / 인텔 AI Boost / 11TOPS / LPDDR5X / 32GB / M.2 / 2TB / INTEL / 화면크기 : 68.6cm(27인치) / 3840x2160 / 눈부심방지 / 스피커 내장형 / 1Gbps 유선 / 802.11ax(Wi-Fi 6E) 무선 / 블루투스 / USB3.x 5Gbps / 썬더볼트4 / 웹캠 / 마이크 내장 / DC / 일체형 / 6.9kg / 구성변경상품,"strong: TOPS, AI Boost"
danawa,올인원PC,"삼성전자 올인원 PRO DM970AGA-L51AR (32GB, M.2 4TB)",genuine,high,https://prod.danawa.com/info/?pcode=73121774,125H / Arc 그래픽스 / 윈도우11 / 인텔 / 코어울트라 시리즈1 / 코어 울트라5 / 메테오레이크 / 인텔 AI Boost / 11TOPS / LPDDR5X / 32GB / M.2 / 4TB / INTEL / 화면크기 : 68.6cm(27인치) / 3840x2160 / 눈부심방지 / 스피커 내장형 / 1Gbps 유선 / 802.11ax(Wi-Fi 6E) 무선 / 블루투스 / USB3.x 5Gbps / 썬더볼트4 / 웹캠 / 마이크 내장 / DC / 일체형 / 6.9kg / 구성변경상품,"strong: TOPS, AI Boost"
danawa,올인원PC,"삼성전자 올인원 PRO DM970AGA-L51AG Win11Pro (16GB, M.2 256GB)",genuine,high,https://prod.danawa.com/info/?pcode=122618392,125H / Arc 그래픽스 / 윈도우11 프로 / 185W / 인텔 / 코어울트라 시리즈1 / 코어 울트라5 / 메테오레이크 / 인텔 AI Boost / 11TOPS / LPDDR5X / 16GB / M.2 / 256GB / INTEL / 화면크기 : 68.6cm(27인치) / 3840x2160 / 눈부심방지 / 스피커 내장형 / 1Gbps 유선 / 802.11ax(Wi-Fi 6E) 무선 / 블루투스 / USB3.x 5Gbps / 썬더볼트4 / 웹캠 / 마이크 내장 / DC / 일체형 / 6.9kg,"strong: TOPS, AI Boost"
danawa,올인원PC,"삼성전자 올인원 PRO DM970AGA-L51AG Win11Pro (16GB, M.2 512GB)",genuine,high,https://prod.danawa.com/info/?pcode=122618393,125H / Arc 그래픽스 / 윈도우11 프로 / 185W / 인텔 / 코어울트라 시리즈1 / 코어 울트라5 / 메테오레이크 / 인텔 AI Boost / 11TOPS / LPDDR5X / 16GB / M.2 / 512GB / INTEL / 화면크기 : 68.6cm(27인치) / 3840x2160 / 눈부심방지 / 스피커 내장형 / 1Gbps 유선 / 802.11ax(Wi-Fi 6E) 무선 / 블루투스 / USB3.x 5Gbps / 썬더볼트4 / 웹캠 / 마이크 내장 / DC / 일체형 / 6.9kg,"strong: TOPS, AI Boost"
danawa,올인원PC,"삼성전자 올인원 PRO DM970AGA-L51AG Win11Pro (16GB, M.2 2TB)",genuine,high,https://prod.danawa.com/info/?pcode=122618398,125H / Arc 그래픽스 / 윈도우11 프로 / 185W / 인텔 / 코어울트라 시리즈1 / 코어 울트라5 / 메테오레이크 / 인텔 AI Boost / 11TOPS / LPDDR5X / 16GB / M.2 / 2TB / INTEL / 화면크기 : 68.6cm(27인치) / 3840x2160 / 눈부심방지 / 스피커 내장형 / 1Gbps 유선 / 802.11ax(Wi-Fi 6E) 무선 / 블루투스 / USB3.x 5Gbps / 썬더볼트4 / 웹캠 / 마이크 내장 / DC / 일체형 / 6.9kg,"strong: TOPS, AI Boost"
danawa,올인원PC,"삼성전자 올인원 PRO DM970AGA-L51AG (16GB, M.2 256GB)",genuine,high,https://prod.danawa.com/info/?pcode=91041716,125H / Arc 그래픽스 / 윈도우11 / 인텔 / 코어울트라 시리즈1 / 코어 울트라5 / 메테오레이크 / 인텔 AI Boost / 11TOPS / LPDDR5X / 16GB / M.2 / 256GB / INTEL / 화면크기 : 68.6cm(27인치) / 3840x2160 / 눈부심방지 / 스피커 내장형 / 1Gbps 유선 / 802.11ax(Wi-Fi 6E) 무선 / 블루투스 / USB3.x 5Gbps / 썬더볼트4 / 웹캠 / 마이크 내장 / DC / 일체형 / 6.9kg / 구성변경상품,"strong: TOPS, AI Boost"
danawa,올인원PC,"삼성전자 올인원 PRO DM970AGA-L51AG (16GB, M.2 512GB)",genuine,high,https://prod.danawa.com/info/?pcode=91041722,125H / Arc 그래픽스 / 윈도우11 / 인텔 / 코어울트라 시리즈1 / 코어 울트라5 / 메테오레이크 / 인텔 AI Boost / 11TOPS / LPDDR5X / 16GB / M.2 / 512GB / INTEL / 화면크기 : 68.6cm(27인치) / 3840x2160 / 눈부심방지 / 스피커 내장형 / 1Gbps 유선 / 802.11ax(Wi-Fi 6E) 무선 / 블루투스 / USB3.x 5Gbps / 썬더볼트4 / 웹캠 / 마이크 내장 / DC / 일체형 / 6.9kg / 구성변경상품,"strong: TOPS, AI Boost"
danawa,올인원PC,"삼성전자 올인원 PRO DM970AGA-L51AG (16GB, M.2 1TB)",genuine,high,https://prod.danawa.com/info/?pcode=91041728,125H / Arc 그래픽스 / 윈도우11 / 인텔 / 코어울트라 시리즈1 / 코어 울트라5 / 메테오레이크 / 인텔 AI Boost / 11TOPS / LPDDR5X / 16GB / M.2 / 1TB / INTEL / 화면크기 : 68.6cm(27인치) / 3840x2160 / 눈부심방지 / 스피커 내장형 / 1Gbps 유선 / 802.11ax(Wi-Fi 6E) 무선 / 블루투스 / USB3.x 5Gbps / 썬더볼트4 / 웹캠 / 마이크 내장 / DC / 일체형 / 6.9kg / 구성변경상품,"strong: TOPS, AI Boost"
danawa,올인원PC,"삼성전자 올인원 PRO DM970AGA-L51AG (16GB, M.2 2TB)",genuine,high,https://prod.danawa.com/info/?pcode=91041734,125H / Arc 그래픽스 / 윈도우11 / 인텔 / 코어울트라 시리즈1 / 코어 울트라5 / 메테오레이크 / 인텔 AI Boost / 11TOPS / LPDDR5X / 16GB / M.2 / 2TB / INTEL / 화면크기 : 68.6cm(27인치) / 3840x2160 / 눈부심방지 / 스피커 내장형 / 1Gbps 유선 / 802.11ax(Wi-Fi 6E) 무선 / 블루투스 / USB3.x 5Gbps / 썬더볼트4 / 웹캠 / 마이크 내장 / DC / 일체형 / 6.9kg / 구성변경상품,"strong: TOPS, AI Boost"
danawa,올인원PC,"삼성전자 올인원 PRO DM970AGA-L51AG (16GB, M.2 2TB + M.2 1TB)",genuine,high,https://prod.danawa.com/info/?pcode=122618962,125H / Arc 그래픽스 / 윈도우11 / 인텔 / 코어울트라 시리즈1 / 코어 울트라5 / 메테오레이크 / 인텔 AI Boost / 11TOPS / LPDDR5X / 16GB / M.2 / 2TB + 1TB / INTEL / 화면크기 : 68.6cm(27인치) / 3840x2160 / 눈부심방지 / 스피커 내장형 / 1Gbps 유선 / 802.11ax(Wi-Fi 6E) 무선 / 블루투스 / USB3.x 5Gbps / 썬더볼트4 / 웹캠 / 마이크 내장 / DC / 일체형 / 6.9kg / 구성변경상품,"strong: TOPS, AI Boost"
danawa,태블릿,"삼성전자 갤럭시탭S10 FE (램8GB,128GB)",genuine,high,https://prod.danawa.com/info/?pcode=78982952,"태블릿PC / Wi-Fi / 10.9인치 / TFT-LCD / 90Hz / 램 : 8GB / 용량 : 128GB / microSD지원 / [프로세서/AI] 엑시노스1580 / AP CPU : 47점 / AP 게이밍 : 25점 / AI TOPS : 14.7 TOPS / [카메라] 후면카메라 : 싱글 / 전면카메라 : 싱글 / [배터리] USB2.0 / 8,000mAh / 최대충전 : 45W / 방수 : IP68 / 가로 : 254.3mm / 세로 : 165.8mm / 두께 : 6mm / 무게 : 497g / 출시가: 698,500원","strong: TOPS, AI TOPS"
danawa,태블릿,삼성전자 갤럭시탭S11 (128GB),genuine,high,https://prod.danawa.com/info/?pcode=96985325,"태블릿PC / Wi-Fi / 11인치 / D-AMOLED 2X / 120Hz / 램 : 12GB / 용량 : 128GB / microSD지원 / [프로세서/AI] 디멘시티 9400+ / AP CPU : 90점 / AP 게이밍 : 84점 / AI TOPS : 50 TOPS / [카메라] 후면카메라 : 싱글 / 전면카메라 : 싱글 / [배터리/규격] USB3.2 / 8,400mAh / 최대충전 : 45W / 방수 : IP68 / 가로 : 253.8mm / 세로 : 165.3mm / 두께 : 5.5mm / 무게 : 469g / 출시가: 998,800원","strong: TOPS, AI TOPS"
danawa,태블릿,"삼성전자 갤럭시탭S11 울트라 (램12GB,256GB)",genuine,high,https://prod.danawa.com/info/?pcode=96985346,"태블릿PC / Wi-Fi / 14.6인치 / D-AMOLED 2X / 120Hz / 램 : 12GB / 용량 : 256GB / microSD지원 / [프로세서/AI] 디멘시티 9400+ / AP CPU : 90점 / AP 게이밍 : 84점 / AI TOPS : 50 TOPS / [카메라] 후면카메라 : 듀얼 / 전면카메라 : 싱글 / [배터리/규격] USB3.2 / 11,600mAh / 최대충전 : 45W / 방수 : IP68 / 가로 : 326.3mm / 세로 : 208.5mm / 두께 : 5.1mm / 무게 : 692g / 출시가: 1,598,300원","strong: TOPS, AI TOPS"
danawa,태블릿,삼성전자 갤럭시탭A11 플러스 5G 가개통 (128GB),washing,high,https://prod.danawa.com/info/?pcode=103694672,"태블릿PC / 5G / 11인치 / TFT-LCD / 90Hz / 램 : 6GB / 용량 : 128GB / microSD지원 / [프로세서/AI] 디멘시티 7300 / AP CPU : 39점 / AP 게이밍 : 25점 / [카메라] 후면카메라 : 싱글 / 전면카메라 : 싱글 / [배터리/규격] USB2.0 / 7,040mAh / 최대충전 : 25W / 가로 : 168.7mm / 세로 : 257.1mm / 두께 : 6.9mm / 무게 : 482g / 출시가: 448,800원",없음
danawa,태블릿,"삼성전자 갤럭시탭S10 FE (램12GB,256GB)",genuine,high,https://prod.danawa.com/info/?pcode=78984077,"태블릿PC / Wi-Fi / 10.9인치 / TFT-LCD / 90Hz / 램 : 12GB / 용량 : 256GB / microSD지원 / [프로세서/AI] 엑시노스1580 / AP CPU : 47점 / AP 게이밍 : 25점 / AI TOPS : 14.7 TOPS / [카메라] 후면카메라 : 싱글 / 전면카메라 : 싱글 / [배터리] USB2.0 / 8,000mAh / 최대충전 : 45W / 방수 : IP68 / 가로 : 254.3mm / 세로 : 165.8mm / 두께 : 6mm / 무게 : 497g / 출시가: 958,100원","strong: TOPS, AI TOPS"
danawa,태블릿,삼성전자 갤럭시탭S11 (256GB),genuine,high,https://prod.danawa.com/info/?pcode=96985328,"태블릿PC / Wi-Fi / 11인치 / D-AMOLED 2X / 120Hz / 램 : 12GB / 용량 : 256GB / microSD지원 / [프로세서/AI] 디멘시티 9400+ / AP CPU : 90점 / AP 게이밍 : 84점 / AI TOPS : 50 TOPS / [카메라] 후면카메라 : 싱글 / 전면카메라 : 싱글 / [배터리/규격] USB3.2 / 8,400mAh / 최대충전 : 45W / 방수 : IP68 / 가로 : 253.8mm / 세로 : 165.3mm / 두께 : 5.5mm / 무게 : 469g / 출시가: 1,087,900원","strong: TOPS, AI TOPS"
danawa,태블릿,삼성전자 갤럭시탭S11 (512GB),genuine,high,https://prod.danawa.com/info/?pcode=96985331,"태블릿PC / Wi-Fi / 11인치 / D-AMOLED 2X / 120Hz / 램 : 12GB / 용량 : 512GB / microSD지원 / [프로세서/AI] 디멘시티 9400+ / AP CPU : 90점 / AP 게이밍 : 84점 / AI TOPS : 50 TOPS / [카메라] 후면카메라 : 싱글 / 전면카메라 : 싱글 / [배터리/규격] USB3.2 / 8,400mAh / 최대충전 : 45W / 방수 : IP68 / 가로 : 253.8mm / 세로 : 165.3mm / 두께 : 5.5mm / 무게 : 469g / 출시가: 1,257,300원","strong: TOPS, AI TOPS"
danawa,태블릿,"삼성전자 갤럭시탭S11 울트라 (램12GB,512GB)",genuine,high,https://prod.danawa.com/info/?pcode=96985349,"태블릿PC / Wi-Fi / 14.6인치 / D-AMOLED 2X / 120Hz / 램 : 12GB / 용량 : 512GB / microSD지원 / [프로세서/AI] 디멘시티 9400+ / AP CPU : 90점 / AP 게이밍 : 84점 / AI TOPS : 50 TOPS / [카메라] 후면카메라 : 듀얼 / 전면카메라 : 싱글 / [배터리/규격] USB3.2 / 11,600mAh / 최대충전 : 45W / 방수 : IP68 / 가로 : 326.3mm / 세로 : 208.5mm / 두께 : 5.1mm / 무게 : 692g / 출시가: 1,767,700원","strong: TOPS, AI TOPS"
danawa,태블릿,"삼성전자 갤럭시탭S11 울트라 (램16GB,1TB)",genuine,high,https://prod.danawa.com/info/?pcode=96985352,"태블릿PC / Wi-Fi / 14.6인치 / D-AMOLED 2X / 120Hz / 램 : 16GB / 용량 : 1TB / microSD지원 / [프로세서/AI] 디멘시티 9400+ / AP CPU : 99점 / AP 게이밍 : 100점 / AI TOPS : 50 TOPS / [카메라] 후면카메라 : 듀얼 / 전면카메라 : 싱글 / [배터리/규격] USB3.2 / 11,600mAh / 최대충전 : 45W / 방수 : IP68 / 가로 : 326.3mm / 세로 : 208.5mm / 두께 : 5.1mm / 무게 : 692g / 출시가: 2,186,800원","strong: TOPS, AI TOPS"
danawa,태블릿,"삼성전자 갤럭시탭S10 FE 플러스 (램8GB,128GB)",genuine,high,https://prod.danawa.com/info/?pcode=78982958,"태블릿PC / Wi-Fi / 13.1인치 / TFT-LCD / 90Hz / 램 : 8GB / 용량 : 128GB / microSD지원 / [프로세서/AI] 엑시노스1580 / AP CPU : 47점 / AP 게이밍 : 25점 / AI TOPS : 14.7 TOPS / [카메라] 후면카메라 : 싱글 / 전면카메라 : 싱글 / [배터리] USB2.0 / 10,090mAh / 최대충전 : 45W / 방수 : IP68 / 가로 : 300.6mm / 세로 : 194.7mm / 두께 : 6mm / 무게 : 664g / 출시가: 949,300원","strong: TOPS, AI TOPS"
danawa,태블릿,"삼성전자 갤럭시탭S10 FE 플러스 (램12GB,256GB)",genuine,high,https://prod.danawa.com/info/?pcode=78984131,"태블릿PC / Wi-Fi / 13.1인치 / TFT-LCD / 90Hz / 램 : 12GB / 용량 : 256GB / microSD지원 / [프로세서/AI] 엑시노스1580 / AP CPU : 47점 / AP 게이밍 : 25점 / AI TOPS : 14.7 TOPS / [카메라] 후면카메라 : 싱글 / 전면카메라 : 싱글 / [배터리] USB2.0 / 10,090mAh / 최대충전 : 45W / 방수 : IP68 / 가로 : 300.6mm / 세로 : 194.7mm / 두께 : 6mm / 무게 : 664g / 출시가: 1,128,600원","strong: TOPS, AI TOPS"
danawa,스마트폰,"삼성전자 갤럭시S26 울트라 512GB, 자급제 (블랙)",genuine,high,https://prod.danawa.com/info/?pcode=106221251,"스마트폰(바형) / 화면:17.4cm(6.9인치) / 120Hz / 램 : 12GB / 용량 : 512GB / [프로세서/AI] 스냅드래곤8 엘리트 Gen5 / AP CPU : 99점 / AP 게이밍 : 96점 / [카메라] 후면:2억 화소+1,000만화소+5,000만화소+5,000만화소 / 전면:1,200만화소 / [배터리/규격] USB3.2 / 5,000mAh / 최대충전 : 60W / 무선:최대25W / 방수 : IP68 / 가로 : 78.1mm / 세로 : 163.6mm / 두께 : 7.9mm / 무게 : 214g / 출시가: 2,050,000원",neg: 스마트(-0.18)
danawa,스마트폰,"삼성전자 갤럭시S26 256GB, 자급제 (블랙)",genuine,high,https://prod.danawa.com/info/?pcode=106720964,"스마트폰(바형) / 화면:16cm(6.3인치) / 120Hz / 램 : 12GB / 용량 : 256GB / [프로세서/AI] 엑시노스2600 / AP CPU : 94점 / AP 게이밍 : 92점 / [카메라] 후면:5,000만화소+1,000만화소+1,200만화소 / 전면:1,200만화소 / [배터리/규격] USB3.2 / 4,300mAh / 최대충전 : 25W / 무선:최대15W / 방수 : IP68 / 가로 : 71.7mm / 세로 : 149.6mm / 두께 : 7.2mm / 무게 : 167g / 출시가: 1,254,000원",neg: 스마트(-0.18)
danawa,스마트폰,"삼성전자 갤럭시A36 128GB, 자급제 (정품)",washing,high,https://prod.danawa.com/info/?pcode=92146238,"스마트폰(바형) / 화면:17cm(6.7인치) / 120Hz / 램 : 6GB / 용량 : 128GB / [프로세서/AI] 스냅드래곤6 Gen3 / AP CPU : 37점 / AP 게이밍 : 22점 / [카메라] 후면:5,000만화소+800만화소+500만화소 / 전면:1,200만화소 / [배터리/규격] USB2.0 / 5,000mAh / 최대충전 : 45W / 방수 : IP67 / 가로 : 78.2mm / 세로 : 162.9mm / 두께 : 7.4mm / 무게 : 195g / 출시가: 499,400원",neg: 스마트(-0.18)
danawa,스마트폰,"삼성전자 갤럭시S25 FE 256GB, 자급제 (네이비)",genuine,high,https://prod.danawa.com/info/?pcode=97124351,"스마트폰(바형) / 화면:17.1cm(6.7인치) / 120Hz / 램 : 8GB / 용량 : 256GB / [프로세서/AI] 엑시노스2400 / AP CPU : 73점 / AP 게이밍 : 59점 / [카메라] 후면:5,000만화소+1,200만화소+800만화소 / 전면:1,200만화소 / [배터리/규격] USB3.2 / 4,900mAh / 최대충전 : 45W / 무선:최대15W / 방수 : IP68 / 가로 : 76.6mm / 세로 : 161.3mm / 두께 : 7.4mm / 무게 : 190g / 국가별 출시 색상 상이 / 출시가: 946,000원",neg: 스마트(-0.18)
danawa,스마트폰,"삼성전자 갤럭시S26 플러스 512GB, 자급제 (블랙)",genuine,high,https://prod.danawa.com/info/?pcode=106221248,"스마트폰(바형) / 화면:16.9cm(6.7인치) / 120Hz / 램 : 12GB / 용량 : 512GB / [프로세서/AI] 엑시노스2600 / AP CPU : 94점 / AP 게이밍 : 92점 / [카메라] 후면:5,000만화소+1,000만화소+1,200만화소 / 전면:1,200만화소 / [배터리/규격] USB3.2 / 4,900mAh / 최대충전 : 45W / 무선:최대20W / 방수 : IP68 / 가로 : 75.8mm / 세로 : 158.4mm / 두께 : 7.3mm / 무게 : 190g / 출시가: 1,705,000원",neg: 스마트(-0.18)
danawa,스마트폰,"삼성전자 갤럭시A17 LTE 128GB, 자급제 (정품)",genuine,high,https://prod.danawa.com/info/?pcode=100006220,"스마트폰(바형) / 화면:16.9cm(6.7인치) / 90Hz / 램 : 6GB / 용량 : 128GB / [프로세서/AI] Helio G99 / AP CPU : 26점 / AP 게이밍 : 12점 / AI TOPS : 4.9TOPS / [카메라] 후면:5,000만화소+500만화소+200만화소 / 전면:1,300만화소 / [배터리/규격] USB2.0 / 5,000mAh / 최대충전 : 25W / 방수 : IP54 / 가로 : 77.9mm / 세로 : 164.4mm / 두께 : 7.5mm / 무게 : 190g / 출시가: 319,000원","strong: TOPS, AI TOPS | neg: 스마트(-0.18)"
danawa,스마트폰,"삼성전자 갤럭시S26 울트라 512GB, 자급제 (화이트)",genuine,high,https://prod.danawa.com/info/?pcode=106721876,"스마트폰(바형) / 화면:17.4cm(6.9인치) / 120Hz / 램 : 12GB / 용량 : 512GB / [프로세서/AI] 스냅드래곤8 엘리트 Gen5 / AP CPU : 99점 / AP 게이밍 : 96점 / [카메라] 후면:2억 화소+1,000만화소+5,000만화소+5,000만화소 / 전면:1,200만화소 / [배터리] USB3.2 / 5,000mAh / 최대충전 : 60W / 무선:최대25W / 방수 : IP68 / 가로 : 78.1mm / 세로 : 163.6mm / 두께 : 7.9mm / 무게 : 214g / 출시가: 2,050,000원",neg: 스마트(-0.18)
danawa,스마트폰,"삼성전자 갤럭시S26 울트라 512GB, 자급제 (스카이블루)",genuine,high,https://prod.danawa.com/info/?pcode=106721879,"스마트폰(바형) / 화면:17.4cm(6.9인치) / 120Hz / 램 : 12GB / 용량 : 512GB / [프로세서/AI] 스냅드래곤8 엘리트 Gen5 / AP CPU : 99점 / AP 게이밍 : 96점 / [카메라] 후면:2억 화소+1,000만화소+5,000만화소+5,000만화소 / 전면:1,200만화소 / [배터리] USB3.2 / 5,000mAh / 최대충전 : 60W / 무선:최대25W / 방수 : IP68 / 가로 : 78.1mm / 세로 : 163.6mm / 두께 : 7.9mm / 무게 : 214g / 출시가: 2,050,000원",neg: 스마트(-0.18)
danawa,스마트폰,"삼성전자 갤럭시S26 울트라 512GB, 자급제 (코발트 바이올렛)",genuine,high,https://prod.danawa.com/info/?pcode=106721882,"스마트폰(바형) / 화면:17.4cm(6.9인치) / 120Hz / 램 : 12GB / 용량 : 512GB / [프로세서/AI] 스냅드래곤8 엘리트 Gen5 / AP CPU : 99점 / AP 게이밍 : 96점 / [카메라] 후면:2억 화소+1,000만화소+5,000만화소+5,000만화소 / 전면:1,200만화소 / [배터리] USB3.2 / 5,000mAh / 최대충전 : 60W / 무선:최대25W / 방수 : IP68 / 가로 : 78.1mm / 세로 : 163.6mm / 두께 : 7.9mm / 무게 : 214g / 출시가: 2,050,000원",neg: 스마트(-0.18)
danawa,스마트폰,"삼성전자 갤럭시S25 FE 256GB, 자급제 (제트블랙)",genuine,high,https://prod.danawa.com/info/?pcode=102356228,"스마트폰(바형) / 화면:17.1cm(6.7인치) / 120Hz / 램 : 8GB / 용량 : 256GB / [프로세서/AI] 엑시노스2400 / AP CPU : 73점 / AP 게이밍 : 59점 / [카메라] 후면:5,000만화소+1,200만화소+800만화소 / 전면:1,200만화소 / [배터리/규격] USB3.2 / 4,900mAh / 최대충전 : 45W / 무선:최대15W / 방수 : IP68 / 가로 : 76.6mm / 세로 : 161.3mm / 두께 : 7.4mm / 무게 : 190g / 국가별 출시 색상 상이 / 출시가: 946,000원",neg: 스마트(-0.18)
danawa,스마트폰,"삼성전자 갤럭시S25 FE 256GB, 자급제 (아이스블루)",genuine,high,https://prod.danawa.com/info/?pcode=102356231,"스마트폰(바형) / 화면:17.1cm(6.7인치) / 120Hz / 램 : 8GB / 용량 : 256GB / [프로세서/AI] 엑시노스2400 / AP CPU : 73점 / AP 게이밍 : 59점 / [카메라] 후면:5,000만화소+1,200만화소+800만화소 / 전면:1,200만화소 / [배터리/규격] USB3.2 / 4,900mAh / 최대충전 : 45W / 무선:최대15W / 방수 : IP68 / 가로 : 76.6mm / 세로 : 161.3mm / 두께 : 7.4mm / 무게 : 190g / 국가별 출시 색상 상이 / 출시가: 946,000원",neg: 스마트(-0.18)
danawa,스마트폰,"삼성전자 갤럭시S25 FE 256GB, 자급제 (화이트)",genuine,high,https://prod.danawa.com/info/?pcode=102356234,"스마트폰(바형) / 화면:17.1cm(6.7인치) / 120Hz / 램 : 8GB / 용량 : 256GB / [프로세서/AI] 엑시노스2400 / AP CPU : 73점 / AP 게이밍 : 59점 / [카메라] 후면:5,000만화소+1,200만화소+800만화소 / 전면:1,200만화소 / [배터리/규격] USB3.2 / 4,900mAh / 최대충전 : 45W / 무선:최대15W / 방수 : IP68 / 가로 : 76.6mm / 세로 : 161.3mm / 두께 : 7.4mm / 무게 : 190g / 국가별 출시 색상 상이 / 출시가: 946,000원",neg: 스마트(-0.18)
danawa,스마트폰,"삼성전자 갤럭시Z 플립7 256GB, 자급제 (자급제 공기계)",genuine,high,https://prod.danawa.com/info/?pcode=92891300,"스마트폰(폴더블) / 5G / 화면:17.4cm(6.9인치) / 120Hz / 외부화면:10.48cm(4.1인치) / [프로세서/AI] 엑시노스2500 / 램 : 12GB / 용량 : 256GB / AP CPU : 85점 / AP 게이밍 : 71점 / AI TOPS : 59TOPS / [카메라] 후면:5,000만화소+1,200만화소 / 전면:1,000만화소 / [배터리/규격] USB3.2 / 4,300mAh / 최대충전 : 25W / 무선:최대15W / 방수 : IP48 / 가로 : 75.2mm / 세로 : 166.7mm / 두께 : 6.5mm / 무게 : 188g / 출시가: 1,485,000원","strong: TOPS, AI TOPS | neg: 스마트(-0.18)"
danawa,스마트폰,"삼성전자 갤럭시Z 플립7 256GB, 자급제 (삼성닷컴 전용컬러)",genuine,high,https://prod.danawa.com/info/?pcode=93858668,"스마트폰(폴더블) / 화면:17.4cm(6.9인치) / 120Hz / 외부화면:10.48cm(4.1인치) / 램 : 12GB / 용량 : 256GB / [프로세서/AI] 엑시노스2500 / AP CPU : 85점 / AP 게이밍 : 71점 / AI TOPS : 59TOPS / [카메라] 후면:5,000만화소+1,200만화소 / 전면:1,000만화소 / [배터리/규격] USB3.2 / 4,300mAh / 최대충전 : 25W / 무선:최대15W / 방수 : IP48 / 가로 : 75.2mm / 세로 : 166.7mm / 두께 : 6.5mm / 무게 : 188g / 출시가: 1,485,000원","strong: TOPS, AI TOPS | neg: 스마트(-0.18)"
danawa,스마트폰,"삼성전자 갤럭시S26 512GB, 자급제 (블랙)",genuine,high,https://prod.danawa.com/info/?pcode=106221245,"스마트폰(바형) / 화면:16cm(6.3인치) / 120Hz / 램 : 12GB / 용량 : 512GB / [프로세서/AI] 엑시노스2600 / AP CPU : 94점 / AP 게이밍 : 92점 / [카메라] 후면:5,000만화소+1,000만화소+1,200만화소 / 전면:1,200만화소 / [배터리/규격] USB3.2 / 4,300mAh / 최대충전 : 25W / 무선:최대15W / 방수 : IP68 / 가로 : 71.7mm / 세로 : 149.6mm / 두께 : 7.2mm / 무게 : 167g / 출시가: 1,507,000원",neg: 스마트(-0.18)
danawa,스마트폰,"삼성전자 갤럭시Z 폴드7 256GB, 자급제 (자급제 공기계)",genuine,high,https://prod.danawa.com/info/?pcode=92890970,"스마트폰(폴더블) / 화면:20.3cm(8인치) / 120Hz / 외부화면:16.48cm(6.5인치) / 램 : 12GB / 용량 : 256GB / [프로세서/AI] 스냅드래곤8 엘리트 / AP CPU : 95점 / AP 게이밍 : 89점 / [카메라] 후면:2억 화소+1,200만화소+1,000만화소 / 전면:1,000만화소+1,000만화소 / [배터리/규격] USB3.2 / 4,400mAh / 최대충전 : 25W / 무선:최대15W / 방수 : IP48 / 가로 : 143.2mm / 세로 : 158.4mm / 두께 : 4.2mm / 무게 : 215g / 출시가: 2,379,300원",neg: 스마트(-0.18)
danawa,스마트폰,"삼성전자 갤럭시Z 폴드7 256GB, 자급제 (삼성닷컴 전용컬러)",genuine,high,https://prod.danawa.com/info/?pcode=93840476,"스마트폰(폴더블) / 화면:20.3cm(8인치) / 120Hz / 외부화면:16.48cm(6.5인치) / 램 : 12GB / 용량 : 256GB / [프로세서/AI] 스냅드래곤8 엘리트 / AP CPU : 95점 / AP 게이밍 : 89점 / [카메라] 후면:2억 화소+1,200만화소+1,000만화소 / 전면:1,000만화소+1,000만화소 / [배터리/규격] USB3.2 / 4,400mAh / 최대충전 : 25W / 무선:최대15W / 방수 : IP48 / 가로 : 143.2mm / 세로 : 158.4mm / 두께 : 4.2mm / 무게 : 215g / 출시가: 2,379,300원",neg: 스마트(-0.18)
danawa,스마트폰,"삼성전자 갤럭시Z 플립7 512GB, 자급제 (자급제 공기계)",genuine,high,https://prod.danawa.com/info/?pcode=92969183,"스마트폰(폴더블) / 5G / 화면:17.4cm(6.9인치) / 120Hz / 외부화면:10.48cm(4.1인치) / [프로세서/AI] 엑시노스2500 / 램 : 12GB / 용량 : 512GB / AP CPU : 85점 / AP 게이밍 : 71점 / AI TOPS : 59TOPS / [카메라] 후면:5,000만화소+1,200만화소 / 전면:1,000만화소 / [배터리/규격] USB3.2 / 4,300mAh / 최대충전 : 25W / 무선:최대15W / 방수 : IP48 / 가로 : 75.2mm / 세로 : 166.7mm / 두께 : 6.5mm / 무게 : 188g / 출시가: 1,643,400원","strong: TOPS, AI TOPS | neg: 스마트(-0.18)"
danawa,스마트폰,"삼성전자 갤럭시Z 플립7 512GB, 자급제 (삼성닷컴 전용컬러)",genuine,high,https://prod.danawa.com/info/?pcode=93858674,"스마트폰(폴더블) / 화면:17.4cm(6.9인치) / 120Hz / 외부화면:10.48cm(4.1인치) / 램 : 12GB / 용량 : 512GB / [프로세서/AI] 엑시노스2500 / AP CPU : 85점 / AP 게이밍 : 71점 / AI TOPS : 59TOPS / [카메라] 후면:5,000만화소+1,200만화소 / 전면:1,000만화소 / [배터리/규격] USB3.2 / 4,300mAh / 최대충전 : 25W / 무선:최대15W / 방수 : IP48 / 가로 : 75.2mm / 세로 : 166.7mm / 두께 : 6.5mm / 무게 : 188g / 출시가: 1,643,400원","strong: TOPS, AI TOPS | neg: 스마트(-0.18)"
danawa,스마트폰,"삼성전자 갤럭시S26 울트라 256GB, SKT 기기변경 완납 (단말할인(공통지원))",genuine,high,https://prod.danawa.com/info/?pcode=106695269,"스마트폰(바형) / 화면:17.5cm(6.9인치) / 120Hz / 램 : 12GB / 용량 : 256GB / [프로세서/AI] 스냅드래곤8 엘리트 Gen5 / AP CPU : 99점 / AP 게이밍 : 96점 / [카메라] 후면:2억 화소+1,000만화소+5,000만화소+5,000만화소 / 전면:1,200만화소 / [배터리/규격] USB3.2 / 5,000mAh / 최대충전 : 60W / 무선:최대25W / 방수 : IP68 / 가로 : 78.1mm / 세로 : 163.6mm / 두께 : 7.9mm / 무게 : 214g / 출시가: 1,797,000원",neg: 스마트(-0.18)
danawa,스마트폰,"삼성전자 갤럭시S26 울트라 256GB, SKT 기기변경 완납 (요금할인(선택약정))",genuine,high,https://prod.danawa.com/info/?pcode=106695344,"스마트폰(바형) / 화면:17.5cm(6.9인치) / 120Hz / 램 : 12GB / 용량 : 256GB / [프로세서/AI] 스냅드래곤8 엘리트 Gen5 / AP CPU : 99점 / AP 게이밍 : 96점 / [카메라] 후면:2억 화소+1,000만화소+5,000만화소+5,000만화소 / 전면:1,200만화소 / [배터리/규격] USB3.2 / 5,000mAh / 최대충전 : 60W / 무선:최대25W / 방수 : IP68 / 가로 : 78.1mm / 세로 : 163.6mm / 두께 : 7.9mm / 무게 : 214g / 출시가: 1,797,000원",neg: 스마트(-0.18)
danawa,스마트폰,"삼성전자 갤럭시Z 폴드7 512GB, 자급제 (자급제 공기계)",genuine,high,https://prod.danawa.com/info/?pcode=92969192,"스마트폰(폴더블) / 5G / 화면:20.3cm(8인치) / 120Hz / 외부화면:16.48cm(6.5인치) / [프로세서/AI] 스냅드래곤8 엘리트 / 램 : 12GB / 용량 : 512GB / AP CPU : 95점 / AP 게이밍 : 89점 / [카메라] 후면:2억 화소+1,200만화소+1,000만화소 / 전면:1,000만화소+1,000만화소 / [배터리/규격] USB3.2 / 4,400mAh / 최대충전 : 25W / 무선:최대15W / 방수 : IP48 / 가로 : 143.2mm / 세로 : 158.4mm / 두께 : 4.2mm / 무게 : 215g / 출시가: 2,537,700원",neg: 스마트(-0.18)
danawa,스마트폰,"삼성전자 갤럭시Z 폴드7 512GB, 자급제 (삼성닷컴 전용컬러)",genuine,high,https://prod.danawa.com/info/?pcode=93840020,"스마트폰(폴더블) / 화면:20.3cm(8인치) / 120Hz / 외부화면:16.48cm(6.5인치) / 램 : 12GB / 용량 : 512GB / [프로세서/AI] 스냅드래곤8 엘리트 / AP CPU : 95점 / AP 게이밍 : 89점 / [카메라] 후면:2억 화소+1,200만화소+1,000만화소 / 전면:1,000만화소+1,000만화소 / [배터리/규격] USB3.2 / 4,400mAh / 최대충전 : 25W / 무선:최대15W / 방수 : IP48 / 가로 : 143.2mm / 세로 : 158.4mm / 두께 : 4.2mm / 무게 : 215g / 출시가: 2,537,700원",neg: 스마트(-0.18)
danawa,스마트폰,"삼성전자 갤럭시 점프3 128GB, 공기계 (S등급,중고)",washing,high,https://prod.danawa.com/info/?pcode=75541439,"스마트폰 / 화면:16.8cm(6.6인치) / 120Hz / 램 : 6GB / 용량 : 128GB / [프로세서/AI] 스냅드래곤888 / AP CPU : 49점 / AP 게이밍 : 42점 / [카메라] 후면:5,000만+200만+200만화소 / 전면:1,300만화소 / [배터리/규격] USB2.0 / 5,000mAh / 가로 : 78.0mm / 세로 : 167.7mm / 두께 : 9.1mm / 무게 : 216g / 출시가: 438,900원",neg: 스마트(-0.18)
danawa,스마트폰,"삼성전자 갤럭시S26 울트라 512GB, SKT 기기변경 완납 (단말할인(공통지원))",genuine,high,https://prod.danawa.com/info/?pcode=106695326,"스마트폰(바형) / 화면:17.5cm(6.9인치) / 120Hz / 램 : 12GB / 용량 : 512GB / [프로세서/AI] 스냅드래곤8 엘리트 Gen5 / AP CPU : 99점 / AP 게이밍 : 96점 / [카메라] 후면:2억 화소+1,000만화소+5,000만화소+5,000만화소 / 전면:1,200만화소 / [배터리/규격] USB3.2 / 5,000mAh / 최대충전 : 60W / 무선:최대25W / 방수 : IP68 / 가로 : 78.1mm / 세로 : 163.6mm / 두께 : 7.9mm / 무게 : 214g / 출시가: 2,050,000원",neg: 스마트(-0.18)
danawa,스마트폰,"삼성전자 갤럭시S26 울트라 512GB, SKT 기기변경 완납 (요금할인(선택약정))",genuine,high,https://prod.danawa.com/info/?pcode=106695356,"스마트폰(바형) / 화면:17.5cm(6.9인치) / 120Hz / 램 : 12GB / 용량 : 512GB / [프로세서/AI] 스냅드래곤8 엘리트 Gen5 / AP CPU : 99점 / AP 게이밍 : 96점 / [카메라] 후면:2억 화소+1,000만화소+5,000만화소+5,000만화소 / 전면:1,200만화소 / [배터리/규격] USB3.2 / 5,000mAh / 최대충전 : 60W / 무선:최대25W / 방수 : IP68 / 가로 : 78.1mm / 세로 : 163.6mm / 두께 : 7.9mm / 무게 : 214g / 출시가: 2,050,000원",neg: 스마트(-0.18)
danawa,모니터,크로스오버 27QD166CM QHD iPS USB-C 화이트 Ai 멀티스탠드,washing,high,https://prod.danawa.com/info/?pcode=90890663,"모니터 / 68.47cm(27인치) / QHD(2560 x 1440) / 120Hz / IPS / 와이드(16:9) / 평면 / 5ms(GTG) / 350nits / 1,000:1 / 스피커 내장 / 헤드폰 아웃 / USB PD 지원 / 피벗(회전) / 엘리베이션(높낮이) / 틸트(상하) / 스위블(좌우) / 5.1kg / [색상영역] sRGB : 145.5% / Adobe RGB : 107.9% / DCI-P3 : 107.3% / [게임특화] 블랙 이퀄라이저 / Adaptive Sync / G-Sync 호환 / FreeSync / [단자정보] HDMI 2.0 / DP 1.4 / USB C타입",없음
danawa,모니터,알파스캔 AOC Q27G40E 게이밍 180 QHD FAST IPS 프리싱크 AI HDR 무결점,washing,high,https://prod.danawa.com/info/?pcode=100622369,"모니터 / 68.5cm(27인치) / QHD(2560 x 1440) / 180Hz / Fast IPS / 와이드(16:9) / 평면 / 0.5ms(MPRT) / 300nits / 1,000:1 / HDR10 / 헤드폰 아웃 / 틸트(상하) / 3.53kg / [색상영역] sRGB : 127% / Adobe RGB : 109% / DCI-P3 : 102% / NTSC : 111% / [게임특화] 조준선 표시 / 인풋랙 제어 / 블랙 이퀄라이저 / Adaptive Sync / G-Sync 호환 / G-Sync 호환(NVIDIA인증) / FreeSync / [단자정보] HDMI 2.0 / DP 1.4",없음
danawa,모니터,알파스캔 AOC 27E40L 게이밍 144 IPS 원형편광 시력보호 AI HDR 무결점,washing,high,https://prod.danawa.com/info/?pcode=106763147,"모니터 / 68.6cm(27인치) / FHD(1920 x 1080) / 144Hz / IPS / 와이드(16:9) / 평면 / 0.5ms(MPRT) / 300nits / 1,500:1 / HDR10 / 헤드폰 아웃 / 틸트(상하) / 3.74kg / [색상영역] sRGB : 110% / Adobe RGB : 97% / DCI-P3 : 90% / NTSC : 99% / [게임특화] 조준선 표시 / 블랙 이퀄라이저 / Adaptive Sync / G-Sync 호환 / FreeSync / [단자정보] HDMI / DP",없음
danawa,모니터,알파스캔 에이건 AG326UZD 게이밍 4K UHD OLED 240 USB-C HDR 400 Ai 멀티스탠드 무결점,washing,high,https://prod.danawa.com/info/?pcode=122622648,"모니터 / 80cm(32인치) / 4K UHD(3840 x 2160) / 240Hz / QD-OLED / 와이드(16:9) / 평면 / 0.03ms(GTG) / 1,000nits / 1,500,000:1 / HDR10 / VESA HDR 400 / 스피커 내장 / 헤드폰 아웃 / LED 조명 / USB PD 지원 / 피벗(회전) / 엘리베이션(높낮이) / 틸트(상하) / 스위블(좌우) / 10.23kg / [색상영역] 10bit True / sRGB : 144% / Adobe RGB : 114% / DCI-P3 : 105% / NTSC : 116% / [게임특화] 조준선 표시 / 인풋랙 제어 / 블랙 이퀄라이저 / Adaptive Sync / G-Sync 호환 / G-Sync 호환(NVIDIA인증) / [단자정보] HDMI 2.1 / DP 2.1 / USB C타입",없음
danawa,모니터,크로스오버 27LGQ175CM 4면제로 QHD iPS TYPE-C Ai 화이트 멀티스탠드,washing,high,https://prod.danawa.com/info/?pcode=109598759,"모니터 / 68.4cm(27인치) / QHD(2560 x 1440) / 120Hz / Nano-IPS Black / 와이드(16:9) / 평면 / 5ms(GTG) / 350nit / 2,000:1 / 스피커 내장 / 헤드폰 아웃 / USB PD 지원 / 피벗(회전) / 엘리베이션(높낮이) / 틸트(상하) / 스위블(좌우) / 5.8kg / [색상영역] sRGB : 154% / Adobe RGB : 106% / DCI-P3 : 109% / [게임특화] 조준선 표시 / 블랙 이퀄라이저 / G-Sync 호환(NVIDIA인증) / FreeSync / [단자정보] HDMI 2.0 / DP 1.4 / USB C타입",없음
danawa,모니터,알파스캔 AOC Q27G42ZE 게이밍 260 QHD FAST IPS 프리싱크 AI HDR 무결점,washing,high,https://prod.danawa.com/info/?pcode=99555224,"모니터 / 68.5cm(27인치) / QHD(2560 x 1440) / 260Hz / Fast IPS / 와이드(16:9) / 평면 / 0.3ms(MPRT) / 350nits / 1,000:1 / HDR10 / 헤드폰 아웃 / 틸트(상하) / 3.84kg / [색상영역] 10bit (8bit + FRC) / sRGB : 120% / Adobe RGB : 105% / DCI-P3 : 98% / NTSC : 107% / [게임특화] 조준선 표시 / 인풋랙 제어 / 블랙 이퀄라이저 / Adaptive Sync / G-Sync 호환 / FreeSync / [단자정보] HDMI 2.0 / DP 1.4",없음
danawa,모니터,크로스오버 279QA9200 Fast-iPS 200 WQHD Ai게이밍 무결점,washing,high,https://prod.danawa.com/info/?pcode=101011958,"모니터 / 68.4cm(27인치) / QHD(2560 x 1440) / 200Hz / Fast IPS / 와이드(16:9) / 평면 / 0.5ms(GTG OD) / 400nits / 1,000:1 / 스피커 내장 / 헤드폰 아웃 / 틸트(상하) / 3.66kg / [색상영역] 10bit (8bit + FRC) / sRGB : 156% / Adobe RGB : 108% / DCI-P3 : 111% / [게임특화] 조준선 표시 / 블랙 이퀄라이저 / Adaptive Sync / G-Sync 호환 / FreeSync / [단자정보] HDMI 2.0 / DP 1.4",없음
danawa,모니터,주연테크 V27Q15C QHD IPS USB-C AI 멀티스탠드 HDR 무결점,washing,high,https://prod.danawa.com/info/?pcode=122620740,"모니터 / 68.6cm(27인치) / QHD(2560 x 1440) / 100Hz / IPS / 와이드(16:9) / 평면 / 1ms(MPRT) / 350nits / 1,500:1 / 헤드폰 아웃 / USB PD 지원 / 피벗(회전) / 엘리베이션(높낮이) / 틸트(상하) / 스위블(좌우) / 5.9kg / [색상영역] 10bit (8bit + FRC) / sRGB : 100% / NTSC : 72% / [게임특화] 조준선 표시 / Adaptive Sync / FreeSync / [단자정보] HDMI 2.0 / DP 1.4 / USB C타입",없음
danawa,모니터,알파스캔 AOC Q27G4Z 게이밍 240 QHD FAST IPS 프리싱크 Ai HDR 400 멀티스탠드 무결점,washing,high,https://prod.danawa.com/info/?pcode=122634603,"모니터 / 68.5cm(27인치) / QHD(2560 x 1440) / 240Hz / Fast IPS / 와이드(16:9) / 평면 / 0.3ms(MPRT) / 400nits / 1,000:1 / HDR10 / VESA HDR 400 / 헤드폰 아웃 / 피벗(회전) / 엘리베이션(높낮이) / 틸트(상하) / 스위블(좌우) / 4.91kg / [색상영역] 10bit (8bit + FRC) / sRGB : 118% / Adobe RGB : 105% / DCI-P3 : 97% / NTSC : 107% / [게임특화] 조준선 표시 / 인풋랙 제어 / 블랙 이퀄라이저 / Adaptive Sync / G-Sync 호환 / G-Sync 호환(NVIDIA인증) / FreeSync / [단자정보] HDMI 2.0 / DP 1.4",없음
danawa,모니터,알파스캔 AOC Q27G40ZDF 게이밍 OLED 240 QHD 지싱크 AI HDR 무결점,washing,high,https://prod.danawa.com/info/?pcode=106702052,"모니터 / 67.3cm(27인치) / QHD(2560 x 1440) / 240Hz / QD-OLED / 와이드(16:9) / 평면 / 0.03ms(GTG) / 400nits / 1,500,000:1 / HDR10 / 헤드폰 아웃 / 틸트(상하) / 4.96kg / [색상영역] 10bit True / sRGB : 147% / Adobe RGB : 118% / DCI-P3 : 110% / NTSC : 120% / [게임특화] 조준선 표시 / 인풋랙 제어 / 블랙 이퀄라이저 / Adaptive Sync / G-Sync 호환(NVIDIA인증) / [단자정보] HDMI 2.0 / DP 1.4",없음
danawa,모니터,주연테크 V27Q65C QHD IPS USB-C PD65 AI 멀티스탠드 HDR 무결점,washing,high,https://prod.danawa.com/info/?pcode=122620754,"모니터 / 68.6cm(27인치) / QHD(2560 x 1440) / 100Hz / IPS / 와이드(16:9) / 평면 / 1ms(MPRT) / 350nits / 1,500:1 / 헤드폰 아웃 / USB PD 지원 / 피벗(회전) / 엘리베이션(높낮이) / 틸트(상하) / 스위블(좌우) / 5.9kg / [색상영역] 10bit (8bit + FRC) / sRGB : 100% / NTSC : 72% / [게임특화] 조준선 표시 / Adaptive Sync / FreeSync / [단자정보] HDMI 2.0 / DP 1.4 / USB C타입",없음
danawa,모니터,크로스오버 27QNA955 나노IPS 210 WQHD 화이트 AI게이밍 멀티스탠드 무결점,washing,high,https://prod.danawa.com/info/?pcode=120327995,"68.4cm(27인치) / 2560 x 1440(QHD) / 200Hz / Nano-IPS / 와이드(16:9) / 평면 / 0.5ms(MPRT) / 500cdnits / 1,000:1 / 피벗(회전) / 엘리베이션(높낮이) / 틸트(상하) / 스위블(좌우) / 4.89kg / [색상영역] 10bit (8bit + FRC) / sRGB : 148% / Adobe RGB : 102% / DCI-P3 : 105% / [게임특화] Adaptive Sync / G-Sync 호환 / FreeSync / [단자정보] HDMI2.0 / DP 1.4",없음
danawa,모니터,크로스오버 245G366 FAST-IPS Ai 게이밍 Hyper sonic 무결점,washing,high,https://prod.danawa.com/info/?pcode=76509134,"모니터 / 62.1cm(24인치) / FHD(1920 x 1080) / 320Hz / Fast IPS / 와이드(16:9) / 평면 / 1ms(GTG OD) / 400nits / 1,000:1 / 스피커 내장 / 헤드폰 아웃 / LED 조명 / 틸트(상하) / 3.1kg / [색상영역] sRGB : 143% / Adobe RGB : 99% / DCI-P3 : 102% / [게임특화] 조준선 표시 / 블랙 이퀄라이저 / Adaptive Sync / G-Sync 호환 / FreeSync / [단자정보] HDMI 2.0 / DP 1.4",없음
danawa,모니터,주연테크 X24QF180 QHD IPS 프리싱크 AI HDR 무결점,washing,high,https://prod.danawa.com/info/?pcode=105181940,"모니터 / 60.4cm(24인치) / QHD(2560 x 1440) / 180Hz / Fast IPS / 와이드(16:9) / 평면 / 0.5ms(MPRT) / 300nits / 1,000:1 / HDR10 / 틸트(상하) / 2.88kg / [색상영역] sRGB : 100% / NTSC : 72% / [게임특화] 조준선 표시 / FreeSync / [단자정보] HDMI 2.0 / DP",없음
danawa,모니터,알파스캔 AOC Q27G4SL 게이밍 320 QHD FAST IPS 원형편광 AI HDR 400 멀티스탠드 무결점,washing,high,https://prod.danawa.com/info/?pcode=103480370,"모니터 / 68.5cm(27인치) / QHD(2560 x 1440) / 320Hz / Fast IPS / 와이드(16:9) / 평면 / 0.3ms(MPRT) / 450nits / 1,000:1 / HDR10 / VESA HDR 400 / 헤드폰 아웃 / 피벗(회전) / 엘리베이션(높낮이) / 스위블(좌우) / 4.82kg / [색상영역] 10bit (8bit + FRC) / sRGB : 129% / Adobe RGB : 105% / DCI-P3 : 97% / NTSC : 106% / [게임특화] 조준선 표시 / 인풋랙 제어 / 블랙 이퀄라이저 / Adaptive Sync / G-Sync 호환 / G-Sync 호환(NVIDIA인증) / FreeSync / [단자정보] HDMI 2.1 / DP 1.4",없음
danawa,모니터,이노스 27QD200M QHD NANO IPS Ai USB-C HDR 게이밍 멀티스탠드,washing,high,https://prod.danawa.com/info/?pcode=122643438,"모니터 / 68.5cm(27인치) / QHD(2560 x 1440) / 120Hz / Nano-IPS / 와이드(16:9) / 평면 / 1ms(MPRT) / 400nits / 2,000:1 / 스피커 내장 / 헤드폰 아웃 / USB PD 지원 / 피벗(회전) / 엘리베이션(높낮이) / 틸트(상하) / 스위블(좌우) / 5.9kg / [색상영역] sRGB : 158% / Adobe RGB : 109% / DCI-P3 : 112% / [게임특화] 조준선 표시 / 블랙 이퀄라이저 / Adaptive Sync / G-Sync 호환 / FreeSync / [단자정보] HDMI 2.0 / DP 1.4 / USB C타입",없음
danawa,모니터,알파스캔 AOC 25B36X 게이밍 144 IPS 프리싱크 AI HDR 무결점,washing,high,https://prod.danawa.com/info/?pcode=100005686,"모니터 / 62.2cm(24.5인치) / FHD(1920 x 1080) / 144Hz / IPS / 와이드(16:9) / 평면 / 0.5ms(MPRT) / 350nits / 1,500:1 / HDR10 / 헤드폰 아웃 / 틸트(상하) / 2.55kg / [색상영역] sRGB : 119% / Adobe RGB : 101% / DCI-P3 : 94% / NTSC : 102% / [게임특화] 조준선 표시 / 블랙 이퀄라이저 / Adaptive Sync / G-Sync 호환 / FreeSync / [단자정보] HDMI / DP",없음
danawa,모니터,알파스캔 AOC Q27G4S 게이밍 300 QHD FAST IPS 프리싱크 AI HDR 400 무결점,washing,high,https://prod.danawa.com/info/?pcode=99733253,"모니터 / 68.5cm(27인치) / QHD(2560 x 1440) / 300Hz / Fast IPS / 와이드(16:9) / 평면 / 0.3ms(MPRT) / 450nits / 1,000:1 / VESA HDR 400 / 헤드폰 아웃 / 피벗(회전) / 엘리베이션(높낮이) / 틸트(상하) / 스위블(좌우) / 5.33kg / [색상영역] sRGB : 124% / Adobe RGB : 105% / DCI-P3 : 96% / NTSC : 106% / [게임특화] 조준선 표시 / 인풋랙 제어 / 블랙 이퀄라이저 / Adaptive Sync / G-Sync 호환 / G-Sync 호환(NVIDIA인증) / FreeSync / [단자정보] HDMI 2.1 / DP 1.4",없음
danawa,모니터,알파스캔 AOC Q27G4Z 게이밍 260 QHD FAST IPS 프리싱크 AI HDR 400 멀티스탠드 무결점,washing,high,https://prod.danawa.com/info/?pcode=103480508,"모니터 / 68.5cm(27인치) / QHD(2560 x 1440) / 260Hz / Fast IPS / 와이드(16:9) / 평면 / 0.3ms(MPRT) / 400nits / 1,000:1 / HDR10 / VESA HDR 400 / 헤드폰 아웃 / 피벗(회전) / 엘리베이션(높낮이) / 스위블(좌우) / 4.91kg / [색상영역] 10bit (8bit + FRC) / sRGB : 118% / Adobe RGB : 105% / DCI-P3 : 97% / NTSC : 107% / [게임특화] 조준선 표시 / 인풋랙 제어 / 블랙 이퀄라이저 / Adaptive Sync / G-Sync 호환 / G-Sync 호환(NVIDIA인증) / FreeSync / [단자정보] HDMI 2.0 / DP 1.4",없음
danawa,모니터,알파스캔 콘퀘스트 32Q50G 게이밍 QHD 180 FAST IPS 지싱크 Ai HDR 멀티스탠드 스피커 무결점,washing,high,https://prod.danawa.com/info/?pcode=122618297,"모니터 / 80cm(32인치) / QHD(2560 x 1440) / 180Hz / Fast IPS / 와이드(16:9) / 평면 / 1ms(GTG) / 400nits / 1,000:1 / HDR10 / 스피커 내장 / 헤드폰 아웃 / USB PD 지원 / 피벗(회전) / 엘리베이션(높낮이) / 틸트(상하) / 스위블(좌우) / 9.1kg / [색상영역] sRGB : 130% / Adobe RGB : 97% / DCI-P3 : 96% / NTSC : 93% / [게임특화] 조준선 표시 / 블랙 이퀄라이저 / Adaptive Sync / G-Sync 호환 / FreeSync / [단자정보] HDMI 2.0 / DP / DP 1.4",없음
danawa,모니터,크로스오버 27QD166CM QHD iPS USB-C 화이트 Ai 멀티스탠드 무결점,washing,high,https://prod.danawa.com/info/?pcode=90890669,"모니터 / 68.47cm(27인치) / QHD(2560 x 1440) / 120Hz / IPS / 와이드(16:9) / 평면 / 5ms(GTG) / 350nits / 1,000:1 / 스피커 내장 / 헤드폰 아웃 / USB PD 지원 / 피벗(회전) / 엘리베이션(높낮이) / 틸트(상하) / 스위블(좌우) / 5.1kg / [색상영역] sRGB : 145.5% / Adobe RGB : 107.9% / DCI-P3 : 107.3% / [게임특화] 블랙 이퀄라이저 / Adaptive Sync / G-Sync 호환 / FreeSync / [단자정보] HDMI 2.0 / DP 1.4 / USB C타입",없음
danawa,모니터,크로스오버 27QNA955 나노IPS 210 WQHD 화이트 Ai게이밍 멀티스탠드 무결점,washing,high,https://prod.danawa.com/info/?pcode=103451588,"모니터 / 68.4cm(27인치) / QHD(2560 x 1440) / 200Hz(OC 210Hz) / Nano-IPS / 와이드(16:9) / 평면 / 0.5ms(MPRT) / 550nits / 1,000:1 / 스피커 내장 / 헤드폰 아웃 / LED 조명 / 피벗(회전) / 엘리베이션(높낮이) / 틸트(상하) / 스위블(좌우) / 4.89kg / [색상영역] 10bit (8bit + FRC) / sRGB : 148% / Adobe RGB : 102% / DCI-P3 : 105% / [게임특화] 조준선 표시 / 블랙 이퀄라이저 / Adaptive Sync / G-Sync 호환 / FreeSync / [단자정보] HDMI 2.0 / DP 1.4",없음
danawa,모니터,알파스캔 AOC 27B36X 게이밍 144 IPS 프리싱크 AI HDR 무결점,washing,high,https://prod.danawa.com/info/?pcode=100005752,"모니터 / 68.6cm(27인치) / FHD(1920 x 1080) / 144Hz / IPS / 와이드(16:9) / 평면 / 0.5ms(MPRT) / 300nits / 1,500:1 / HDR10 / 헤드폰 아웃 / 틸트(상하) / 3.11kg / [색상영역] sRGB : 121% / Adobe RGB : 109% / DCI-P3 : 101% / NTSC : 111% / [게임특화] 조준선 표시 / 블랙 이퀄라이저 / Adaptive Sync / G-Sync 호환 / FreeSync / [단자정보] HDMI / DP",없음
danawa,모니터,알파스캔 AOC CU34G4 게이밍 180 울트라와이드 WQHD 프리싱크 AI HDR 무결점,washing,high,https://prod.danawa.com/info/?pcode=100759103,"모니터 / 86.4cm(34인치) / Ultra WQHD(3440 x 1440) / 180Hz / Fast VA / 울트라와이드(21:9) / 커브드 / 1500R / 0.5ms(MPRT) / 300nits / 4,000:1 / HDR10 / 헤드폰 아웃 / 엘리베이션(높낮이) / 틸트(상하) / 스위블(좌우) / 8.08kg / [색상영역] sRGB : 120% / Adobe RGB : 99% / DCI-P3 : 92% / NTSC : 101% / [게임특화] 조준선 표시 / 인풋랙 제어 / 블랙 이퀄라이저 / G-Sync 호환 / FreeSync / FreeSync 프리미엄 / [단자정보] HDMI 2.0 / DP 1.4",없음
danawa,모니터,알파스캔 AOC 24E40L 게이밍 144 IPS 원형편광 시력보호 Ai HDR 무결점,washing,high,https://prod.danawa.com/info/?pcode=122617959,"모니터 / 60.5cm(24인치) / FHD(1920 x 1080) / 144Hz / IPS / 와이드(16:9) / 평면 / 0.5ms(MPRT) / 300nits / 1,500:1 / HDR10 / 헤드폰 아웃 / 틸트(상하) / 2.97kg / [색상영역] sRGB : 112% / Adobe RGB : 100% / DCI-P3 : 92% / NTSC : 101% / [게임특화] 조준선 표시 / 블랙 이퀄라이저 / Adaptive Sync / G-Sync 호환 / FreeSync / [단자정보] HDMI / DP",없음
danawa,모니터,알파스캔 에이건 AGP327UZD 게이밍 4K UHD 듀얼모드 480 USB-C HDR 400 Ai 멀티스탠드 무결점,washing,high,https://prod.danawa.com/info/?pcode=108363986,"모니터 / 79.9cm(32인치) / 4K UHD(3840 x 2160) / 480Hz / WOLED / 와이드(16:9) / 평면 / 0.03ms(GTG) / 1,300nits / 1,500,000:1 / HDR10 / VESA TRUE BLACK 400 / 스피커 내장 / 헤드폰 아웃 / LED 조명 / USB PD 지원 / 피벗(회전) / 엘리베이션(높낮이) / 틸트(상하) / 스위블(좌우) / 7.87kg / [색상영역] 10bit True / sRGB : 134% / Adobe RGB : 107% / DCI-P3 : 100% / NTSC : 109% / [게임특화] 조준선 표시 / 인풋랙 제어 / 블랙 이퀄라이저 / Adaptive Sync / G-Sync 호환 / G-Sync 호환(NVIDIA인증) / FreeSync / 듀얼 모드 : 4K 240Hz ↔ FHD 480Hz / [단자정보] HDMI 2.1 / DP 2.1 / USB C타입",없음
danawa,모니터,크로스오버 27LGQ175CM 4면제로 QHD iPS TYPE-C Ai 화이트 멀티스탠드 무결점,washing,high,https://prod.danawa.com/info/?pcode=109598768,"모니터 / 68.4cm(27인치) / QHD(2560 x 1440) / 120Hz / Nano-IPS Black / 와이드(16:9) / 평면 / 5ms(GTG) / 350nits / 2,000:1 / 스피커 내장 / 헤드폰 아웃 / USB PD 지원 / 피벗(회전) / 엘리베이션(높낮이) / 틸트(상하) / 스위블(좌우) / 5.8kg / [색상영역] sRGB : 154% / Adobe RGB : 106% / DCI-P3 : 109% / [게임특화] 조준선 표시 / 블랙 이퀄라이저 / G-Sync 호환(NVIDIA인증) / FreeSync / [단자정보] HDMI 2.0 / DP 1.4 / USB C타입",없음
danawa,모니터,알파스캔 AOC 25G4K 게이밍 420 FAST IPS 프리싱크 AI HDR 400 멀티스탠드 무결점,washing,high,https://prod.danawa.com/info/?pcode=106692854,"모니터 / 62.2cm(24인치) / FHD(1920 x 1080) / 420Hz / Fast IPS / 와이드(16:9) / 평면 / 0.3ms(MPRT) / 400nit / 1,000:1 / HDR10 / VESA HDR 400 / 헤드폰 아웃 / 피벗(회전) / 엘리베이션(높낮이) / 틸트(상하) / 스위블(좌우) / 4.22kg / [색상영역] sRGB : 110% / Adobe RGB : 96% / DCI-P3 : 96% / NTSC : 98% / [게임특화] 조준선 표시 / 인풋랙 제어 / 블랙 이퀄라이저 / Adaptive Sync / G-Sync 호환(NVIDIA인증) / FreeSync / [단자정보] HDMI 2.0 / DP 1.4",없음
danawa,올인원PC,"삼성전자 올인원 PRO DM970AGA-L71A (16GB, M.2 512GB)",genuine,high,https://prod.danawa.com/info/?pcode=47489273,155H / Arc 그래픽스 / 윈도우11 / 인텔 / 코어울트라 시리즈1 / 코어 울트라7 / 메테오레이크 / 인텔 AI Boost / 11TOPS / LPDDR5X / 16GB / M.2 / 512GB / INTEL / 화면크기 : 68.6cm(27인치) / 3840x2160 / 눈부심방지 / 스피커 내장형 / 1Gbps 유선 / 802.11ax(Wi-Fi 6E) 무선 / 블루투스 / USB3.x 5Gbps / 썬더볼트4 / 웹캠 / 마이크 내장 / DC / 일체형 / 6.9kg,"strong: TOPS, AI Boost"
danawa,올인원PC,"삼성전자 올인원 PRO DM970AGA-L71A (16GB, M.2 1TB)",genuine,high,https://prod.danawa.com/info/?pcode=70001618,155H / Arc 그래픽스 / 윈도우11 / 인텔 / 코어울트라 시리즈1 / 코어 울트라7 / 메테오레이크 / 인텔 AI Boost / 11TOPS / LPDDR5X / 16GB / M.2 / 1TB / INTEL / 화면크기 : 68.6cm(27인치) / 3840x2160 / 눈부심방지 / 스피커 내장형 / 1Gbps 유선 / 802.11ax(Wi-Fi 6E) 무선 / 블루투스 / USB3.x 5Gbps / 썬더볼트4 / 웹캠 / 마이크 내장 / DC / 일체형 / 6.9kg / 구성변경상품,"strong: TOPS, AI Boost"
danawa,올인원PC,"삼성전자 올인원 PRO DM970AGA-L71A (16GB, M.2 3TB)",genuine,high,https://prod.danawa.com/info/?pcode=76511474,155H / Arc 그래픽스 / 윈도우11 / 인텔 / 코어울트라 시리즈1 / 코어 울트라7 / 메테오레이크 / 인텔 AI Boost / 11TOPS / LPDDR5X / 16GB / M.2 / 3TB / INTEL / 화면크기 : 68.6cm(27인치) / 3840x2160 / 눈부심방지 / 스피커 내장형 / 1Gbps 유선 / 802.11ax(Wi-Fi 6E) 무선 / 블루투스 / USB3.x 5Gbps / 썬더볼트4 / 웹캠 / 마이크 내장 / DC / 일체형 / 6.9kg / 구성변경상품,"strong: TOPS, AI Boost"
danawa,올인원PC,"삼성전자 올인원 PRO DM970AGA-L71A (16GB, M.2 2TB)",genuine,high,https://prod.danawa.com/info/?pcode=70001678,155H / Arc 그래픽스 / 윈도우11 / 인텔 / 코어울트라 시리즈1 / 코어 울트라7 / 메테오레이크 / 인텔 AI Boost / 11TOPS / LPDDR5X / 16GB / M.2 / 2TB / INTEL / 화면크기 : 68.6cm(27인치) / 3840x2160 / 눈부심방지 / 스피커 내장형 / 1Gbps 유선 / 802.11ax(Wi-Fi 6E) 무선 / 블루투스 / USB3.x 5Gbps / 썬더볼트4 / 웹캠 / 마이크 내장 / DC / 일체형 / 6.9kg / 구성변경상품,"strong: TOPS, AI Boost"
danawa,올인원PC,"삼성전자 올인원 PRO DM970AGA-L71A (16GB, M.2 4TB)",genuine,high,https://prod.danawa.com/info/?pcode=70001690,155H / Arc 그래픽스 / 윈도우11 / 인텔 / 코어울트라 시리즈1 / 코어 울트라7 / 메테오레이크 / 인텔 AI Boost / 11TOPS / LPDDR5X / 16GB / M.2 / 4TB / INTEL / 화면크기 : 68.6cm(27인치) / 3840x2160 / 눈부심방지 / 스피커 내장형 / 1Gbps 유선 / 802.11ax(Wi-Fi 6E) 무선 / 블루투스 / USB3.x 5Gbps / 썬더볼트4 / 웹캠 / 마이크 내장 / DC / 일체형 / 6.9kg / 구성변경상품,"strong: TOPS, AI Boost"
danawa,올인원PC,"삼성전자 올인원 PRO DM970AGA-L71A (16GB, M.2 512GB + M.2 256GB)",genuine,high,https://prod.danawa.com/info/?pcode=70001651,155H / Arc 그래픽스 / 윈도우11 / 인텔 / 코어울트라 시리즈1 / 코어 울트라7 / 메테오레이크 / 인텔 AI Boost / 11TOPS / LPDDR5X / 16GB / M.2 / 256GB + 512GB / INTEL / 화면크기 : 68.6cm(27인치) / 3840x2160 / 눈부심방지 / 스피커 내장형 / 1Gbps 유선 / 802.11ax(Wi-Fi 6E) 무선 / 블루투스 / USB3.x 5Gbps / 썬더볼트4 / 웹캠 / 마이크 내장 / DC / 일체형 / 6.9kg / 구성변경상품,"strong: TOPS, AI Boost"
danawa,올인원PC,"삼성전자 올인원 PRO DM970AGA-L71A (16GB, M.2 512GB + M.2 512GB)",genuine,high,https://prod.danawa.com/info/?pcode=70001636,155H / Arc 그래픽스 / 윈도우11 / 인텔 / 코어울트라 시리즈1 / 코어 울트라7 / 메테오레이크 / 인텔 AI Boost / 11TOPS / LPDDR5X / 16GB / M.2 / 512GB + 512GB / INTEL / 화면크기 : 68.6cm(27인치) / 3840x2160 / 눈부심방지 / 스피커 내장형 / 1Gbps 유선 / 802.11ax(Wi-Fi 6E) 무선 / 블루투스 / USB3.x 5Gbps / 썬더볼트4 / 웹캠 / 마이크 내장 / DC / 일체형 / 6.9kg / 구성변경상품,"strong: TOPS, AI Boost"
danawa,올인원PC,"삼성전자 올인원 PRO DM970AGA-L71A (16GB, M.2 512GB + M.2 1TB)",genuine,high,https://prod.danawa.com/info/?pcode=70001663,155H / Arc 그래픽스 / 윈도우11 / 인텔 / 코어울트라 시리즈1 / 코어 울트라7 / 메테오레이크 / 인텔 AI Boost / 11TOPS / LPDDR5X / 16GB / M.2 / 512GB + 1TB / INTEL / 화면크기 : 68.6cm(27인치) / 3840x2160 / 눈부심방지 / 스피커 내장형 / 1Gbps 유선 / 802.11ax(Wi-Fi 6E) 무선 / 블루투스 / USB3.x 5Gbps / 썬더볼트4 / 웹캠 / 마이크 내장 / DC / 일체형 / 6.9kg / 구성변경상품,"strong: TOPS, AI Boost"
danawa,올인원PC,"삼성전자 올인원 PRO DM970AGA-L71A (16GB, M.2 512GB + M.2 2TB)",genuine,high,https://prod.danawa.com/info/?pcode=70001684,155H / Arc 그래픽스 / 윈도우11 / 인텔 / 코어울트라 시리즈1 / 코어 울트라7 / 메테오레이크 / 인텔 AI Boost / 11TOPS / LPDDR5X / 16GB / M.2 / 512GB + 2TB / INTEL / 화면크기 : 68.6cm(27인치) / 3840x2160 / 눈부심방지 / 스피커 내장형 / 1Gbps 유선 / 802.11ax(Wi-Fi 6E) 무선 / 블루투스 / USB3.x 5Gbps / 썬더볼트4 / 웹캠 / 마이크 내장 / DC / 일체형 / 6.9kg / 구성변경상품,"strong: TOPS, AI Boost"
danawa,올인원PC,"삼성전자 올인원 PRO DM970AGA-L51A Win11Pro (16GB, M.2 1TB)",genuine,high,https://prod.danawa.com/info/?pcode=122618344,125H / Arc 그래픽스 / 윈도우11 프로 / 인텔 / 코어울트라 시리즈1 / 코어 울트라5 / 메테오레이크 / 인텔 AI Boost / 11TOPS / LPDDR5X / 16GB / M.2 / 1TB / INTEL / 화면크기 : 68.6cm(27인치) / 3840x2160 / 눈부심방지 / 스피커 내장형 / 1Gbps 유선 / 802.11ax(Wi-Fi 6E) 무선 / 블루투스 / USB3.x 5Gbps / 썬더볼트4 / 웹캠 / 마이크 내장 / DC / 일체형 / 6.9kg,"strong: TOPS, AI Boost"
danawa,올인원PC,"삼성전자 올인원 PRO DM970AGA-L51A Win11Pro (16GB, M.2 256GB)",genuine,high,https://prod.danawa.com/info/?pcode=122618339,125H / Arc 그래픽스 / 윈도우11 프로 / 인텔 / 코어울트라 시리즈1 / 코어 울트라5 / 메테오레이크 / 인텔 AI Boost / 11TOPS / LPDDR5X / 16GB / M.2 / 256GB / INTEL / 화면크기 : 68.6cm(27인치) / 3840x2160 / 눈부심방지 / 스피커 내장형 / 1Gbps 유선 / 802.11ax(Wi-Fi 6E) 무선 / 블루투스 / USB3.x 5Gbps / 썬더볼트4 / 웹캠 / 마이크 내장 / DC / 일체형 / 6.9kg,"strong: TOPS, AI Boost"
danawa,올인원PC,"삼성전자 올인원 PRO DM970AGA-L51A Win11Pro (16GB, M.2 2TB)",genuine,high,https://prod.danawa.com/info/?pcode=122618348,125H / Arc 그래픽스 / 윈도우11 프로 / 인텔 / 코어울트라 시리즈1 / 코어 울트라5 / 메테오레이크 / 인텔 AI Boost / 11TOPS / LPDDR5X / 16GB / M.2 / 2TB / INTEL / 화면크기 : 68.6cm(27인치) / 3840x2160 / 눈부심방지 / 스피커 내장형 / 1Gbps 유선 / 802.11ax(Wi-Fi 6E) 무선 / 블루투스 / USB3.x 5Gbps / 썬더볼트4 / 웹캠 / 마이크 내장 / DC / 일체형 / 6.9kg,"strong: TOPS, AI Boost"
danawa,올인원PC,"삼성전자 올인원 PRO DM970AGA-L51A Win11Pro (16GB, M.2 512GB)",genuine,high,https://prod.danawa.com/info/?pcode=122618343,125H / Arc 그래픽스 / 윈도우11 프로 / 인텔 / 코어울트라 시리즈1 / 코어 울트라5 / 메테오레이크 / 인텔 AI Boost / 11TOPS / LPDDR5X / 16GB / M.2 / 512GB / INTEL / 화면크기 : 68.6cm(27인치) / 3840x2160 / 눈부심방지 / 스피커 내장형 / 1Gbps 유선 / 802.11ax(Wi-Fi 6E) 무선 / 블루투스 / USB3.x 5Gbps / 썬더볼트4 / 웹캠 / 마이크 내장 / DC / 일체형 / 6.9kg,"strong: TOPS, AI Boost"
danawa,올인원PC,"삼성전자 올인원 PRO DM970AGA-LC71G (16GB, M.2 512GB)",genuine,high,https://prod.danawa.com/info/?pcode=47511173,"155H / Arc 그래픽스 / 윈도우11 / 인텔 / 코어울트라 시리즈1 / 코어 울트라7 / 메테오레이크 / 인텔 AI Boost / 11TOPS / LPDDR5X / 16GB / M.2 / 512GB / INTEL / 화면크기 : 68.6cm(27인치) / 3840x2160 / 눈부심방지 / 스피커 내장형 / 1Gbps 유선 / 802.11ax(Wi-Fi 6E) 무선 / 블루투스 / USB3.x 5Gbps / 썬더볼트4 / 웹캠 / 마이크 내장 / DC / 일체형 / 6.9kg / 출시가: 2,220,000원","strong: TOPS, AI Boost"
danawa,올인원PC,"삼성전자 올인원 PRO DM970AGA-LC71G (16GB, M.2 1TB)",genuine,high,https://prod.danawa.com/info/?pcode=65302250,155H / Arc 그래픽스 / 윈도우11 / 인텔 / 코어울트라 시리즈1 / 코어 울트라7 / 메테오레이크 / 인텔 AI Boost / 11TOPS / LPDDR5X / 16GB / M.2 / 1TB / INTEL / 화면크기 : 68.6cm(27인치) / 3840x2160 / 눈부심방지 / 스피커 내장형 / 1Gbps 유선 / 802.11ax(Wi-Fi 6E) 무선 / 블루투스 / USB3.x 5Gbps / 썬더볼트4 / 웹캠 / 마이크 내장 / DC / 일체형 / 6.9kg / 구성변경상품,"strong: TOPS, AI Boost"
danawa,올인원PC,"삼성전자 올인원 PRO DM970AGA-LC71G (16GB, M.2 2TB)",genuine,high,https://prod.danawa.com/info/?pcode=65302265,155H / Arc 그래픽스 / 윈도우11 / 인텔 / 코어울트라 시리즈1 / 코어 울트라7 / 메테오레이크 / 인텔 AI Boost / 11TOPS / LPDDR5X / 16GB / M.2 / 2TB / INTEL / 화면크기 : 68.6cm(27인치) / 3840x2160 / 눈부심방지 / 스피커 내장형 / 1Gbps 유선 / 802.11ax(Wi-Fi 6E) 무선 / 블루투스 / USB3.x 5Gbps / 썬더볼트4 / 웹캠 / 마이크 내장 / DC / 일체형 / 6.9kg / 구성변경상품,"strong: TOPS, AI Boost"
danawa,올인원PC,"삼성전자 올인원 PRO DM970AGA-LP72G (32GB, M.2 1TB)",genuine,high,https://prod.danawa.com/info/?pcode=47532389,"155H / Arc 그래픽스 / 윈도우11 / 인텔 / 코어울트라 시리즈1 / 코어 울트라7 / 메테오레이크 / 인텔 AI Boost / 11TOPS / LPDDR5X / 32GB / M.2 / 1TB / INTEL / 화면크기 : 68.6cm(27인치) / 3840x2160 / 눈부심방지 / 스피커 내장형 / 1Gbps 유선 / 802.11ax(Wi-Fi 6E) 무선 / 블루투스 / USB3.x 5Gbps / 썬더볼트4 / 웹캠 / 마이크 내장 / DC / 일체형 / 6.9kg / 출시가: 2,480,000원","strong: TOPS, AI Boost"
danawa,올인원PC,"삼성전자 올인원 PRO DM970AGA-LP72G (32GB, M.2 2TB)",genuine,high,https://prod.danawa.com/info/?pcode=65304650,155H / Arc 그래픽스 / 윈도우11 / 인텔 / 코어울트라 시리즈1 / 코어 울트라7 / 메테오레이크 / 인텔 AI Boost / 11TOPS / LPDDR5X / 32GB / M.2 / 2TB / INTEL / 화면크기 : 68.6cm(27인치) / 3840x2160 / 눈부심방지 / 스피커 내장형 / 1Gbps 유선 / 802.11ax(Wi-Fi 6E) 무선 / 블루투스 / USB3.x 5Gbps / 썬더볼트4 / 웹캠 / 마이크 내장 / DC / 일체형 / 6.9kg / 구성변경상품,"strong: TOPS, AI Boost"
danawa,올인원PC,"삼성전자 올인원 PRO DM970AGA-LP72G (32GB, M.2 1TB + M.2 256GB)",genuine,high,https://prod.danawa.com/info/?pcode=65304779,155H / Arc 그래픽스 / 윈도우11 / 인텔 / 코어울트라 시리즈1 / 코어 울트라7 / 메테오레이크 / 인텔 AI Boost / 11TOPS / LPDDR5X / 32GB / M.2 / 1TB + 256GB / INTEL / 화면크기 : 68.6cm(27인치) / 3840x2160 / 눈부심방지 / 스피커 내장형 / 1Gbps 유선 / 802.11ax(Wi-Fi 6E) 무선 / 블루투스 / USB3.x 5Gbps / 썬더볼트4 / 웹캠 / 마이크 내장 / DC / 일체형 / 6.9kg / 구성변경상품,"strong: TOPS, AI Boost"
danawa,올인원PC,"삼성전자 올인원 PRO DM970AGA-LP72G (32GB, M.2 1TB + M.2 512GB)",genuine,high,https://prod.danawa.com/info/?pcode=65304857,155H / Arc 그래픽스 / 윈도우11 / 인텔 / 코어울트라 시리즈1 / 코어 울트라7 / 메테오레이크 / 인텔 AI Boost / 11TOPS / LPDDR5X / 32GB / M.2 / 1TB + 512GB / INTEL / 화면크기 : 68.6cm(27인치) / 3840x2160 / 눈부심방지 / 스피커 내장형 / 1Gbps 유선 / 802.11ax(Wi-Fi 6E) 무선 / 블루투스 / USB3.x 5Gbps / 썬더볼트4 / 웹캠 / 마이크 내장 / DC / 일체형 / 6.9kg / 구성변경상품,"strong: TOPS, AI Boost"
danawa,올인원PC,"삼성전자 올인원 PRO DM970AGA-LP72G (32GB, M.2 1TB + M.2 1TB)",genuine,high,https://prod.danawa.com/info/?pcode=65304896,155H / Arc 그래픽스 / 윈도우11 / 인텔 / 코어울트라 시리즈1 / 코어 울트라7 / 메테오레이크 / 인텔 AI Boost / 11TOPS / LPDDR5X / 32GB / M.2 / 1TB + 1TB / INTEL / 화면크기 : 68.6cm(27인치) / 3840x2160 / 눈부심방지 / 스피커 내장형 / 1Gbps 유선 / 802.11ax(Wi-Fi 6E) 무선 / 블루투스 / USB3.x 5Gbps / 썬더볼트4 / 웹캠 / 마이크 내장 / DC / 일체형 / 6.9kg / 구성변경상품,"strong: TOPS, AI Boost"
danawa,올인원PC,"삼성전자 올인원 PRO DM970AGA-LP72G (32GB, M.2 1TB + M.2 2TB)",genuine,high,https://prod.danawa.com/info/?pcode=65304731,155H / Arc 그래픽스 / 윈도우11 / 인텔 / 코어울트라 시리즈1 / 코어 울트라7 / 메테오레이크 / 인텔 AI Boost / 11TOPS / LPDDR5X / 32GB / M.2 / 1TB + 2TB / INTEL / 화면크기 : 68.6cm(27인치) / 3840x2160 / 눈부심방지 / 스피커 내장형 / 1Gbps 유선 / 802.11ax(Wi-Fi 6E) 무선 / 블루투스 / USB3.x 5Gbps / 썬더볼트4 / 웹캠 / 마이크 내장 / DC / 일체형 / 6.9kg / 구성변경상품,"strong: TOPS, AI Boost"
danawa,올인원PC,"삼성전자 올인원 PRO DM970AGA-LP72G (32GB, M.2 1TB + M.2 4TB)",genuine,high,https://prod.danawa.com/info/?pcode=65304989,155H / Arc 그래픽스 / 윈도우11 / 인텔 / 코어울트라 시리즈1 / 코어 울트라7 / 메테오레이크 / 인텔 AI Boost / 11TOPS / LPDDR5X / 32GB / M.2 / 1TB + 4TB / INTEL / 화면크기 : 68.6cm(27인치) / 3840x2160 / 눈부심방지 / 스피커 내장형 / 1Gbps 유선 / 802.11ax(Wi-Fi 6E) 무선 / 블루투스 / USB3.x 5Gbps / 썬더볼트4 / 웹캠 / 마이크 내장 / DC / 일체형 / 6.9kg / 구성변경상품,"strong: TOPS, AI Boost"
danawa,프린터,망고슬래브 네모닉 AI,washing,high,https://prod.danawa.com/info/?pcode=59090219,"라벨프린터 / 휴대형 / 감열식 / 일반/사무용 / [출력] 흑백(모노) 출력 / PC연결 / 안드로이드 / iOS / 출력대상 : 롤 라벨지 / 203dpi / [용지] 용지 폭 : 72mm / 컷팅 : 자동컷팅 / [연결/부가기능] 인터페이스 : USB , 블루투스 / 한글출력 / Mac지원 / 모바일 출력 / 네모닉 AI 전용 앱 / 강점착 메모지",없음
danawa,냉장고,LG전자 디오스 AI 오브제컬렉션 T875MEE011 (전국무료),genuine,medium,https://prod.danawa.com/info/?pcode=94639523,"양문형냉장고 / 총용량 : 870L / 4도어 / 냉장 : 503L / 냉동 : 367L / 1등급(25.07 기준) / 아이스메이커 : 트레이 / 큐브(각얼음) / AI절약모드 / 오토클로징 / 색상 : 베이지 / [신선/보관] 위생 : 탈취 / 미세자동정온 / 급속냉동 / [디자인] 재질 : 네이처(메탈) / 크기(가로x세로x깊이): 914x1787x918mm / 출시가: 2,650,000원",strong: AI절약모드
danawa,냉장고,삼성전자 RS84DG5002M9 (전국무료),genuine,medium,https://prod.danawa.com/info/?pcode=62069996,"양문형냉장고 / 총용량 : 852L / 2도어 / 냉장 : 532L / 냉동 : 320L / 2등급(24.07 기준) / 아이스메이커 : 트위스트 / 큐브(각얼음) / AI절약모드 / 색상 : 젠틀실버 / [신선/보관] 위생 : 탈취 / 일반쿨링커버 / 미세자동정온 / [디자인] 재질 : 메탈 / 크기(가로x세로x깊이): 912x1780x915mm / 판매가: 1,690,000원",strong: AI절약모드
danawa,냉장고,LG전자 디오스 AI 오브제컬렉션 M876GBB131 (전국무료),genuine,medium,https://prod.danawa.com/info/?pcode=95200079,"양문형냉장고 / 총용량 : 871L / 4도어 / 냉장 : 504L / 냉동 : 367L / 1등급(25.06 기준) / 홈바 : 매직스페이스 / 아이스메이커 : 트레이 / 큐브(각얼음) / AI절약모드 / 오토클로징 / 색상 : 베이지 / [신선/보관] 위생 : 탈취 , UV , 제균 , 광촉매 / 도어쿨링 / 미세자동정온 / 급속냉동 / [디자인] 재질 : 미스트(무광글라스) / 크기(가로x세로x깊이): 914x1860x918mm",strong: AI절약모드
danawa,냉장고,삼성전자 비스포크 AI 김치플러스 RK70F58M1ZG (전국 무료),suspicious,low,https://prod.danawa.com/info/?pcode=97108040,"김치냉장고 / 스탠드형 / 4도어(3룸) / 용량 : 586L / [용기] 용기 : 8개 / 용기용량 : 102.8L / 상칸 : 미포함 / 중칸 : 4개 / 하칸 : 4개 / 안심김치통 / 에너지 : 1등급 / [냉각] 냉동겸용칸 : 하칸 , 중칸 / 독립냉각 / 메탈쿨링커튼 / 아삭모드 / 발효숙성모드 : 물김치/무김치 , 육류 / 냉동 / 보관모드 : 쌀/잡곡 , 감자/고구마 , 저염김치 , 육류/생선(생동) , 야채/과일 , 구입김치 , 와인 , 상온 , 열대과일 / 도어포켓 / 신선야채실 / [편의] 칸칸탈취 / LED라이팅 / 인버터 / 3단레일서랍 / WiFi / 젠틀라이팅 / 다목적맞춤보관 / 구입김치스캔보관 / AI정온모드 / 에센셜(메탈) / (상단) 에센셜화이트 (중/하단) 에센셜베이지 / 저온쿨링숙성 / 숙성시간표시 / 가로핸들 / 크기(가로x세로x깊이): 799x1853x892mm",weak: WiFi
danawa,냉장고,LG전자 디오스 오브제컬렉션 T873MEE111 (전국무료),genuine,medium,https://prod.danawa.com/info/?pcode=17432099,"양문형냉장고 / 총용량 : 870L / 4도어 / 냉장 : 503L / 냉동 : 367L / 1등급(22.07 기준) / 홈바 : 매직스페이스 / 아이스메이커 : 트레이 / 큐브(각얼음) / AI절약모드 / 색상 : 베이지 / [신선/보관] 위생 : 항균핸들 / 미세자동정온 / 급속냉동 / [디자인] 재질 : 네이처(메탈) / 크기(가로x세로x깊이): 914x1787x918mm / 출시가: 2,700,000원",strong: AI절약모드
danawa,냉장고,삼성전자 비스포크 RS84DB5002CW (전국무료),genuine,medium,https://prod.danawa.com/info/?pcode=62273714,양문형냉장고 / 총용량 : 852L / 2도어 / 냉장 : 532L / 냉동 : 320L / 2등급(24.07 기준) / 아이스메이커 : 트위스트 / 큐브(각얼음) / AI절약모드 / 색상 : 코타PCM화이트 / [신선/보관] 위생 : 탈취 / 일반쿨링커버 / 미세자동정온 / [디자인] 재질 : 코타(메탈) / 크기(가로x세로x깊이): 912x1780x915mm,strong: AI절약모드
danawa,냉장고,LG전자 디오스 AI 오브제컬렉션 T875MEE011 (수도권 무료),genuine,medium,https://prod.danawa.com/info/?pcode=122626369,"양문형냉장고 / 총용량 : 870L / 4도어 / 냉장 : 503L / 냉동 : 367L / 1등급(25.07 기준) / 아이스메이커 : 트레이 / 큐브(각얼음) / AI절약모드 / 오토클로징 / 색상 : 베이지 / [신선/보관] 위생 : 탈취 / 미세자동정온 / 급속냉동 / [디자인] 재질 : 네이처(메탈) / 크기(가로x세로x깊이): 914x1787x918mm / 출시가: 2,650,000원",strong: AI절약모드
danawa,냉장고,삼성전자 RS84DG5002M9 (수도권 무료),genuine,medium,https://prod.danawa.com/info/?pcode=91869254,"양문형냉장고 / 총용량 : 852L / 2도어 / 냉장 : 532L / 냉동 : 320L / 2등급(24.07 기준) / 아이스메이커 : 트위스트 / 큐브(각얼음) / AI절약모드 / 색상 : 젠틀실버 / [신선/보관] 위생 : 탈취 / 일반쿨링커버 / 미세자동정온 / [디자인] 재질 : 메탈 / 크기(가로x세로x깊이): 912x1780x915mm / 판매가: 1,690,000원",strong: AI절약모드
danawa,냉장고,LG전자 디오스 AI 오브제컬렉션 M876GBB131 (수도권 무료),genuine,medium,https://prod.danawa.com/info/?pcode=122634004,"양문형냉장고 / 총용량 : 871L / 4도어 / 냉장 : 504L / 냉동 : 367L / 1등급(25.06 기준) / 홈바 : 매직스페이스 / 아이스메이커 : 트레이 / 큐브(각얼음) / AI절약모드 / 오토클로징 / 색상 : 베이지 / [신선/보관] 위생 : 탈취 , UV , 제균 , 광촉매 / 도어쿨링 / 미세자동정온 / 급속냉동 / [디자인] 재질 : 미스트(무광글라스) / 크기(가로x세로x깊이): 914x1860x918mm",strong: AI절약모드
danawa,냉장고,삼성전자 비스포크 AI 김치플러스 RK70F58M1ZG (수도권 무료),suspicious,low,https://prod.danawa.com/info/?pcode=99476231,"김치냉장고 / 스탠드형 / 4도어(3룸) / 용량 : 586L / [용기] 용기 : 8개 / 용기용량 : 102.8L / 상칸 : 미포함 / 중칸 : 4개 / 하칸 : 4개 / 안심김치통 / 에너지 : 1등급 / [냉각] 냉동겸용칸 : 하칸 , 중칸 / 독립냉각 / 메탈쿨링커튼 / 아삭모드 / 발효숙성모드 : 육류 , 물김치/무김치 / 냉동 / 보관모드 : 와인 , 상온 , 열대과일 , 저염김치 , 육류/생선(생동) , 쌀/잡곡 , 감자/고구마 , 야채/과일 , 구입김치 / 신선야채실 / 도어포켓 / [편의] 칸칸탈취 / 인버터 / 3단레일서랍 / LED라이팅 / WiFi / 젠틀라이팅 / 다목적맞춤보관 / 구입김치스캔보관 / AI정온모드 / 에센셜(메탈) / (상단) 에센셜화이트 (중/하단) 에센셜베이지 / 저온쿨링숙성 / 숙성시간표시 / 가로핸들 / 크기(가로x세로x깊이): 799x1853x892mm",weak: WiFi
danawa,냉장고,LG전자 디오스 오브제컬렉션 T873MEE111 (수도권 무료),genuine,medium,https://prod.danawa.com/info/?pcode=94572410,"양문형냉장고 / 총용량 : 870L / 4도어 / 냉장 : 503L / 냉동 : 367L / 1등급 / 홈바 : 매직스페이스 / 아이스메이커 : 트레이 / 큐브(각얼음) / AI절약모드 / 색상 : 베이지 / [신선/보관] 위생 : 항균핸들 / 미세자동정온 / 급속냉동 / [디자인] 재질 : 네이처(메탈) / 크기(가로x세로x깊이): 914x1787x918mm / 출시가: 2,700,000원",strong: AI절약모드
danawa,냉장고,삼성전자 비스포크 RS84DB5002CW (수도권 무료),genuine,medium,https://prod.danawa.com/info/?pcode=91869098,양문형냉장고 / 총용량 : 852L / 2도어 / 냉장 : 532L / 냉동 : 320L / 2등급(24.07 기준) / 아이스메이커 : 트위스트 / 큐브(각얼음) / AI절약모드 / 색상 : 코타PCM화이트 / [신선/보관] 위생 : 탈취 / 일반쿨링커버 / 미세자동정온 / [디자인] 재질 : 코타(메탈) / 크기(가로x세로x깊이): 912x1780x915mm,strong: AI절약모드
danawa,냉장고,삼성전자 비스포크 RS84DB5002CW (사업자전용),genuine,medium,https://prod.danawa.com/info/?pcode=67576652,"양문형냉장고 / 총용량 : 852L / 2도어 / 냉장 : 532L / 냉동 : 320L / 2등급(24.07 기준) / 아이스메이커 : 트위스트 / 큐브(각얼음) / AI절약모드 / 색상 : 코타PCM화이트 / [신선/보관] 위생 : 탈취 / 일반쿨링커버 / 미세자동정온 / [디자인] 재질 : 코타(메탈) / 크기(가로x세로x깊이): 912x1780x915mm / 판매가: 1,690,000원",strong: AI절약모드
danawa,냉장고,삼성전자 비스포크 RM70F90M1ZD (전국무료),genuine,medium,https://prod.danawa.com/info/?pcode=94259567,양문형냉장고 / 총용량 : 902L / 4도어 / 냉장 : 536L / 냉동 : 366L / 1등급(25.07 기준) / 홈바 : 푸드쇼케이스 / 아이스메이커 : 트레이 / 큐브(각얼음) / AI절약모드 / 색상 : 에센셜화이트 / [신선/보관] 메탈쿨링도어 / 미세자동정온 / [디자인] 재질 : 에센셜(메탈) / 후면핸들포함크기(가로x세로x깊이): 912x1853x922mm / 후면핸들미포함크기(가로x세로x깊이): 912x1830x908mm,strong: AI절약모드
danawa,냉장고,삼성전자 비스포크 RM70F90M1ZD (수도권 무료),genuine,medium,https://prod.danawa.com/info/?pcode=93861524,양문형냉장고 / 총용량 : 902L / 4도어 / 냉장 : 536L / 냉동 : 366L / 1등급 / 홈바 : 푸드쇼케이스 / 아이스메이커 : 트레이 / 큐브(각얼음) / AI절약모드 / 색상 : 에센셜화이트 / [신선/보관] 메탈쿨링도어 / 미세자동정온 / [디자인] 재질 : 에센셜(메탈) / 후면핸들포함크기(가로x세로x깊이): 912x1853x922mm / 후면핸들미포함크기(가로x세로x깊이): 912x1830x908mm,strong: AI절약모드
danawa,냉장고,LG전자 오브제컬렉션 M876GBB232 (전국무료),genuine,medium,https://prod.danawa.com/info/?pcode=94524113,"양문형냉장고 / 총용량 : 871L / 4도어 / 냉장 : 504L / 냉동 : 367L / 2등급(25.07 기준) / 홈바 : 더블매직스페이스 / AI절약모드 / 오토클로징 / 색상 : 베이지 / [신선/보관] 위생 : 탈취 , UV , 제균 , 광촉매 / 도어쿨링 / 미세자동정온 / 급속냉동 / [디자인] 재질 : 미스트(무광글라스) / 크기(가로x세로x깊이): 914x1860x918mm",strong: AI절약모드
danawa,냉장고,LG전자 오브제컬렉션 M876GBB232 (수도권 무료),genuine,medium,https://prod.danawa.com/info/?pcode=94524119,"양문형냉장고 / 총용량 : 871L / 4도어 / 냉장 : 504L / 냉동 : 367L / 2등급(25.07 기준) / 홈바 : 더블매직스페이스 / AI절약모드 / 오토클로징 / 색상 : 베이지 / [신선/보관] 위생 : 탈취 , UV , 제균 , 광촉매 / 도어쿨링 / 미세자동정온 / 급속냉동 / [디자인] 재질 : 미스트(무광글라스) / 크기(가로x세로x깊이): 914x1860x918mm",strong: AI절약모드
danawa,냉장고,LG전자 디오스 AI 오브제컬렉션 S656P003 (전국무료),genuine,medium,https://prod.danawa.com/info/?pcode=95933222,"양문형냉장고 / 총용량 : 661L / 2도어 / 냉장 : 321L / 냉동 : 240L / 3등급(25.06 기준) / 아이스메이커 : 미탑재 / AI절약모드 / 색상 : 프라임실버 / [신선/보관] 위생 : 탈취 , 탈취(반영구) / 미세자동정온 / [디자인] 재질 : 메탈 / 크기(가로x세로x깊이): 913x1790x735mm / 출시가: 1,980,000원",strong: AI절약모드
danawa,냉장고,LG전자 디오스 AI 오브제컬렉션 S656P003 (수도권 무료),genuine,medium,https://prod.danawa.com/info/?pcode=95000411,"양문형냉장고 / 총용량 : 661L / 2도어 / 냉장 : 321L / 냉동 : 240L / 3등급(25.06 기준) / 아이스메이커 : 미탑재 / AI절약모드 / 색상 : 프라임실버 / [신선/보관] 위생 : 탈취 , 탈취(반영구) / 미세자동정온 / [디자인] 재질 : 메탈 / 크기(가로x세로x깊이): 913x1790x735mm / 출시가: 1,980,000원",strong: AI절약모드
danawa,냉장고,삼성전자 비스포크 키친핏 Max AI 하이브리드 RM70F64R1G (전국무료),genuine,medium,https://prod.danawa.com/info/?pcode=78843278,양문형냉장고 / 총용량 : 637L / 4도어 / 냉장 : 396L / 냉동 : 241L / 1등급(25.03 기준) / 아이스메이커 : 트레이 / 큐브(각얼음) / AI절약모드 / AI하이브리드쿨링 / 색상 : 에센셜베이지 / [신선/보관] 위생 : UV / 미세자동정온 / [디자인] 재질 : 에센셜(메탈) / 후면핸들포함크기(가로x세로x깊이): 912x1853x697mm / 후면핸들미포함크기(가로x세로x깊이): 912x1853x683mm,strong: AI절약모드
danawa,냉장고,삼성전자 비스포크 RM70F90R2ZD (전국무료),genuine,medium,https://prod.danawa.com/info/?pcode=78972326,양문형냉장고 / 총용량 : 905L / 4도어 / 냉장 : 539L / 냉동 : 366L / 2등급(25.03 기준) / 아이스메이커 : 트레이 / 큐브(각얼음) / AI절약모드 / 색상 : 에센셜화이트 / [신선/보관] 미세자동정온 / [디자인] 재질 : 에센셜(메탈) / 후면핸들포함크기(가로x세로x깊이): 912x1830x922mm / 후면핸들미포함크기(가로x세로x깊이): 912x1830x908mm,strong: AI절약모드
danawa,냉장고,삼성전자 비스포크 RM70F90R2ZD (수도권 무료),genuine,medium,https://prod.danawa.com/info/?pcode=98412731,양문형냉장고 / 총용량 : 905L / 4도어 / 냉장 : 539L / 냉동 : 366L / 2등급(25.03 기준) / 아이스메이커 : 트레이 / 큐브(각얼음) / AI절약모드 / 색상 : 에센셜화이트 / [신선/보관] 미세자동정온 / [디자인] 재질 : 에센셜(메탈) / 후면핸들포함크기(가로x세로x깊이): 912x1830x922mm / 후면핸들미포함크기(가로x세로x깊이): 912x1830x908mm,strong: AI절약모드
danawa,냉장고,삼성전자 비스포크 RM70F90R1ZD (전국무료),genuine,medium,https://prod.danawa.com/info/?pcode=100189472,양문형냉장고 / 총용량 : 905L / 4도어 / 냉장 : 539L / 냉동 : 366L / 1등급(25.11 기준) / 아이스메이커 : 트레이 / 큐브(각얼음) / AI절약모드 / 색상 : 에센셜화이트 / [신선/보관] [디자인] 재질 : 에센셜(메탈) / 후면핸들포함크기(가로x세로x깊이): 912x1830x922mm / 후면핸들미포함크기(가로x세로x깊이): 912x1830x908mm,strong: AI절약모드
danawa,냉장고,삼성전자 비스포크 RM70F90R1ZD (수도권 무료),genuine,medium,https://prod.danawa.com/info/?pcode=122645999,양문형냉장고 / 총용량 : 905L / 4도어 / 냉장 : 539L / 냉동 : 366L / 1등급(25.11 기준) / 아이스메이커 : 트레이 / 큐브(각얼음) / AI절약모드 / 색상 : 에센셜화이트 / [신선/보관] [디자인] 재질 : 에센셜(메탈) / 후면핸들포함크기(가로x세로x깊이): 912x1830x922mm / 후면핸들미포함크기(가로x세로x깊이): 912x1830x908mm,strong: AI절약모드
danawa,냉장고,LG전자 디오스 AI 오브제컬렉션 S834MEE111 (전국무료),genuine,medium,https://prod.danawa.com/info/?pcode=94639772,"양문형냉장고 / 총용량 : 832L / 2도어 / 냉장 : 524L / 냉동 : 308L / 1등급(24.04 기준) / 홈바 : 매직스페이스 / 아이스메이커 : 트레이 , 분리 / 큐브(각얼음) / AI절약모드 / 색상 : 베이지 / [신선/보관] 위생 : 탈취 / 도어쿨링 / 미세자동정온 / 급속냉동 / [디자인] 재질 : 네이처(메탈) / 크기(가로x세로x깊이): 913x1790x913mm / 출시가: 2,250,000원",strong: AI절약모드
danawa,냉장고,LG전자 디오스 AI 오브제컬렉션 S834MEE111 (수도권 무료),genuine,medium,https://prod.danawa.com/info/?pcode=94521617,"양문형냉장고 / 총용량 : 832L / 2도어 / 냉장 : 524L / 냉동 : 308L / 1등급 / 홈바 : 매직스페이스 / 아이스메이커 : 트레이 , 분리 / 큐브(각얼음) / AI절약모드 / 색상 : 베이지 / [신선/보관] 위생 : 탈취 / 도어쿨링 / 미세자동정온 / 급속냉동 / [디자인] 재질 : 네이처(메탈) / 크기(가로x세로x깊이): 913x1790x913mm / 출시가: 2,250,000원",strong: AI절약모드
danawa,냉장고,삼성전자 비스포크 RS70F65Q2Y (전국무료),genuine,medium,https://prod.danawa.com/info/?pcode=97110353,양문형냉장고 / 총용량 : 651L / 2도어 / 냉장 : 415L / 냉동 : 236L / 2등급(25.08 기준) / 아이스메이커 : 트위스트 / 큐브(각얼음) / AI절약모드 / 색상 : 코타화이트 / [신선/보관] 일반쿨링커버 / [디자인] 재질 : 메탈 / 크기(가로x세로x깊이): 912x1786x716mm,strong: AI절약모드
danawa,냉장고,삼성전자 비스포크 RS70F65Q2Y (수도권 무료),genuine,medium,https://prod.danawa.com/info/?pcode=97110818,양문형냉장고 / 총용량 : 651L / 2도어 / 냉장 : 415L / 냉동 : 236L / 2등급(25.08 기준) / 아이스메이커 : 트위스트 / 큐브(각얼음) / AI절약모드 / 색상 : 코타화이트 / [신선/보관] 일반쿨링커버 / [디자인] 재질 : 코타(메탈) / 크기(가로x세로x깊이): 912x1786x716mm,strong: AI절약모드
danawa,냉장고,LG전자 디오스 AI 오브제컬렉션 S836MRQ112 (전국무료),genuine,medium,https://prod.danawa.com/info/?pcode=94934756,양문형냉장고 / 총용량 : 832L / 2도어 / 냉장 : 524L / 냉동 : 308L / 2등급(25.06 기준) / 홈바 : 매직스페이스 / 아이스메이커 : 분리 / 큐브(각얼음) / AI절약모드 / 오토클로징 / 색상 : (상단) 크림그레이 (하단) 에센스화이트 / [신선/보관] 위생 : 탈취 / 도어쿨링 / 미세자동정온 / 급속냉동 / [디자인] 재질 : 메탈 / 크기(가로x세로x깊이): 913x1790x913mm,strong: AI절약모드
danawa,냉장고,LG전자 디오스 AI 오브제컬렉션 S836MRQ112 (수도권 무료),genuine,medium,https://prod.danawa.com/info/?pcode=94934750,양문형냉장고 / 총용량 : 832L / 2도어 / 냉장 : 524L / 냉동 : 308L / 2등급(25.06 기준) / 홈바 : 매직스페이스 / 아이스메이커 : 분리 / 큐브(각얼음) / AI절약모드 / 오토클로징 / 색상 : (상단) 크림그레이 (하단) 에센스화이트 / [신선/보관] 위생 : 탈취 / 도어쿨링 / 미세자동정온 / 급속냉동 / [디자인] 재질 : 메탈 / 크기(가로x세로x깊이): 913x1790x913mm,strong: AI절약모드
danawa,냉장고,LG전자 디오스 AI 오브제컬렉션 S836MRQ112 (사업자전용),genuine,medium,https://prod.danawa.com/info/?pcode=102356192,양문형냉장고 / 총용량 : 832L / 2도어 / 냉장 : 524L / 냉동 : 308L / 2등급(25.06 기준) / 홈바 : 매직스페이스 / 아이스메이커 : 분리 / 큐브(각얼음) / AI절약모드 / 오토클로징 / 색상 : (상단) 크림그레이 (하단) 에센스화이트 / [신선/보관] 위생 : 탈취 / 도어쿨링 / 미세자동정온 / 급속냉동 / [디자인] 재질 : 메탈 / 크기(가로x세로x깊이): 913x1790x913mm,strong: AI절약모드
danawa,냉장고,LG전자 디오스 오브제컬렉션 T875MEE111 (전국무료),genuine,medium,https://prod.danawa.com/info/?pcode=65353772,"양문형냉장고 / 총용량 : 870L / 4도어 / 냉장 : 503L / 냉동 : 367L / 1등급(24.08 기준) / 홈바 : 매직스페이스 / 아이스메이커 : 트레이 / 큐브(각얼음) / AI절약모드 / 오토클로징 / 색상 : 베이지 / [신선/보관] 위생 : 탈취 / 미세자동정온 / 급속냉동 / [디자인] 재질 : 네이처(메탈) / 크기(가로x세로x깊이): 914x1787x918mm / 출시가: 2,850,000원",strong: AI절약모드
danawa,냉장고,LG전자 디오스 오브제컬렉션 T875MEE111 (수도권 무료),genuine,medium,https://prod.danawa.com/info/?pcode=122626145,"양문형냉장고 / 총용량 : 870L / 4도어 / 냉장 : 503L / 냉동 : 367L / 1등급(24.08 기준) / 홈바 : 매직스페이스 / 아이스메이커 : 트레이 / 큐브(각얼음) / AI절약모드 / 오토클로징 / 색상 : 베이지 / [신선/보관] 위생 : 탈취 / 미세자동정온 / 급속냉동 / [디자인] 재질 : 네이처(메탈) / 크기(가로x세로x깊이): 914x1787x918mm / 출시가: 2,850,000원",strong: AI절약모드
danawa,냉장고,LG전자 디오스 AI 오브제컬렉션 Fit & Max M616GBB0M1 (전국무료),genuine,medium,https://prod.danawa.com/info/?pcode=94205543,"양문형냉장고 / 총용량 : 609L / 4도어 / 냉장 : 380L / 냉동 : 229L / 1등급(25.07 기준) / 아이스메이커 : 트레이 / 큐브(각얼음) / AI절약모드 / 색상 : 베이지 / [신선/보관] 위생 : 탈취(반영구) , UV , 제균 , 광촉매 / 도어쿨링 / 미세자동정온 / 급속냉동 / [디자인] 재질 : 미스트(무광글라스) / 크기(가로x세로x깊이): 914x1860x698mm",strong: AI절약모드
danawa,냉장고,LG전자 디오스 AI 오브제컬렉션 Fit & Max M616GBB0M1 (수도권 무료),genuine,medium,https://prod.danawa.com/info/?pcode=122634019,"양문형냉장고 / 총용량 : 609L / 4도어 / 냉장 : 380L / 냉동 : 229L / 1등급(25.07 기준) / 아이스메이커 : 트레이 / 큐브(각얼음) / AI절약모드 / 색상 : 베이지 / [신선/보관] 위생 : 탈취(반영구) , UV , 제균 , 광촉매 / 도어쿨링 / 미세자동정온 / 급속냉동 / [디자인] 재질 : 미스트(무광글라스) / 크기(가로x세로x깊이): 914x1860x698mm",strong: AI절약모드
danawa,냉장고,LG전자 디오스 AI 오브제컬렉션 M876GBB231 (전국무료),genuine,medium,https://prod.danawa.com/info/?pcode=93865100,"양문형냉장고 / 총용량 : 871L / 4도어 / 냉장 : 504L / 냉동 : 367L / 1등급(25.06 기준) / 홈바 : 더블매직스페이스 / 아이스메이커 : 트레이 / 큐브(각얼음) / AI절약모드 / 오토클로징 / 색상 : 베이지 / [신선/보관] 위생 : 탈취 , UV , 제균 , 광촉매 / 도어쿨링 / 미세자동정온 / 급속냉동 / [디자인] 재질 : 미스트(무광글라스) / 크기(가로x세로x깊이): 914x1860x918mm",strong: AI절약모드
danawa,냉장고,LG전자 디오스 AI 오브제컬렉션 M876GBB231 (수도권 무료),genuine,medium,https://prod.danawa.com/info/?pcode=93701885,"양문형냉장고 / 총용량 : 871L / 4도어 / 냉장 : 504L / 냉동 : 367L / 1등급 / 홈바 : 더블매직스페이스 / 아이스메이커 : 트레이 / 큐브(각얼음) / AI절약모드 / 오토클로징 / 색상 : 베이지 / [신선/보관] 위생 : 탈취 , UV , 제균 , 광촉매 / 도어쿨링 / 미세자동정온 / 급속냉동 / [디자인] 재질 : 미스트(무광글라스) / 크기(가로x세로x깊이): 914x1860x918mm",strong: AI절약모드
danawa,냉장고,삼성전자 비스포크 키친핏 Max RM70F63R2XJ (전국무료),genuine,medium,https://prod.danawa.com/info/?pcode=77705138,양문형냉장고 / 총용량 : 640L / 4도어 / 냉장 : 399L / 냉동 : 241L / 2등급(25.03 기준) / 아이스메이커 : 트레이 / 큐브(각얼음) / AI절약모드 / 색상 : (상단) 새틴화이트 (하단) 새틴베이지 / [신선/보관] 미세자동정온 / [디자인] 재질 : 새틴(무광글라스) / 후면핸들포함크기(가로x세로x깊이): 912x1853x697mm / 후면핸들미포함크기(가로x세로x깊이): 912x1853x683mm,strong: AI절약모드
danawa,냉장고,삼성전자 비스포크 키친핏 Max RM70F63R2XJ (수도권 무료),genuine,medium,https://prod.danawa.com/info/?pcode=95850233,양문형냉장고 / 총용량 : 640L / 4도어 / 냉장 : 399L / 냉동 : 241L / 2등급(25.03 기준) / 아이스메이커 : 트레이 / 큐브(각얼음) / AI절약모드 / 색상 : (상단) 새틴화이트 (하단) 새틴베이지 / [신선/보관] 미세자동정온 / [디자인] 재질 : 새틴(무광글라스) / 후면핸들포함크기(가로x세로x깊이): 912x1853x697mm / 후면핸들미포함크기(가로x세로x깊이): 912x1853x683mm,strong: AI절약모드
danawa,세탁기,LG전자 트롬 AI 오브제컬렉션 워시타워 WA2525GEHF,genuine,high,https://prod.danawa.com/info/?pcode=82630370,"드럼세탁기+건조기 / 일체형 / 세탁 : 25kg / 건조 : 25kg / 세제자동투입 / 스팀살균 / 세탁물케어 / 세탁:1등급 / 건조:1등급 / [세탁/건조] AI세탁 / AI건조 / AI에너지절약 / 듀얼인버터DD건조모터 / 콘덴서관리 : 자동 / [조작/편의] 조작부 : 올인원컨트롤(와이드터치스크롤) / 일체형조작부 / UP가전 / 스마트폰제어 / [규격] 세탁기색상 : 네이처그린 / 건조기색상 : 네이처베이지 / 단품모델명 : 세탁기(FA25GJF), 건조기(RA25EJF) / 직렬 : ±700x1890x830mm / 출시가: 5,330,000원","strong: ai 세탁, AI세탁, AI 에너지절약, AI에너지절약, ai 에너지, AI 에너지, UP가전"
danawa,세탁기,삼성전자 비스포크 AI 콤보 WD80F25CHW (기본형),genuine,high,https://prod.danawa.com/info/?pcode=92186636,"세탁건조기 / 세탁25kg,건조15kg / 귀가시간 맞춤 세탁종료 / 세탁→건조 올인원 / 옷감손상적은 인버터히트펌프 / 에너지: 1등급 / [성능] 진동소음저감 / 세제자동투입 : 11단계 / 세제함 : 일반970ml + 유연제830ml (약 5.5주) / 펫케어 코스 / 미세플라스틱저감 코스 / 스팀살균 / 세제스캔 정량투입 / 쾌속코스 99분 / [조작/스마트] 음성명령 / 풀터치조작 / 원격제어 / 디스플레이 : 109.2mm(4.3인치) / [관리편의] 자동열교환기세척 / 통세척 / [내구성] 강화유리도어 / 내부조명 / 플라스틱리프터 / 정면필터 / [색상/크기] 색상 : 화이트 / 크기(가로x세로x깊이) : 686×1,110×875mm / AI세탁건조 / AI에너지절약 / AI홈 / 출시가: 3,049,000원","strong: ai 세탁, 맞춤 세탁, AI세탁, AI 에너지절약, AI에너지절약, ai 에너지, AI 에너지"
danawa,세탁기,삼성전자 비스포크 AI 원바디 WF2522HDEEE,genuine,high,https://prod.danawa.com/info/?pcode=97564493,"드럼세탁기+건조기 / 일체형 / 세탁 : 25kg / 건조 : 22kg / 세제자동투입 / 자동문열림 / 공간제습 / 세탁:1등급 / 건조:1등급 / [세탁/건조] AI세탁 / AI건조 / AI에너지절약 / 인버터건조모터 / 콘덴서관리 : 수동 / [조작/편의] 조작부 : 올인원컨트롤(다이얼+터치) / 일체형조작부 / 스마트싱스 / 스마트폰제어 / [규격] 세탁기색상 : 그레이지 / 건조기색상 : 그레이지 / 단품모델명 : 세탁기(WF25CB8790BE), 건조기(DV22DB8790BE) / 직렬 : ±686x1890x875mm","strong: ai 세탁, AI세탁, AI 에너지절약, AI에너지절약, ai 에너지, AI 에너지"
danawa,세탁기,LG전자 통돌이 T19MX8A (전국무료),genuine,high,https://prod.danawa.com/info/?pcode=20362526,"일반세탁기 / 세탁 : 19kg / 인버터DD모터 / 세탁:2등급 / [세탁/관리] AI세탁 / 6모션 / 터보물살 / 터보샷 / 물높이조절 / 향기강화 / 세탁조 : 스테인리스 / 세탁필터 : 스테인리스필터 / 통세척 / [조작] 전면컨트롤 / 푸시버튼 / 앱연동 / UP가전 / [외관/크기] 색상 : 미드블랙 / 크기(가로x세로x깊이): 632x1040x670mm / 출시가: 950,000원","strong: ai 세탁, AI세탁, UP가전 | weak: 앱 연동"
danawa,세탁기,삼성전자 비스포크 AI 콤보 WD90F25AHS (기본형),genuine,high,https://prod.danawa.com/info/?pcode=77964890,"세탁건조기 / 세탁25kg,건조18kg / 세탁→건조 올인원 / 귀가시간 맞춤 세탁종료 / 건조시간이 빠른 인버터히트펌프+히터 / 에너지: 1등급 / [성능] AI진동소음저감 / 세제자동투입 : 11단계 / 세제함 : 일반970ml + 유연제830ml (약 5.5주) / 세제스캔 정량투입 / 스팀살균 / 펫케어 코스 / 미세플라스틱저감 코스 / 쾌속코스 79분 / [조작/스마트] 풀터치조작 / 원격제어 / 음성명령 / 디스플레이 : 177.8mm(7인치) / [관리편의] 통세척 / 열풍내부살균 / 오토오픈도어+ / 자동열교환기세척 / [내구성] 강화유리도어 / 내부조명 / 플라스틱리프터 / 정면필터 / [색상/크기] 색상 : 다크스틸 / 크기(가로x세로x깊이) : 686×1,110×875mm / AI세탁건조 / AI홈 / AI에너지절약","strong: ai 세탁, 맞춤 세탁, AI세탁, AI 에너지절약, AI에너지절약, ai 에너지, AI 에너지"
danawa,세탁기,삼성전자 비스포크 AI 원바디 WH90F2520BBHT,genuine,high,https://prod.danawa.com/info/?pcode=94691054,"드럼세탁기+건조기 / 일체형 / 세탁 : 25kg / 건조 : 20kg / 세제자동투입 / 스팀살균 / 세탁:1등급 / 건조:1등급 / [세탁/건조] AI세탁 / AI건조 / AI에너지절약 / AI진동소음저감 / 인버터건조모터 / 콘덴서관리 : 자동 / [조작/편의] 조작부 : AI홈 / 일체형조작부 / 스마트폰제어 / 스마트싱스 / [규격] 세탁기색상 : 실버스틸 / 건조기색상 : 실버스틸 / 단품모델명 : 세탁기(WF90F25BBT), 건조기(DV90F20BBT) / 직렬 : ±686x1890x875mm / 출시가: 4,148,000원","strong: ai 세탁, AI세탁, AI 에너지절약, AI에너지절약, ai 에너지, AI 에너지"
danawa,세탁기,"삼성전자 비스포크 AI 콤보 WD80F25CHW (+수납함, WD80F25CHWN1)",genuine,high,https://prod.danawa.com/info/?pcode=102489542,"세탁건조기 / 세탁25kg,건조15kg / 세탁→건조 올인원 / 귀가시간 맞춤 세탁종료 / 옷감손상적은 인버터히트펌프 / 에너지: 1등급 / [성능] 진동소음저감 / 세제자동투입 : 11단계 / 세제함 : 일반970ml + 유연제830ml (약 5.5주) / 펫케어 코스 / 미세플라스틱저감 코스 / 세제스캔 정량투입 / 스팀살균 / 쾌속코스 99분 / [조작/스마트] 원격제어 / 음성명령 / 풀터치조작 / 디스플레이 : 109.2mm(4.3인치) / [관리편의] 통세척 / 자동열교환기세척 / [내구성] 강화유리도어 / 플라스틱리프터 / 내부조명 / 정면필터 / [색상/크기] 색상 : 화이트 / 크기(가로x세로x깊이) : 686×1,110×875mm / 수납함: 686x381x786mm / AI에너지절약 / AI홈 / AI세탁건조","strong: ai 세탁, 맞춤 세탁, AI세탁, AI 에너지절약, AI에너지절약, ai 에너지, AI 에너지"
danawa,세탁기,LG전자 통돌이 T19MX8A (수도권 무료),genuine,high,https://prod.danawa.com/info/?pcode=122654012,"일반세탁기 / 세탁 : 19kg / 인버터DD모터 / 세탁:2등급 / [세탁/관리] AI세탁 / 6모션 / 터보물살 / 터보샷 / 물높이조절 / 향기강화 / 세탁조 : 스테인리스 / 세탁필터 : 스테인리스필터 / 통세척 / [조작] 전면컨트롤 / 푸시버튼 / 앱연동 / UP가전 / [외관/크기] 색상 : 미드블랙 / 크기(가로x세로x깊이): 632x1040x670mm / 출시가: 950,000원","strong: ai 세탁, AI세탁, UP가전 | weak: 앱 연동"
danawa,세탁기,"삼성전자 비스포크 AI 콤보 WD90F25AHS (+수납함,WD90F25AHSN1)",genuine,high,https://prod.danawa.com/info/?pcode=102489455,"세탁건조기 / 세탁25kg,건조18kg / 귀가시간 맞춤 세탁종료 / 세탁→건조 올인원 / 건조시간이 빠른 인버터히트펌프+히터 / 에너지: 1등급 / [성능] AI진동소음저감 / 세제자동투입 : 11단계 / 세제함 : 일반970ml + 유연제830ml (약 5.5주) / 세제스캔 정량투입 / 스팀살균 / 펫케어 코스 / 미세플라스틱저감 코스 / 쾌속코스 79분 / [조작/스마트] 음성명령 / 풀터치조작 / 원격제어 / 디스플레이 : 177.8mm(7인치) / [관리편의] 열풍내부살균 / 오토오픈도어+ / 통세척 / 자동열교환기세척 / [내구성] 강화유리도어 / 플라스틱리프터 / 내부조명 / 정면필터 / [색상/크기] 색상 : 다크스틸 / 크기(가로x세로x깊이) : 686×1,110×875mm / 수납함: 686x381x786mm / AI에너지절약 / AI세탁건조 / AI홈","strong: ai 세탁, 맞춤 세탁, AI세탁, AI 에너지절약, AI에너지절약, ai 에너지, AI 에너지"
danawa,세탁기,LG전자 트롬 오브제컬렉션 워시콤보 FH25ES (기본형),genuine,high,https://prod.danawa.com/info/?pcode=76550339,"세탁건조기 / 세탁25kg,건조15kg / 귀가시간 맞춤 세탁종료 / 세탁→건조 올인원 / 옷감손상적은 인버터히트펌프 / 에너지: 1등급 / [성능] 6모션 / 미세플라스틱저감 코스 / 스팀살균 / [조작/스마트] 원격제어 / 다이얼+터치조작 / [관리편의] 통세척 / 자동열교환기세척 / [내구성] 강화유리도어 / 스테인리스리프터 / 내부조명 / 상단필터 / [색상/크기] 색상 : 네이처베이지 / 크기(가로x세로x깊이) : 700×990×830mm / AI에너지절약 / AI세탁건조","strong: ai 세탁, 맞춤 세탁, AI세탁, AI 에너지절약, AI에너지절약, ai 에너지, AI 에너지"
danawa,세탁기,"LG전자 트롬 오브제컬렉션 워시콤보 FH25ES (+미니워시,FH25ESX)",genuine,high,https://prod.danawa.com/info/?pcode=76550540,"세탁건조기 / 세탁25kg,건조15kg / 미니워시4kg / 세탁→건조 올인원 / 귀가시간 맞춤 세탁종료 / 옷감손상적은 인버터히트펌프 / 에너지: 1등급 / [성능] 미세플라스틱저감 코스 / 스팀살균 / 6모션 / [조작/스마트] 다이얼+터치조작 / 원격제어 / [관리편의] 자동열교환기세척 / 통세척 / [내구성] 강화유리도어 / 스테인리스리프터 / 내부조명 / 상단필터 / [색상/크기] 색상 : 네이처베이지 / 크기(가로x세로x깊이) : 700×1,360×830mm / 미니워시: 700x360x770mm / AI에너지절약 / AI세탁건조","strong: ai 세탁, 맞춤 세탁, AI세탁, AI 에너지절약, AI에너지절약, ai 에너지, AI 에너지"
danawa,세탁기,"LG전자 트롬 오브제컬렉션 워시콤보 FH25ES (+키높이 수납함,FH25ESF)",genuine,high,https://prod.danawa.com/info/?pcode=76550729,"세탁건조기 / 세탁25kg,건조15kg+수납함 / 미니워시4kg / 귀가시간 맞춤 세탁종료 / 세탁→건조 올인원 / 옷감손상적은 인버터히트펌프 / 에너지: 1등급 / [성능] 6모션 / 스팀살균 / 미세플라스틱저감 코스 / [조작/스마트] 원격제어 / 다이얼+터치조작 / [관리편의] 통세척 / 자동열교환기세척 / [내구성] 강화유리도어 / 스테인리스리프터 / 내부조명 / 상단필터 / [색상/크기] 색상 : 네이처베이지 / 크기(가로x세로x깊이) : 700×1,360×830mm / 수납함: 700x360x770mm / AI에너지절약 / AI세탁건조","strong: ai 세탁, 맞춤 세탁, AI세탁, AI 에너지절약, AI에너지절약, ai 에너지, AI 에너지"
danawa,세탁기,삼성전자 비스포크 AI 콤보 WD90H25AHS (기본형),genuine,high,https://prod.danawa.com/info/?pcode=108463673,"세탁건조기 / 세탁25kg,건조20kg / 귀가시간 맞춤 세탁종료 / 세탁→건조 올인원 / 건조시간이 빠른 인버터히트펌프+히터 / 에너지: 1등급 / [성능] AI진동소음저감 / 세제자동투입 : 11단계 / 세제함 : 일반970ml + 유연제830ml (약 5.5주) / 미세플라스틱저감 코스 / 세제스캔 정량투입 / 스팀살균 / 펫케어 코스 / 쾌속코스 69분 / [조작/스마트] 풀터치조작 / 음성명령 / 원격제어 / 디스플레이 : 177.8mm(7인치) / [관리편의] 자동열교환기세척 / 열풍내부살균 / 통세척 / 오토오픈도어+ / [내구성] 강화유리도어 / 플라스틱리프터 / 내부조명 / 정면필터 / [색상/크기] 색상 : 다크스틸 / 크기(가로x세로x깊이) : 686×1,110×875mm / AI에너지절약 / AI홈 / AI세탁건조 / 출시가: 4,299,000원","strong: ai 세탁, 맞춤 세탁, AI세탁, AI 에너지절약, AI에너지절약, ai 에너지, AI 에너지"
danawa,세탁기,"삼성전자 비스포크 AI 콤보 WD90H25AHS (+수납함, WD90H25AHSN1)",genuine,high,https://prod.danawa.com/info/?pcode=108693758,"세탁건조기 / 세탁25kg,건조20kg / 세탁→건조 올인원 / 귀가시간 맞춤 세탁종료 / 건조시간이 빠른 인버터히트펌프+히터 / 에너지: 1등급 / [성능] AI진동소음저감 / 세제자동투입 : 11단계 / 세제함 : 일반970ml + 유연제830ml (약 5.5주) / 미세플라스틱저감 코스 / 세제스캔 정량투입 / 스팀살균 / 펫케어 코스 / 쾌속코스 69분 / [조작/스마트] 원격제어 / 음성명령 / 풀터치조작 / 디스플레이 : 177.8mm(7인치) / [관리편의] 자동열교환기세척 / 통세척 / 오토오픈도어+ / 열풍내부살균 / [내구성] 강화유리도어 / 내부조명 / 플라스틱리프터 / 정면필터 / [색상/크기] 색상 : 다크스틸 / 크기(가로x세로x깊이) : 686×1,110×875mm / 수납함: 686x381x786mm / AI에너지절약 / AI세탁건조 / AI홈 / 출시가: 4,599,000원","strong: ai 세탁, 맞춤 세탁, AI세탁, AI 에너지절약, AI에너지절약, ai 에너지, AI 에너지"
danawa,세탁기,LG전자 트롬 AI 오브제컬렉션 워시타워 WA2525EEHF,genuine,high,https://prod.danawa.com/info/?pcode=85605692,"드럼세탁기+건조기 / 일체형 / 세탁 : 25kg / 건조 : 25kg / 세제자동투입 / 스팀살균 / 세탁물케어 / 세탁:1등급 / 건조:1등급 / [세탁/건조] AI에너지절약 / AI건조 / AI세탁 / 듀얼인버터DD건조모터 / 콘덴서관리 : 자동 / [조작/편의] 조작부 : 올인원컨트롤(와이드터치스크롤) / 일체형조작부 / UP가전 / 스마트폰제어 / [규격] 세탁기색상 : 네이처베이지 / 건조기색상 : 네이처베이지 / 단품모델명 : 세탁기(FA25EJF), 건조기(RA25EJF) / 직렬 : ±700x1890x830mm","strong: ai 세탁, AI세탁, AI 에너지절약, AI에너지절약, ai 에너지, AI 에너지, UP가전"
danawa,세탁기,삼성전자 AI 통버블 WA80F19SKC (전국무료),genuine,high,https://prod.danawa.com/info/?pcode=91039805,"일반세탁기 / 세탁 : 19kg / 듀얼DD모터 / 세탁:2등급 / [세탁/관리] AI세탁 / 입체물살 / 제트샷 / 물높이조절 / 버블키트 / 세탁조 : 스테인리스 / 세탁필터 : 스테인리스필터 / 무세제통세척 / [조작] 후면컨트롤 / 풀터치 / 앱연동 / [외관/크기] 색상 : 딥차콜 / 크기(가로x세로x깊이): 637x1093x701mm / 출시가: 920,000원","strong: ai 세탁, AI세탁 | weak: 앱 연동"
danawa,세탁기,삼성전자 그랑데 AI WF21CB6650BW + DV17CB6600BW,genuine,high,https://prod.danawa.com/info/?pcode=30766856,드럼세탁기+건조기 / 분리형 / 세탁 : 21kg / 건조 : 17kg / 세탁:1등급 / 건조:1등급 / [세탁/건조] AI세탁 / AI에너지절약 / AI건조 / 인버터건조모터 / 콘덴서관리 : 수동 / [조작/편의] 조작부 : 심플컨트롤(다이얼+터치) / 건조기 조작부 : 심플컨트롤(다이얼+터치) / 리모컨 / 스마트폰제어 / 스마트싱스 / [규격] 세탁기색상 : 화이트 / 건조기색상 : 화이트 / 세트모델명 : WF21CB6650BW7N / 직렬 : ±686x1998x840mm / 병렬 : ±1392x984x840mm,"strong: ai 세탁, AI세탁, AI 에너지절약, AI에너지절약, ai 에너지, AI 에너지"
danawa,세탁기,삼성전자 비스포크 AI 콤보 WD90H25AHY (기본형),genuine,high,https://prod.danawa.com/info/?pcode=108463688,"세탁건조기 / 세탁25kg,건조20kg / 귀가시간 맞춤 세탁종료 / 세탁→건조 올인원 / 건조시간이 빠른 인버터히트펌프+히터 / 에너지: 1등급 / [성능] AI진동소음저감 / 세제자동투입 : 11단계 / 세제함 : 일반970ml + 유연제830ml (약 5.5주) / 미세플라스틱저감 코스 / 세제스캔 정량투입 / 펫케어 코스 / 스팀살균 / 쾌속코스 69분 / [조작/스마트] 음성명령 / 원격제어 / 풀터치조작 / 디스플레이 : 177.8mm(7인치) / [관리편의] 자동열교환기세척 / 오토오픈도어+ / 통세척 / 열풍내부살균 / [내구성] 강화유리도어 / 내부조명 / 플라스틱리프터 / 정면필터 / [색상/크기] 색상 : 그레이지 / 크기(가로x세로x깊이) : 686×1,110×875mm / AI세탁건조 / AI홈 / AI에너지절약 / 출시가: 4,299,000원","strong: ai 세탁, 맞춤 세탁, AI세탁, AI 에너지절약, AI에너지절약, ai 에너지, AI 에너지"
danawa,세탁기,"삼성전자 비스포크 AI 콤보 WD90H25AHY (+수납함, WD90H25AHYN1)",genuine,high,https://prod.danawa.com/info/?pcode=108693770,"세탁건조기 / 세탁25kg,건조20kg / 귀가시간 맞춤 세탁종료 / 세탁→건조 올인원 / 건조시간이 빠른 인버터히트펌프+히터 / 에너지: 1등급 / [성능] AI진동소음저감 / 세제자동투입 : 11단계 / 세제함 : 일반970ml + 유연제830ml (약 5.5주) / 펫케어 코스 / 미세플라스틱저감 코스 / 세제스캔 정량투입 / 스팀살균 / 쾌속코스 69분 / [조작/스마트] 풀터치조작 / 음성명령 / 원격제어 / 디스플레이 : 177.8mm(7인치) / [관리편의] 열풍내부살균 / 자동열교환기세척 / 오토오픈도어+ / 통세척 / [내구성] 강화유리도어 / 플라스틱리프터 / 내부조명 / 정면필터 / [색상/크기] 색상 : 그레이지 / 크기(가로x세로x깊이) : 686×1,110×875mm / 수납함: 686x381x786mm / AI세탁건조 / AI홈 / AI에너지절약 / 출시가: 4,599,000원","strong: ai 세탁, 맞춤 세탁, AI세탁, AI 에너지절약, AI에너지절약, ai 에너지, AI 에너지"
danawa,세탁기,LG전자 통돌이 T21MX9A (전국무료),genuine,high,https://prod.danawa.com/info/?pcode=18698627,"일반세탁기 / 세탁 : 21kg / 인버터DD모터 / 세탁:2등급 / [세탁/관리] AI세탁 / 6모션 / 터보물살 / 대포물살 / 터보샷 / 물높이조절 / 향기강화 / 세탁조 : 스테인리스 / 세탁필터 : 스테인리스필터 / 통세척 / [조작] 전면컨트롤 / 풀터치 / 앱연동 / UP가전 / [외관/크기] 색상 : 미드블랙 / 크기(가로x세로x깊이): 690x1070x730mm / 출시가: 1,100,000원","strong: ai 세탁, AI세탁, UP가전 | weak: 앱 연동"
danawa,세탁기,LG전자 통돌이 T21MX9A (수도권 무료),genuine,high,https://prod.danawa.com/info/?pcode=122654029,"일반세탁기 / 세탁 : 21kg / 인버터DD모터 / 세탁:2등급 / [세탁/관리] AI세탁 / 6모션 / 터보물살 / 대포물살 / 터보샷 / 물높이조절 / 향기강화 / 세탁조 : 스테인리스 / 세탁필터 : 스테인리스필터 / 통세척 / [조작] 전면컨트롤 / 풀터치 / 앱연동 / UP가전 / [외관/크기] 색상 : 미드블랙 / 크기(가로x세로x깊이): 690x1070x730mm / 출시가: 1,100,000원","strong: ai 세탁, AI세탁, UP가전 | weak: 앱 연동"
danawa,세탁기,LG전자 트롬 오브제컬렉션 워시콤보 FH24WN (기본형),genuine,high,https://prod.danawa.com/info/?pcode=98778002,"세탁건조기 / 세탁24kg,건조15kg / 귀가시간 맞춤 세탁종료 / 세탁→건조 올인원 / 옷감손상적은 인버터히트펌프 / 에너지: 1등급 / [성능] 6모션 / 미세플라스틱저감 코스 / [조작/스마트] 다이얼+터치조작 / 원격제어 / [관리편의] 통세척 / 자동열교환기세척 / [내구성] 강화유리도어 / 스테인리스리프터 / 내부조명 / 상단필터 / [색상/크기] 색상 : 릴리화이트 / 크기(가로x세로x깊이) : 700×990×830mm / AI세탁건조","strong: ai 세탁, 맞춤 세탁, AI세탁"
danawa,세탁기,"LG전자 트롬 오브제컬렉션 워시콤보 FH24WN (+미니워시,FH24WNX)",genuine,high,https://prod.danawa.com/info/?pcode=98778164,"세탁건조기 / 세탁24kg,건조15kg / 미니워시4kg / 세탁→건조 올인원 / 귀가시간 맞춤 세탁종료 / 옷감손상적은 인버터히트펌프 / 에너지: 1등급 / [성능] 미세플라스틱저감 코스 / 6모션 / [조작/스마트] 다이얼+터치조작 / 원격제어 / [관리편의] 자동열교환기세척 / 통세척 / [내구성] 강화유리도어 / 스테인리스리프터 / 내부조명 / 상단필터 / [색상/크기] 색상 : 릴리화이트 / 크기(가로x세로x깊이) : 700×1,360×830mm / 미니워시: 700x360x770mm / AI세탁건조","strong: ai 세탁, 맞춤 세탁, AI세탁"
danawa,세탁기,LG전자 트롬 F12WVAR,genuine,high,https://prod.danawa.com/info/?pcode=106748600,"드럼세탁기 / 세탁전용 / 세탁 : 12kg / 세탁:1등급 / [세탁/관리] AI세탁 / 인버터DD / 4방향터보샷 / 6모션 / 통살균 / [디자인] 다이얼+LED터치 / 글라스도어 / [규격/설치] 색상 : 화이트 / 크기(가로x세로x깊이): 600x850x660mm / LG전자 중형용량: 10~15kg / 출시가: 1,165,000원","strong: ai 세탁, AI세탁"
danawa,세탁기,LG전자 통돌이 T17DX3A (전국무료),genuine,high,https://prod.danawa.com/info/?pcode=18689777,"일반세탁기 / 세탁 : 17kg / 인버터DD모터 / 세탁:2등급 / [세탁/관리] AI세탁 / 6모션 / 터보물살 / 물높이조절 / 향기강화 / 세탁조 : 스텐+플라스틱 / 세탁필터 : 플라스틱필터 / 통세척 / [조작] 전면컨트롤 / 푸시버튼 / [외관/크기] 색상 : 미드프리실버 / 크기(가로x세로x깊이): 632x1020x690mm / 출시가: 700,000원","strong: ai 세탁, AI세탁"
danawa,세탁기,LG전자 통돌이 T17DX3A (수도권 무료),genuine,high,https://prod.danawa.com/info/?pcode=122654807,"일반세탁기 / 세탁 : 17kg / 인버터DD모터 / 세탁:2등급 / [세탁/관리] AI세탁 / 6모션 / 터보물살 / 물높이조절 / 향기강화 / 세탁조 : 스텐+플라스틱 / 세탁필터 : 플라스틱필터 / 통세척 / [조작] 전면컨트롤 / 푸시버튼 / [외관/크기] 색상 : 미드프리실버 / 크기(가로x세로x깊이): 632x1020x690mm / 출시가: 700,000원","strong: ai 세탁, AI세탁"
danawa,세탁기,삼성전자 비스포크 AI 콤보 WD80H25BHW (기본형),genuine,high,https://prod.danawa.com/info/?pcode=108693731,"세탁건조기 / 세탁25kg,건조18kg / 세탁→건조 올인원 / 귀가시간 맞춤 세탁종료 / 옷감손상적은 인버터히트펌프 / 에너지: 1등급 / [성능] AI진동소음저감 / 세제자동투입 : 11단계 / 세제함 : 일반970ml + 유연제830ml (약 5.5주) / 세제스캔 정량투입 / 스팀살균 / 펫케어 코스 / 미세플라스틱저감 코스 / 쾌속코스 89분 / [조작/스마트] 원격제어 / 다이얼조작 / 디스플레이 : 71.1mm(2.8인치) / [관리편의] 통세척 / 자동열교환기세척 / [내구성] 강화유리도어 / 플라스틱리프터 / 내부조명 / 정면필터 / [색상/크기] 색상 : 화이트 / 크기(가로x세로x깊이) : 686×1,110×875mm / AI에너지절약 / AI세탁건조 / AI홈 / 출시가: 3,299,000원","strong: ai 세탁, 맞춤 세탁, AI세탁, AI 에너지절약, AI에너지절약, ai 에너지, AI 에너지"
danawa,세탁기,"삼성전자 비스포크 AI 콤보 WD80H25BHW (+수납함, WD80H25BHWN1)",genuine,high,https://prod.danawa.com/info/?pcode=108693854,"세탁건조기 / 세탁25kg,건조18kg / 세탁→건조 올인원 / 귀가시간 맞춤 세탁종료 / 옷감손상적은 인버터히트펌프 / 에너지: 1등급 / [성능] AI진동소음저감 / 세제자동투입 : 11단계 / 세제함 : 일반970ml + 유연제830ml (약 5.5주) / 스팀살균 / 미세플라스틱저감 코스 / 펫케어 코스 / 세제스캔 정량투입 / 쾌속코스 89분 / [조작/스마트] 원격제어 / 다이얼조작 / 디스플레이 : 71.1mm(2.8인치) / [관리편의] 통세척 / 자동열교환기세척 / [내구성] 강화유리도어 / 플라스틱리프터 / 내부조명 / 정면필터 / [색상/크기] 색상 : 화이트 / 크기(가로x세로x깊이) : 686×1,110×875mm / 수납함: 686x381x786mm / AI홈 / AI에너지절약 / AI세탁건조 / 출시가: 3,599,000원","strong: ai 세탁, 맞춤 세탁, AI세탁, AI 에너지절약, AI에너지절약, ai 에너지, AI 에너지"
danawa,세탁기,LG전자 트롬 F21VDSKR,genuine,high,https://prod.danawa.com/info/?pcode=106702373,"드럼세탁기 / 세탁전용 / 세탁 : 21kg / 세탁:1등급 / [세탁/관리] AI세탁 / 인버터DD / 6모션 / 5방향터보샷 / 통살균 / [디자인] 다이얼+LED터치 / 글라스도어+블랙림 / [규격/설치] 색상 : 스테인리스실버 / 크기(가로x세로x깊이): 700x990x770mm / LG전자 대형용량: 16~21kg / 출시가: 1,500,000원","strong: ai 세탁, AI세탁"
danawa,세탁기,삼성전자 비스포크 AI 콤보 WD80F25CHY (기본형),genuine,high,https://prod.danawa.com/info/?pcode=92186624,"세탁건조기 / 세탁25kg,건조15kg / 세탁→건조 올인원 / 귀가시간 맞춤 세탁종료 / 옷감손상적은 인버터히트펌프 / 에너지: 1등급 / [성능] 진동소음저감 / 세제자동투입 : 11단계 / 세제함 : 일반970ml + 유연제830ml (약 5.5주) / 미세플라스틱저감 코스 / 스팀살균 / 펫케어 코스 / 세제스캔 정량투입 / 쾌속코스 99분 / [조작/스마트] 원격제어 / 음성명령 / 풀터치조작 / 디스플레이 : 109.2mm(4.3인치) / [관리편의] 자동열교환기세척 / 통세척 / [내구성] 강화유리도어 / 내부조명 / 플라스틱리프터 / 정면필터 / [색상/크기] 색상 : 그레이지 / 크기(가로x세로x깊이) : 686×1,110×875mm / AI홈 / AI에너지절약 / AI세탁건조 / 출시가: 3,149,000원","strong: ai 세탁, 맞춤 세탁, AI세탁, AI 에너지절약, AI에너지절약, ai 에너지, AI 에너지"
danawa,세탁기,"삼성전자 비스포크 AI 콤보 WD80F25CHY (+수납함,WD80F25CHYN1)",genuine,high,https://prod.danawa.com/info/?pcode=96369167,"세탁건조기 / 세탁25kg,건조15kg / 귀가시간 맞춤 세탁종료 / 세탁→건조 올인원 / 옷감손상적은 인버터히트펌프 / 에너지: 1등급 / [성능] 진동소음저감 / 세제자동투입 : 11단계 / 세제함 : 일반970ml + 유연제830ml (약 5.5주) / 펫케어 코스 / 세제스캔 정량투입 / 미세플라스틱저감 코스 / 스팀살균 / 쾌속코스 99분 / [조작/스마트] 풀터치조작 / 음성명령 / 원격제어 / 디스플레이 : 109.2mm(4.3인치) / [관리편의] 자동열교환기세척 / 통세척 / [내구성] 강화유리도어 / 플라스틱리프터 / 내부조명 / 정면필터 / [색상/크기] 색상 : 그레이지 / 크기(가로x세로x깊이) : 686×1,110×875mm / 수납함: 686x381x786mm / AI홈 / AI에너지절약 / AI세탁건조 / 출시가: 3,149,000원","strong: ai 세탁, 맞춤 세탁, AI세탁, AI 에너지절약, AI에너지절약, ai 에너지, AI 에너지"
danawa,세탁기,LG전자 트롬 오브제컬렉션 워시타워 W21WAM,genuine,high,https://prod.danawa.com/info/?pcode=58849820,"드럼세탁기+건조기 / 일체형 / 세탁 : 24kg / 건조 : 21kg / 스팀살균 / 세탁물케어 / 세탁:2등급 / 건조:2등급 / [세탁/건조] AI건조 / AI에너지절약 / AI세탁 / 듀얼인버터DD건조모터 / 콘덴서관리 : 자동 / [조작/편의] 조작부 : 원바디런드리컨트롤(풀터치) / 일체형조작부 / UP가전 / 스마트페어링 / 스마트폰제어 / [규격] 세탁기색상 : 릴리화이트 / 건조기색상 : 릴리화이트 / 단품모델명 : 세탁기(FX24WJAD), 건조기(RD21WJAD) / 직렬 : ±700x1890x830mm","strong: ai 세탁, AI세탁, AI 에너지절약, AI에너지절약, ai 에너지, AI 에너지, UP가전"
danawa,세탁기,LG전자 트롬 오브제컬렉션 FX25EF,genuine,high,https://prod.danawa.com/info/?pcode=99477830,드럼세탁기 / 세탁전용 / 세탁 : 25kg / 세제자동투입 / 세탁물케어 / 스팀살균 / 세탁:1등급 / [세탁/관리] AI세탁 / AI에너지절약 / 인버터DD / 6모션 / 5방향터보샷 / 빨래추가 / 통살균 / [디자인] 건조기조작연동 / 이지서클컨트롤 / 글라스도어+블랙림 / [규격/설치] 색상 : 네이처베이지 / 크기(가로x세로x깊이): 700x990x830mm / LG전자 특대형용량: 23~25kg,"strong: ai 세탁, AI세탁, AI 에너지절약, AI에너지절약, ai 에너지, AI 에너지"
danawa,세탁기,삼성전자 그랑데AI WF21DG6650BW,genuine,high,https://prod.danawa.com/info/?pcode=75932513,드럼세탁기 / 세탁전용 / 세탁 : 21kg / 세탁:1등급 / [세탁/관리] AI에너지절약 / AI세탁 / DD모터 / 버블워시 / 워터샷 / 무세제통세척 / [디자인] 심플컨트롤 / 틴트글라스도어 / [규격/설치] 색상 : 화이트 / 크기(가로x세로x깊이): 686x984x796mm / 삼성전자 대형용량: 16~21kg,"strong: ai 세탁, AI세탁, AI 에너지절약, AI에너지절약, ai 에너지, AI 에너지"
danawa,세탁기,LG전자 통돌이 컴포트 T19OZ0 (전국무료),genuine,high,https://prod.danawa.com/info/?pcode=104615135,"일반세탁기 / 세탁 : 19kg / 인버터DD모터 / 세탁:2등급 / [세탁/관리] AI세탁 / 6모션 / 터보물살 / 대포물살 / 터보샷 / 물높이조절 / 세탁조 : 스테인리스 / 세탁필터 : 스테인리스필터 / 통살균 / AI세탁 / [조작] 후면컨트롤 / 다이얼+풀터치 / 앱연동 / UP가전 / [외관/크기] 색상 : 오닉스블랙 / 크기(가로x세로x깊이): 686x1092x721mm / 출시가: 1,598,000원","strong: ai 세탁, AI세탁, UP가전 | weak: 앱 연동"
danawa,세탁기,삼성전자 그랑데 AI WF21DG6650BW + DV21DG8600BW,genuine,high,https://prod.danawa.com/info/?pcode=75933530,"드럼세탁기+건조기 / 분리형 / 세탁 : 21kg / 건조 : 21kg / 세탁:1등급 / 건조:1등급 / [세탁/건조] AI건조 / AI에너지절약 / AI세탁 / 인버터건조모터 / 콘덴서관리 : 수동 / [조작/편의] 조작부 : 심플컨트롤(다이얼+터치) / 건조기 조작부 : 심플컨트롤(다이얼+터치) / 리모컨 / 스마트폰제어 / 스마트싱스 / [규격] 세탁기색상 : 화이트 / 건조기색상 : 화이트 / 세트모델명 : WF21DG6650BW2T / 직렬 : ±686x1998x844mm / 병렬 : ±1392x984x844mm / 출시가: 3,108,000원","strong: ai 세탁, AI세탁, AI 에너지절약, AI에너지절약, ai 에너지, AI 에너지"
danawa,세탁기,LG전자 트롬 F17ITPR,genuine,high,https://prod.danawa.com/info/?pcode=108224030,드럼세탁기 / 세탁전용 / 세탁 : 17kg / 세탁:1등급 / [세탁/관리] AI세탁 / 인버터DD / 6모션 / 4방향터보샷 / 빨래추가 / 통살균 / [디자인] 다이얼+LED터치 / 글라스도어+블랙림 / [규격/설치] 색상 : 네이처에센스화이트 / 크기(가로x세로x깊이): 650x990x780mm / LG전자 대형용량: 16~21kg,"strong: ai 세탁, AI세탁"
danawa,세탁기,삼성전자 그랑데AI WF25DG8650BV,genuine,high,https://prod.danawa.com/info/?pcode=75933221,드럼세탁기 / 세탁전용 / 세탁 : 25kg / 세탁:1등급 / [세탁/관리] AI세탁 / AI에너지절약 / DD모터 / 워터샷 / 버블워시 / 무세제통세척 / [디자인] 심플컨트롤 / 틴트글라스도어 / [규격/설치] 색상 : 블랙캐비어 / 크기(가로x세로x깊이): 686x984x875mm / 삼성전자 특대형용량: 23~25kg,"strong: ai 세탁, AI세탁, AI 에너지절약, AI에너지절약, ai 에너지, AI 에너지"
danawa,세탁기,LG전자 트롬 F21WDSPR,genuine,high,https://prod.danawa.com/info/?pcode=106716974,드럼세탁기 / 세탁전용 / 세탁 : 21kg / 세탁:1등급 / [세탁/관리] AI세탁 / 인버터DD / 6모션 / 5방향터보샷 / 통살균 / [디자인] 다이얼+LED터치 / 글라스도어+실버림 / [규격/설치] 색상 : 화이트 / 크기(가로x세로x깊이): 700x990x770mm / LG전자 대형용량: 16~21kg,"strong: ai 세탁, AI세탁"
danawa,세탁기,LG전자 트롬 오브제컬렉션 워시타워 WL21WDU,genuine,high,https://prod.danawa.com/info/?pcode=19903973,"드럼세탁기+건조기 / 일체형 / 세탁 : 25kg / 건조 : 21kg / 스팀살균 / 세탁물케어 / 세제자동투입 / 세탁:1등급 / 건조:1등급 / [세탁/건조] AI세탁 / AI에너지절약 / AI건조 / 듀얼인버터DD건조모터 / 콘덴서관리 : 자동 / [조작/편의] 조작부 : 퀵컨트롤(터치스크롤) / 일체형조작부 / UP가전 / 스마트폰제어 / [규격] 세탁기색상 : 릴리화이트 / 건조기색상 : 릴리화이트 / 단품모델명 : 세탁기(FL25WJU), 건조기(RL21WJU) / 직렬 : ±700x1890x830mm / 출시가: 4,429,000원","strong: ai 세탁, AI세탁, AI 에너지절약, AI에너지절약, ai 에너지, AI 에너지, UP가전"
danawa,건조기,LG전자 트롬 RH18WTSN,genuine,high,https://prod.danawa.com/info/?pcode=19550933,"건조기 / 건조 : 18kg / 건조:1등급 / [건조/관리] AI건조 / 옷감손상이 적은 히트펌프 건조 / 패딩리프레쉬 / 아웃도어리프레쉬 / 6모션 / 통살균 / 듀얼인버터DD모터 / 콘덴서관리 : 자동관리 , 수동케어코스 / [조작] 다이얼+LED터치 / 코스연동 / 앱연동 / 스마트코스추천 / 다운로드코스 / [규격/설치] 색상 : 화이트 / 크기(가로x세로x깊이): 700x990x820mm / 글라스도어+실버림 / LG전자 대형용량: 18~25kg / 출시가: 1,100,000원","strong: AI 건조, AI건조 | weak: 앱 연동"
danawa,건조기,LG전자 트롬 AI 오브제컬렉션 RD25ES,genuine,high,https://prod.danawa.com/info/?pcode=99477893,건조기 / 건조 : 25kg / 진드기와 세균박멸에 탁월한 트루스팀 / 건조 후 구김방지를 위해 드럼회전 / 건조:1등급 / [건조/관리] AI에너지절약 / AI건조 / 옷감손상이 적은 히트펌프 건조 / 6모션 / 아웃도어리프레쉬 / 패딩리프레쉬 / 통살균 / 듀얼인버터DD모터 / 콘덴서관리 : 자동관리 / [조작] 이지서클컨트롤 / 조작부연동 / 코스연동 / 앱연동 / UP가전 / 다운로드코스 / [규격/설치] 색상 : 네이처베이지 / 크기(가로x세로x깊이): 700x990x830mm / 글라스도어+블랙림,"strong: AI 건조, AI건조, AI 에너지절약, ai 에너지, AI에너지절약, AI 에너지, UP가전 | weak: 앱 연동"
danawa,건조기,삼성전자 그랑데AI DV21DG8200BW,genuine,high,https://prod.danawa.com/info/?pcode=78099932,건조기 / 건조 : 21kg / 건조:1등급 / [건조/관리] AI건조 / AI에너지절약 / 건조시간이 빠른 히트펌프+히터건조 / 패딩리프레쉬 / 통살균 / 인버터모터 / 콘덴서관리 : 직접관리 / [조작] 다이얼+LED / 앱연동 / 리모컨 / [규격/설치] 색상 : 화이트 / 크기(가로x세로x깊이): 686x984x844mm / 틴트글라스도어 / 삼성전자 대형용량: 18~22kg,"strong: AI 건조, AI건조, AI 에너지절약, ai 에너지, AI에너지절약, AI 에너지 | weak: 앱 연동"
danawa,건조기,LG전자 트롬 워시타워 W20WD,genuine,high,https://prod.danawa.com/info/?pcode=16076870,"드럼세탁기+건조기 / 일체형 / 세탁 : 24kg / 건조 : 20kg / 스팀살균 / 세탁물케어 / 세탁:2등급 / 건조:2등급 / [세탁/건조] AI에너지절약 / AI건조 / AI세탁 / 듀얼인버터DD건조모터 / 콘덴서관리 : 자동 / [조작/편의] 조작부 : 원바디런드리컨트롤(풀터치) / 일체형조작부 / 스마트폰제어 / UP가전 / [규격] 세탁기색상 : 화이트 / 건조기색상 : 화이트 / 단품모델명 : 세탁기(FX24WXD), 건조기(RD20WXD) / 직렬 : ±700x1890x830mm / 출시가: 3,358,000원","strong: AI 건조, AI건조, AI 에너지절약, ai 에너지, AI에너지절약, AI 에너지, UP가전"
danawa,건조기,삼성전자 비스포크 AI 콤보 WD90H25BHW (기본형),genuine,high,https://prod.danawa.com/info/?pcode=108693719,"세탁건조기 / 세탁25kg,건조20kg / 세탁→건조 올인원 / 귀가시간 맞춤 세탁종료 / 옷감손상적은 인버터히트펌프 / 에너지: 1등급 / [성능] AI진동소음저감 / 세제자동투입 : 11단계 / 세제함 : 일반970ml + 유연제830ml (약 5.5주) / 미세플라스틱저감 코스 / 세제스캔 정량투입 / 스팀살균 / 펫케어 코스 / 쾌속코스 89분 / [조작/스마트] 원격제어 / 풀터치조작 / 음성명령 / 디스플레이 : 177.8mm(7인치) / [관리편의] 자동열교환기세척 / 통세척 / [내구성] 강화유리도어 / 플라스틱리프터 / 내부조명 / 정면필터 / [색상/크기] 색상 : 화이트 / 크기(가로x세로x깊이) : 686×1,110×875mm / AI세탁건조 / AI홈 / AI에너지절약 / 출시가: 4,099,000원","strong: AI 에너지절약, ai 에너지, AI에너지절약, AI 에너지"
danawa,건조기,"삼성전자 비스포크 AI 콤보 WD90H25BHW (+수납함, WD90H25BHWN1)",genuine,high,https://prod.danawa.com/info/?pcode=108693824,"세탁건조기 / 세탁25kg,건조20kg / 귀가시간 맞춤 세탁종료 / 세탁→건조 올인원 / 옷감손상적은 인버터히트펌프 / 에너지: 1등급 / [성능] AI진동소음저감 / 세제자동투입 : 11단계 / 세제함 : 일반970ml + 유연제830ml (약 5.5주) / 스팀살균 / 세제스캔 정량투입 / 펫케어 코스 / 미세플라스틱저감 코스 / 쾌속코스 89분 / [조작/스마트] 원격제어 / 음성명령 / 풀터치조작 / 디스플레이 : 177.8mm(7인치) / [관리편의] 통세척 / 자동열교환기세척 / [내구성] 강화유리도어 / 플라스틱리프터 / 내부조명 / 정면필터 / [색상/크기] 색상 : 화이트 / 크기(가로x세로x깊이) : 686×1,110×875mm / 수납함: 686x381x786mm / AI홈 / AI세탁건조 / AI에너지절약 / 출시가: 4,399,000원","strong: AI 에너지절약, ai 에너지, AI에너지절약, AI 에너지"
danawa,건조기,LG전자 트롬 오브제컬렉션 워시타워 W20WANQ,genuine,high,https://prod.danawa.com/info/?pcode=18412412,"드럼세탁기+건조기 / 일체형 / 세탁 : 23kg / 건조 : 20kg / 세탁물케어 / 세탁:2등급 / 건조:2등급 / [세탁/건조] AI에너지절약 / AI세탁 / AI건조 / 듀얼인버터DD건조모터 / 콘덴서관리 : 자동 / [조작/편의] 조작부 : 원바디런드리컨트롤(풀터치) / 일체형조작부 / UP가전 / 스마트폰제어 / [규격] 세탁기색상 : 릴리화이트 / 건조기색상 : 릴리화이트 / 단품모델명 : 세탁기(FX23WJN), 건조기(RD20WJN) / 직렬 : ±700x1890x830mm / 출시가: 3,340,000원","strong: AI 건조, AI건조, AI 에너지절약, ai 에너지, AI에너지절약, AI 에너지, UP가전"
danawa,건조기,삼성전자 비스포크 그랑데AI DV21DG8600BE,genuine,high,https://prod.danawa.com/info/?pcode=75932915,건조기 / 건조 : 21kg / 건조:1등급 / [건조/관리] AI건조 / AI에너지절약 / 건조시간이 빠른 히트펌프+히터건조 / 아웃도어리프레쉬 / 패딩리프레쉬 / 통살균 / 인버터모터 / 콘덴서관리 : 직접관리 / [조작] 심플컨트롤 / 리모컨 / 앱연동 / 스마트코스추천 / [규격/설치] 색상 : 그레이지 / 크기(가로x세로x깊이): 686x984x844mm / 틴트글라스도어 / 삼성전자 대형용량: 18~22kg,"strong: AI 건조, AI건조, AI 에너지절약, ai 에너지, AI에너지절약, AI 에너지 | weak: 앱 연동"
danawa,건조기,LG전자 트롬 오브제컬렉션 워시콤보 FH25WA (기본형),genuine,high,https://prod.danawa.com/info/?pcode=40886363,"세탁건조기 / 세탁25kg,건조15kg / 세탁→건조 올인원 / 귀가시간 맞춤 세탁종료 / 옷감손상적은 인버터히트펌프 / 에너지: 1등급 / [성능] 세제자동투입 : 5단계 / 세제함 : 일반800ml + 유연제600ml (약 4.5주) / 미세플라스틱저감 코스 / 6모션 / [조작/스마트] 원격제어 / 다이얼+터치조작 / [관리편의] 통세척 / 자동열교환기세척 / [내구성] 강화유리도어 / 스테인리스리프터 / 내부조명 / 상단필터 / [색상/크기] 색상 : 화이트 / 크기(가로x세로x깊이) : 700×990×830mm / AI세탁건조 / AI에너지절약 / 출시가: 4,345,000원","strong: AI 에너지절약, ai 에너지, AI에너지절약, AI 에너지"
danawa,건조기,"LG전자 트롬 오브제컬렉션 워시콤보 FH25WA (+미니워시,FH25WAX)",genuine,high,https://prod.danawa.com/info/?pcode=40890401,"세탁건조기 / 세탁25kg,건조15kg / 미니워시4kg / 세탁→건조 올인원 / 귀가시간 맞춤 세탁종료 / 옷감손상적은 인버터히트펌프 / 에너지: 1등급 / [성능] 세제자동투입 : 5단계 / 세제함 : 일반800ml + 유연제600ml (약 4.5주) / 6모션 / 미세플라스틱저감 코스 / [조작/스마트] 다이얼+터치조작 / 원격제어 / [관리편의] 통세척 / 자동열교환기세척 / [내구성] 강화유리도어 / 내부조명 / 스테인리스리프터 / 상단필터 / [색상/크기] 색상 : 화이트 / 크기(가로x세로x깊이) : 700×1,360×830mm / 미니워시: 700x360x770mm / AI세탁건조 / AI에너지절약 / 출시가: 4,690,000원","strong: AI 에너지절약, ai 에너지, AI에너지절약, AI 에너지"
danawa,건조기,"LG전자 트롬 오브제컬렉션 워시콤보 FH25WA (+미니워시,FH25WAKX)",genuine,high,https://prod.danawa.com/info/?pcode=46099325,"세탁건조기 / 세탁25kg,건조15kg / 미니워시4kg / 귀가시간 맞춤 세탁종료 / 세탁→건조 올인원 / 옷감손상적은 인버터히트펌프 / 에너지: 1등급 / [성능] 세제자동투입 : 5단계 / 세제함 : 일반800ml + 유연제600ml (약 4.5주) / 미세플라스틱저감 코스 / 6모션 / [조작/스마트] 원격제어 / 다이얼+터치조작 / [관리편의] 통세척 / 자동열교환기세척 / [내구성] 강화유리도어 / 내부조명 / 스테인리스리프터 / 상단필터 / [색상/크기] 색상 : 화이트 / 크기(가로x세로x깊이) : 700×1,360×830mm / 미니워시: 700x360x770mm / AI세탁건조 / AI에너지절약","strong: AI 에너지절약, ai 에너지, AI에너지절약, AI 에너지"
danawa,건조기,"LG전자 트롬 오브제컬렉션 워시콤보 FH25WA (+키높이 수납함,FH25WAF)",genuine,high,https://prod.danawa.com/info/?pcode=46099295,"세탁건조기 / 세탁25kg,건조15kg / 미니워시4kg / 세탁→건조 올인원 / 귀가시간 맞춤 세탁종료 / 옷감손상적은 인버터히트펌프 / 에너지: 1등급 / [성능] 세제자동투입 : 5단계 / 세제함 : 일반800ml + 유연제600ml (약 4.5주) / 미세플라스틱저감 코스 / 6모션 / [조작/스마트] 다이얼+터치조작 / 원격제어 / [관리편의] 자동열교환기세척 / 통세척 / [내구성] 강화유리도어 / 스테인리스리프터 / 내부조명 / 상단필터 / [색상/크기] 색상 : 화이트 / 크기(가로x세로x깊이) : 700×1,360×830mm / 수납함: 700x360x770mm / AI에너지절약 / AI세탁건조","strong: AI 에너지절약, ai 에너지, AI에너지절약, AI 에너지"
danawa,건조기,삼성전자 비스포크 AI 콤보 WD90F25CHY (기본형),genuine,high,https://prod.danawa.com/info/?pcode=77621606,"세탁건조기 / 세탁25kg,건조18kg / 세탁→건조 올인원 / 귀가시간 맞춤 세탁종료 / 옷감손상적은 인버터히트펌프 / 에너지: 1등급 / [성능] 진동소음저감 / 세제자동투입 : 11단계 / 세제함 : 일반970ml + 유연제830ml (약 5.5주) / 스팀살균 / 세제스캔 정량투입 / 펫케어 코스 / 미세플라스틱저감 코스 / 쾌속코스 89분 / [조작/스마트] 음성명령 / 원격제어 / 풀터치조작 / 디스플레이 : 177.8mm(7인치) / [관리편의] 자동열교환기세척 / 통세척 / [내구성] 강화유리도어 / 내부조명 / 플라스틱리프터 / 정면필터 / [색상/크기] 색상 : 그레이지 / 크기(가로x세로x깊이) : 686×1,110×875mm / AI에너지절약 / AI세탁건조 / AI홈","strong: AI 에너지절약, ai 에너지, AI에너지절약, AI 에너지"
danawa,건조기,"삼성전자 비스포크 AI 콤보 WD90F25CHY (+수납함,WD90F25CHYN1)",genuine,high,https://prod.danawa.com/info/?pcode=96368897,"세탁건조기 / 세탁25kg,건조18kg / 귀가시간 맞춤 세탁종료 / 세탁→건조 올인원 / 옷감손상적은 인버터히트펌프 / 에너지: 1등급 / [성능] 진동소음저감 / 세제자동투입 : 11단계 / 세제함 : 일반970ml + 유연제830ml (약 5.5주) / 미세플라스틱저감 코스 / 세제스캔 정량투입 / 펫케어 코스 / 쾌속코스 89분 / [조작/스마트] 원격제어 / 풀터치조작 / 음성명령 / 디스플레이 : 177.8mm(7인치) / [관리편의] 자동열교환기세척 / 통세척 / [내구성] 강화유리도어 / 플라스틱리프터 / 내부조명 / 정면필터 / [색상/크기] 색상 : 그레이지 / 크기(가로x세로x깊이) : 686×1,110×875mm / 수납함: 686x381x786mm / AI홈 / AI에너지절약 / AI세탁건조","strong: AI 에너지절약, ai 에너지, AI에너지절약, AI 에너지"
danawa,건조기,LG전자 트롬 AI 오브제컬렉션 워시타워 WA2525EGHF,genuine,high,https://prod.danawa.com/info/?pcode=85651967,"드럼세탁기+건조기 / 일체형 / 세탁 : 25kg / 건조 : 25kg / 세탁물케어 / 스팀살균 / 세제자동투입 / 세탁:1등급 / 건조:1등급 / [세탁/건조] AI건조 / AI세탁 / AI에너지절약 / 듀얼인버터DD건조모터 / 콘덴서관리 : 자동 / [조작/편의] 조작부 : 올인원컨트롤(와이드터치스크롤) / 일체형조작부 / 스마트폰제어 / UP가전 / [규격] 세탁기색상 : 네이처베이지 / 건조기색상 : 네이처그린 / 단품모델명 : 세탁기(FA25EJF), 건조기(RA25GJF) / 직렬 : ±700x1890x830mm","strong: AI 건조, AI건조, AI 에너지절약, ai 에너지, AI에너지절약, AI 에너지, UP가전"
danawa,건조기,삼성전자 비스포크 AI 원바디 WH90F2520GBHY,genuine,high,https://prod.danawa.com/info/?pcode=97408256,"드럼세탁기+건조기 / 일체형 / 세탁 : 25kg / 건조 : 20kg / 스팀살균 / 세탁:1등급 / 건조:1등급 / [세탁/건조] AI진동소음저감 / AI건조 / AI세탁 / AI에너지절약 / 인버터건조모터 / 콘덴서관리 : 자동 / [조작/편의] 조작부 : AI홈 / 일체형조작부 / 스마트폰제어 / 스마트싱스 / [규격] 세탁기색상 : 그레이지 / 건조기색상 : 그레이지 / 단품모델명 : 세탁기(WF90F25GBY), 건조기(DV90F20BBY) / 직렬 : ±686x1890x875mm / 출시가: 4,048,000원","strong: AI 건조, AI건조, AI 에너지절약, ai 에너지, AI에너지절약, AI 에너지"
danawa,건조기,삼성전자 비스포크 AI 콤보 WD90H25AHT (기본형),genuine,high,https://prod.danawa.com/info/?pcode=108463712,"세탁건조기 / 세탁25kg,건조20kg / 귀가시간 맞춤 세탁종료 / 세탁→건조 올인원 / 건조시간이 빠른 인버터히트펌프+히터 / 에너지: 1등급 / [성능] AI진동소음저감 / 세제자동투입 : 11단계 / 세제함 : 일반970ml + 유연제830ml (약 5.5주) / 미세플라스틱저감 코스 / 스팀살균 / 세제스캔 정량투입 / 펫케어 코스 / 쾌속코스 69분 / [조작/스마트] 원격제어 / 풀터치조작 / 음성명령 / 디스플레이 : 177.8mm(7인치) / [관리편의] 자동열교환기세척 / 열풍내부살균 / 오토오픈도어+ / 통세척 / [내구성] 강화유리도어 / 내부조명 / 플라스틱리프터 / 정면필터 / [색상/크기] 색상 : 실버스틸 / 크기(가로x세로x깊이) : 686×1,110×875mm / AI홈 / AI세탁건조 / AI에너지절약 / 출시가: 4,299,000원","strong: AI 에너지절약, ai 에너지, AI에너지절약, AI 에너지"
danawa,건조기,"삼성전자 비스포크 AI 콤보 WD90H25AHT (+수납함, WD90H25AHTN1)",genuine,high,https://prod.danawa.com/info/?pcode=108693806,"세탁건조기 / 세탁25kg,건조20kg / 세탁→건조 올인원 / 귀가시간 맞춤 세탁종료 / 건조시간이 빠른 인버터히트펌프+히터 / 에너지: 1등급 / [성능] AI진동소음저감 / 세제자동투입 : 11단계 / 세제함 : 일반970ml + 유연제830ml (약 5.5주) / 미세플라스틱저감 코스 / 펫케어 코스 / 스팀살균 / 세제스캔 정량투입 / 쾌속코스 69분 / [조작/스마트] 원격제어 / 음성명령 / 풀터치조작 / 디스플레이 : 177.8mm(7인치) / [관리편의] 오토오픈도어+ / 자동열교환기세척 / 열풍내부살균 / 통세척 / [내구성] 강화유리도어 / 내부조명 / 플라스틱리프터 / 정면필터 / [색상/크기] 색상 : 실버스틸 / 크기(가로x세로x깊이) : 686×1,110×875mm / 수납함: 686x381x786mm / AI에너지절약 / AI세탁건조 / AI홈 / 출시가: 4,599,000원","strong: AI 에너지절약, ai 에너지, AI에너지절약, AI 에너지"
danawa,건조기,삼성전자 비스포크 AI 원바디 WF2420HCVVC,genuine,high,https://prod.danawa.com/info/?pcode=19813724,"드럼세탁기+건조기 / 일체형 / 세탁 : 24kg / 건조 : 20kg / 세탁:1등급 / 건조:1등급 / [세탁/건조] AI세탁 / AI건조 / AI에너지절약 / 인버터건조모터 / 콘덴서관리 : 수동 / [조작/편의] 조작부 : 올인원컨트롤(다이얼+터치) / 일체형조작부 / 스마트폰제어 / 스마트싱스 / [규격] 세탁기색상 : 블랙캐비어 / 건조기색상 : 블랙캐비어 / 단품모델명 : 세탁기(WF24CB8750BV), 건조기(DV20CB8700BV) / 직렬 : ±686x1890x872mm / 출시가: 3,498,000원","strong: AI 건조, AI건조, AI 에너지절약, ai 에너지, AI에너지절약, AI 에너지"
danawa,건조기,LG전자 트롬 오브제컬렉션 워시콤보 FH25GS (기본형),genuine,high,https://prod.danawa.com/info/?pcode=76550360,"세탁건조기 / 세탁25kg,건조15kg / 귀가시간 맞춤 세탁종료 / 세탁→건조 올인원 / 옷감손상적은 인버터히트펌프 / 에너지: 1등급 / [성능] 6모션 / 미세플라스틱저감 코스 / 스팀살균 / [조작/스마트] 다이얼+터치조작 / 원격제어 / [관리편의] 자동열교환기세척 / 통세척 / [내구성] 강화유리도어 / 스테인리스리프터 / 내부조명 / 상단필터 / [색상/크기] 색상 : 네이처그린 / 크기(가로x세로x깊이) : 700×990×830mm / AI세탁건조 / AI에너지절약","strong: AI 에너지절약, ai 에너지, AI에너지절약, AI 에너지"
danawa,건조기,"LG전자 트롬 오브제컬렉션 워시콤보 FH25GS (+미니워시,FH25GSX)",genuine,high,https://prod.danawa.com/info/?pcode=76550549,"세탁건조기 / 세탁25kg,건조15kg / 미니워시4kg / 귀가시간 맞춤 세탁종료 / 세탁→건조 올인원 / 옷감손상적은 인버터히트펌프 / 에너지: 1등급 / [성능] 스팀살균 / 미세플라스틱저감 코스 / 6모션 / [조작/스마트] 원격제어 / 다이얼+터치조작 / [관리편의] 자동열교환기세척 / 통세척 / [내구성] 강화유리도어 / 스테인리스리프터 / 내부조명 / 상단필터 / [색상/크기] 색상 : 네이처그린 / 크기(가로x세로x깊이) : 700×1,360×830mm / 미니워시: 700x360x770mm / AI에너지절약 / AI세탁건조","strong: AI 에너지절약, ai 에너지, AI에너지절약, AI 에너지"
danawa,건조기,"LG전자 트롬 오브제컬렉션 워시콤보 FH25GS (+키높이 수납함,FH25GSF)",genuine,high,https://prod.danawa.com/info/?pcode=76550756,"세탁건조기 / 세탁25kg,건조15kg+수납함 / 세탁→건조 올인원 / 귀가시간 맞춤 세탁종료 / 옷감손상적은 인버터히트펌프 / 에너지: 1등급 / [성능] 스팀살균 / 미세플라스틱저감 코스 / 6모션 / [조작/스마트] 원격제어 / 다이얼+터치조작 / [관리편의] 통세척 / 자동열교환기세척 / [내구성] 강화유리도어 / 스테인리스리프터 / 내부조명 / 상단필터 / [색상/크기] 색상 : 네이처그린 / 크기(가로x세로x깊이) : 700×1,360×830mm / 수납함: 700x360x770mm / AI세탁건조 / AI에너지절약","strong: AI 에너지절약, ai 에너지, AI에너지절약, AI 에너지"
danawa,건조기,LG전자 트롬 오브제컬렉션 RG20WN,genuine,high,https://prod.danawa.com/info/?pcode=60418556,"건조기 / 건조 : 20kg / 건조 후 구김방지를 위해 드럼회전 / 건조:1등급 / [건조/관리] AI에너지절약 / AI건조 / 옷감손상이 적은 히트펌프 건조 / 6모션 / 패딩리프레쉬 / 아웃도어리프레쉬 / 통살균 / 듀얼인버터DD모터 / 콘덴서관리 : 자동관리 , 수동케어코스 / [조작] 다이얼+LED터치 / 앱연동 / UP가전 / 스마트코스추천 / 다운로드코스 / [규격/설치] 색상 : 화이트 / 크기(가로x세로x깊이): 700x990x820mm / 글라스도어+블랙림 / LG전자 대형용량: 18~25kg / 출시가: 1,645,000원","strong: AI 건조, AI건조, AI 에너지절약, ai 에너지, AI에너지절약, AI 에너지, UP가전 | weak: 앱 연동"
danawa,건조기,삼성전자 그랑데 AI WF25DG8650BV + DV21DG8600BV,genuine,high,https://prod.danawa.com/info/?pcode=75933608,"드럼세탁기+건조기 / 분리형 / 세탁 : 25kg / 건조 : 21kg / 세탁:1등급 / 건조:1등급 / [세탁/건조] AI건조 / AI세탁 / AI에너지절약 / 인버터건조모터 / 콘덴서관리 : 수동 / [조작/편의] 조작부 : 심플컨트롤(다이얼+터치) / 건조기 조작부 : 심플컨트롤(다이얼+터치) / 리모컨 / 스마트싱스 / 스마트폰제어 / [규격] 세탁기색상 : 블랙캐비어 / 건조기색상 : 블랙캐비어 / 세트모델명 : WF25DG8650BV2T / 직렬 : ±686x1998x875mm / 병렬 : ±1392x984x875mm / 출시가: 3,308,000원","strong: AI 건조, AI건조, AI 에너지절약, ai 에너지, AI에너지절약, AI 에너지"
danawa,건조기,LG전자 트롬 AI 오브제컬렉션 워시타워 WA2525IIHF,genuine,high,https://prod.danawa.com/info/?pcode=78534995,"드럼세탁기+건조기 / 일체형 / 세탁 : 25kg / 건조 : 25kg / 세탁물케어 / 스팀살균 / 세제자동투입 / 세탁:1등급 / 건조:1등급 / [세탁/건조] AI건조 / AI에너지절약 / AI세탁 / 듀얼인버터DD건조모터 / 콘덴서관리 : 자동 / [조작/편의] 조작부 : 올인원컨트롤(와이드터치스크롤) / 일체형조작부 / UP가전 / 스마트폰제어 / [규격] 세탁기색상 : 네이처에센스화이트 / 건조기색상 : 네이처에센스화이트 / 단품모델명 : 세탁기(FA25IJF), 건조기(RA25IJF) / 직렬 : ±700x1890x830mm / 출시가: 5,330,000원","strong: AI 건조, AI건조, AI 에너지절약, ai 에너지, AI에너지절약, AI 에너지, UP가전"
danawa,건조기,삼성전자 비스포크 AI 콤보 WD90F25CHW (기본형),genuine,high,https://prod.danawa.com/info/?pcode=77964938,"세탁건조기 / 세탁25kg,건조18kg / 귀가시간 맞춤 세탁종료 / 세탁→건조 올인원 / 옷감손상적은 인버터히트펌프 / 에너지: 1등급 / [성능] 진동소음저감 / 세제자동투입 : 11단계 / 세제함 : 일반970ml + 유연제830ml (약 5.5주) / 미세플라스틱저감 코스 / 세제스캔 정량투입 / 스팀살균 / 펫케어 코스 / 쾌속코스 89분 / [조작/스마트] 음성명령 / 풀터치조작 / 원격제어 / 디스플레이 : 177.8mm(7인치) / [관리편의] 자동열교환기세척 / 통세척 / [내구성] 강화유리도어 / 내부조명 / 플라스틱리프터 / 정면필터 / [색상/크기] 색상 : 화이트 / 크기(가로x세로x깊이) : 686×1,110×875mm / AI세탁건조 / AI에너지절약 / AI홈","strong: AI 에너지절약, ai 에너지, AI에너지절약, AI 에너지"
danawa,건조기,"삼성전자 비스포크 AI 콤보 WD90F25CHW (+수납함,WD90F25CHWN1)",genuine,high,https://prod.danawa.com/info/?pcode=96368909,"세탁건조기 / 세탁25kg,건조18kg / 귀가시간 맞춤 세탁종료 / 세탁→건조 올인원 / 옷감손상적은 인버터히트펌프 / 에너지: 1등급 / [성능] 진동소음저감 / 세제자동투입 : 11단계 / 세제함 : 일반970ml + 유연제830ml (약 5.5주) / 세제스캔 정량투입 / 미세플라스틱저감 코스 / 펫케어 코스 / 쾌속코스 89분 / [조작/스마트] 풀터치조작 / 원격제어 / 음성명령 / 디스플레이 : 177.8mm(7인치) / [관리편의] 통세척 / 자동열교환기세척 / [내구성] 강화유리도어 / 내부조명 / 플라스틱리프터 / 정면필터 / [색상/크기] 색상 : 화이트 / 크기(가로x세로x깊이) : 686×1,110×875mm / 수납함: 686x381x786mm / AI홈 / AI에너지절약 / AI세탁건조","strong: AI 에너지절약, ai 에너지, AI에너지절약, AI 에너지"
danawa,건조기,삼성전자 DV90T5540BV,genuine,high,https://prod.danawa.com/info/?pcode=11715023,건조기 / 건조 : 9kg / 건조:1등급 / [건조/관리] AI건조 / 옷감손상이 적은 히트펌프 건조 / 에어살균 / 통살균 / 양방향도어 / 인버터모터 / [조작] 다이얼+LED / 코스연동 / 앱연동 / [규격/설치] 색상 : 블랙케비어 / 크기(가로x세로x깊이): 600x850x650mm / 틴트글라스도어 / 삼성전자 소형용량: 9~10kg,"strong: AI 건조, AI건조 | weak: 앱 연동"
danawa,건조기,LG전자 트롬 오브제컬렉션 워시타워 W20WHN,genuine,high,https://prod.danawa.com/info/?pcode=19031147,"드럼세탁기+건조기 / 일체형 / 세탁 : 24kg / 건조 : 20kg / 세탁물케어 / 세탁:2등급 / 건조:2등급 / [세탁/건조] AI에너지절약 / AI세탁 / AI건조 / 듀얼인버터DD건조모터 / 콘덴서관리 : 자동 / [조작/편의] 조작부 : 원바디런드리컨트롤(풀터치) / 일체형조작부 / UP가전 / 스마트폰제어 / [규격] 세탁기색상 : 릴리화이트 / 건조기색상 : 릴리화이트 / 단품모델명 : 세탁기(FX24WJN), 건조기(RD20WJN) / 직렬 : ±700x1890x830mm / 출시가: 3,085,000원","strong: AI 건조, AI건조, AI 에너지절약, ai 에너지, AI에너지절약, AI 에너지, UP가전"
danawa,건조기,LG전자 트롬 오브제컬렉션 워시타워 W2520WHM,genuine,high,https://prod.danawa.com/info/?pcode=96711446,"드럼세탁기+건조기 / 일체형 / 세탁 : 25kg / 건조 : 20kg / 스팀살균 / 세탁물케어 / 세탁:2등급 / 건조:1등급 / [세탁/건조] AI건조 / AI에너지절약 / AI세탁 / 듀얼인버터DD건조모터 / 콘덴서관리 : 자동 / [조작/편의] 조작부 : 원바디런드리컨트롤(풀터치) / 일체형조작부 / 스마트폰제어 / UP가전 / [규격] 세탁기색상 : 릴리화이트 / 건조기색상 : 릴리화이트 / 단품모델명 : 세탁기(FX25WJNL), 건조기(RD20WJNL) / 직렬 : ±700x1890x830mm","strong: AI 건조, AI건조, AI 에너지절약, ai 에너지, AI에너지절약, AI 에너지, UP가전"
danawa,건조기,LG전자 트롬 오브제컬렉션 워시타워 W2520WZM,genuine,high,https://prod.danawa.com/info/?pcode=89526497,"드럼세탁기+건조기 / 일체형 / 세탁 : 25kg / 건조 : 20kg / 스팀살균 / 세탁물케어 / 세탁:2등급 / 건조:2등급 / [세탁/건조] AI에너지절약 / AI건조 / AI세탁 / 듀얼인버터DD건조모터 / 콘덴서관리 : 자동 / [조작/편의] 조작부 : 원바디런드리컨트롤(풀터치) / 일체형조작부 / 스마트폰제어 / UP가전 / [규격] 세탁기색상 : 릴리화이트 / 건조기색상 : 릴리화이트 / 단품모델명 : 세탁기(F25WJDS), 건조기(RD20WJDS) / 직렬 : ±700x1890x830mm","strong: AI 건조, AI건조, AI 에너지절약, ai 에너지, AI에너지절약, AI 에너지, UP가전"
danawa,건조기,삼성전자 비스포크 AI 콤보 WD90H25BHY (기본형),genuine,high,https://prod.danawa.com/info/?pcode=108693716,"세탁건조기 / 세탁25kg,건조20kg / 귀가시간 맞춤 세탁종료 / 세탁→건조 올인원 / 옷감손상적은 인버터히트펌프 / 에너지: 1등급 / [성능] AI진동소음저감 / 세제자동투입 : 11단계 / 세제함 : 일반970ml + 유연제830ml (약 5.5주) / 미세플라스틱저감 코스 / 펫케어 코스 / 스팀살균 / 세제스캔 정량투입 / 쾌속코스 89분 / [조작/스마트] 풀터치조작 / 원격제어 / 음성명령 / 디스플레이 : 177.8mm(7인치) / [관리편의] 자동열교환기세척 / 통세척 / [내구성] 강화유리도어 / 플라스틱리프터 / 내부조명 / 정면필터 / [색상/크기] 색상 : 그레이지 / 크기(가로x세로x깊이) : 686×1,110×875mm / AI홈 / AI세탁건조 / AI에너지절약 / 출시가: 4,099,000원","strong: AI 에너지절약, ai 에너지, AI에너지절약, AI 에너지"
danawa,건조기,"삼성전자 비스포크 AI 콤보 WD90H25BHY (+수납함, WD90H25BHYN1)",genuine,high,https://prod.danawa.com/info/?pcode=108693815,"세탁건조기 / 세탁25kg,건조20kg / 귀가시간 맞춤 세탁종료 / 세탁→건조 올인원 / 옷감손상적은 인버터히트펌프 / 에너지: 1등급 / [성능] AI진동소음저감 / 세제자동투입 : 11단계 / 세제함 : 일반970ml + 유연제830ml (약 5.5주) / 펫케어 코스 / 스팀살균 / 세제스캔 정량투입 / 미세플라스틱저감 코스 / 쾌속코스 89분 / [조작/스마트] 풀터치조작 / 음성명령 / 원격제어 / 디스플레이 : 177.8mm(7인치) / [관리편의] 자동열교환기세척 / 통세척 / [내구성] 강화유리도어 / 내부조명 / 플라스틱리프터 / 정면필터 / [색상/크기] 색상 : 그레이지 / 크기(가로x세로x깊이) : 686×1,110×875mm / 수납함: 686x381x786mm / AI에너지절약 / AI세탁건조 / AI홈 / 출시가: 4,399,000원","strong: AI 에너지절약, ai 에너지, AI에너지절약, AI 에너지"
danawa,건조기,삼성전자 DV90T5440KW,genuine,high,https://prod.danawa.com/info/?pcode=13890911,건조기 / 건조 : 9kg / 건조:1등급 / [건조/관리] AI건조 / 옷감손상이 적은 히트펌프 건조 / 에어살균 / 양방향도어 / 통살균 / 인버터모터 / 콘덴서관리 : 직접관리 / [조작] 다이얼+LED / 리모컨 / [규격/설치] 색상 : 화이트 / 크기(가로x세로x깊이): 600x850x640mm / 화이트도어 / 삼성전자 소형용량: 9~10kg,"strong: AI 건조, AI건조"
danawa,건조기,삼성전자 비스포크 AI WF25CB8895BE + DV20CB8890BE,genuine,high,https://prod.danawa.com/info/?pcode=19159592,"드럼세탁기+건조기 / 분리형 / 세탁 : 25kg / 건조 : 20kg / 세제자동투입 / 자동문열림 / 세탁:1등급 / 건조:1등급 / [세탁/건조] AI에너지절약 / AI세탁 / AI건조 / 인버터건조모터 / 콘덴서관리 : 수동 / [조작/편의] 조작부 : 올인원컨트롤(다이얼+터치) / 건조기 조작부 : 올인원컨트롤(다이얼+터치) / 조작부연동 / 스마트폰제어 / 스마트싱스 / [규격] 세탁기색상 : 그레이지 / 건조기색상 : 그레이지 / 세트모델명 : WF25D20CEEP / 직렬 : ±686x1998x875mm / 병렬 : ±1392x984x875mm / 출시가: 4,058,000원","strong: AI 건조, AI건조, AI 에너지절약, ai 에너지, AI에너지절약, AI 에너지"
danawa,건조기,LG전자 트롬 오브제컬렉션 워시타워 W21EGAM,genuine,high,https://prod.danawa.com/info/?pcode=58849853,"드럼세탁기+건조기 / 일체형 / 세탁 : 24kg / 건조 : 21kg / 세탁물케어 / 스팀살균 / 세탁:2등급 / 건조:2등급 / [세탁/건조] AI세탁 / AI건조 / AI에너지절약 / 듀얼인버터DD건조모터 / 콘덴서관리 : 자동 / [조작/편의] 조작부 : 원바디런드리컨트롤(풀터치) / 일체형조작부 / 스마트폰제어 / UP가전 / 스마트페어링 / [규격] 세탁기색상 : 네이처베이지 / 건조기색상 : 네이처그린 / 단품모델명 : 세탁기(FL24EJAD), 건조기(RD21GJAD) / 직렬 : ±700x1890x830mm","strong: AI 건조, AI건조, AI 에너지절약, ai 에너지, AI에너지절약, AI 에너지, UP가전"
danawa,건조기,LG전자 트롬 오브제컬렉션 FX24ENER + RD20GNG,genuine,high,https://prod.danawa.com/info/?pcode=122619701,"드럼세탁기+건조기 / 분리형 / 세탁 : 24kg / 건조 : 20kg / 세탁물케어 / 세탁:1등급 / 건조:1등급 / [세탁/건조] AI세탁 / AI건조 / AI에너지절약 / 듀얼인버터DD건조모터 / 콘덴서관리 : 자동 / [조작/편의] 조작부 : 이지서클컨트롤(다이얼+터치) / 건조기 조작부 : 이지서클컨트롤(다이얼+터치) / 조작부연동 / 스마트페어링 / 스마트폰제어 / UP가전 / [규격] 세탁기색상 : 네이처베이지 / 건조기색상 : 네이처그린 / 세트모델명 : FX24ENR-GNG / 직렬 : ±700x1990x830mm / 병렬 : ±1420x990x830mm / 출시가: 3,500,000원","strong: AI 건조, AI건조, AI 에너지절약, ai 에너지, AI에너지절약, AI 에너지, UP가전"
danawa,건조기,LG전자 트롬 오브제컬렉션 RD20WSQ,genuine,high,https://prod.danawa.com/info/?pcode=17934515,"건조기 / 건조 : 20kg / 건조 후 구김방지를 위해 드럼회전 / 진드기와 세균박멸에 탁월한 트루스팀 / 건조:1등급 / [건조/관리] AI건조 / AI에너지절약 / 옷감손상이 적은 히트펌프 건조 / 패딩리프레쉬 / 6모션 / 통살균 / 듀얼인버터DD모터 / 콘덴서관리 : 자동관리 / [조작] 조작부연동 / 이지서클컨트롤 / 앱연동 / UP가전 / 다운로드코스 / [규격/설치] 색상 : 릴리화이트 / 크기(가로x세로x깊이): 700x990x820mm / 글라스도어+블랙림 / LG전자 대형용량: 18~25kg / 출시가: 1,940,000원","strong: AI 건조, AI건조, AI 에너지절약, ai 에너지, AI에너지절약, AI 에너지, UP가전 | weak: 앱 연동"
danawa,건조기,삼성전자 비스포크 AI 콤보 WD90F25AHT (기본형),genuine,high,https://prod.danawa.com/info/?pcode=77965100,"세탁건조기 / 세탁25kg,건조18kg / 세탁→건조 올인원 / 귀가시간 맞춤 세탁종료 / 건조시간이 빠른 인버터히트펌프+히터 / 에너지: 1등급 / [성능] AI진동소음저감 / 세제자동투입 : 11단계 / 세제함 : 일반970ml + 유연제830ml (약 5.5주) / 미세플라스틱저감 코스 / 세제스캔 정량투입 / 펫케어 코스 / 스팀살균 / 쾌속코스 79분 / [조작/스마트] 풀터치조작 / 원격제어 / 음성명령 / 디스플레이 : 177.8mm(7인치) / [관리편의] 열풍내부살균 / 통세척 / 자동열교환기세척 / 오토오픈도어+ / [내구성] 강화유리도어 / 플라스틱리프터 / 내부조명 / 정면필터 / [색상/크기] 색상 : 실버스틸 / 크기(가로x세로x깊이) : 686×1,110×875mm / AI세탁건조 / AI에너지절약 / AI홈","strong: AI 에너지절약, ai 에너지, AI에너지절약, AI 에너지"
danawa,건조기,"삼성전자 비스포크 AI 콤보 WD90F25AHT (+수납함,WD90F25AHTN1)",genuine,high,https://prod.danawa.com/info/?pcode=96368726,"세탁건조기 / 세탁25kg,건조18kg / 세탁→건조 올인원 / 귀가시간 맞춤 세탁종료 / 건조시간이 빠른 인버터히트펌프+히터 / 에너지: 1등급 / [성능] AI진동소음저감 / 세제자동투입 : 11단계 / 세제함 : 일반970ml + 유연제830ml (약 5.5주) / 스팀살균 / 미세플라스틱저감 코스 / 펫케어 코스 / 세제스캔 정량투입 / 쾌속코스 79분 / [조작/스마트] 원격제어 / 풀터치조작 / 음성명령 / 디스플레이 : 177.8mm(7인치) / [관리편의] 통세척 / 오토오픈도어+ / 자동열교환기세척 / 열풍내부살균 / [내구성] 강화유리도어 / 내부조명 / 플라스틱리프터 / 정면필터 / [색상/크기] 색상 : 실버스틸 / 크기(가로x세로x깊이) : 686×1,110×875mm / 수납함: 686x381x786mm / AI세탁건조 / AI홈 / AI에너지절약","strong: AI 에너지절약, ai 에너지, AI에너지절약, AI 에너지"
danawa,에어컨,삼성전자 비스포크 무풍 윈도우핏 AW06C7155EWAZ (무료설치),genuine,medium,https://prod.danawa.com/info/?pcode=20260628,"창문형에어컨 / 냉방면적 : 6평(19.2㎡) / 2023년형 / AI운전(환경,패턴) / 에너지 : 1등급 / [성능] 냉방능력 : 2.36kW / 소비전력 : 0.86kW / 인버터 / [편의] 간접냉방(무풍) / 스마트폰제어 / 자동건조 / 자기진단 / 필터청소알림 / 자가증발 / [규격] 설치높이 : 90cm~145cm / 제습량: 34.3L / 크기(가로x세로x깊이): 402x750x288mm",strong: AI운전
danawa,에어컨,삼성전자 비스포크 AI 무풍콤보 AR60F07D11WS ((전국)기본설치비 포함),genuine,medium,https://prod.danawa.com/info/?pcode=78845099,"벽걸이에어컨 / 냉방면적 : 7평(23.1㎡) / 2025년형 / AI운전(환경,패턴) / 에너지 : 1등급 / [성능] 냉방능력 : 3.0kW / 소비전력 : 0.70kW / 인버터 / [편의] 간접냉방(무풍) / 스마트폰제어 / 자동건조 / 열교환기세척 / 자기진단 / 필터청소알림 / 기능업데이트 / 상하좌우바람 / [규격] 크기(가로x세로x깊이): 820x299x215mm",strong: AI운전
danawa,에어컨,삼성전자 비스포크 무풍 윈도우핏 AW06C7155TWAZ (무료설치),genuine,medium,https://prod.danawa.com/info/?pcode=20260748,"창문형에어컨 / 냉방면적 : 6평(19.2㎡) / 2023년형 / AI운전(환경,패턴) / 에너지 : 1등급 / [성능] 냉방능력 : 2.36kW / 소비전력 : 0.86kW / 인버터 / [편의] 간접냉방(무풍) / 스마트폰제어 / 자기진단 / 필터청소알림 / 자가증발 / [규격] 설치높이 : 90cm~145cm / 제습량: 34.3L / 크기(가로x세로x깊이): 402x750x288mm / 출시가: 1,140,000원",strong: AI운전
danawa,에어컨,LG전자 휘센 AI 오브제컬렉션 뷰 3시리즈 FQ18GV3EA2 (공식인증 설치),genuine,high,https://prod.danawa.com/info/?pcode=122627387,"2in1에어컨 / 냉방면적 : 18+6평(58.5+18.7㎡) / 2026년형 / AI운전(환경,패턴,공간) / AI건조 / AI열교환기세척 / 에너지 : 2등급 / ★월 전기요금 : 127,600원 / [성능] 냉방능력 : 7.2kW / 소비전력 : 2.1kW / 듀얼인버터 / [편의] UV-LED 팬살균 / 인체감지 / 셀프청소가능 / 스마트폰제어 / 간접냉방(유풍) / 기능업데이트 / 자기진단 / [규격] 크기(가로x세로x깊이): 350x1840x295mm, 754x308x189mm / 출시가: 3,774,000원","strong: AI운전, AI 건조, AI건조"
danawa,에어컨,삼성전자 비스포크 AI 무풍콤보 AR60F07D12WS (공식인증 설치),genuine,medium,https://prod.danawa.com/info/?pcode=78985556,"벽걸이에어컨 / 냉방면적 : 7평(24.4㎡) / 2025년형 / AI운전(환경,패턴) / 에너지 : 2등급 / [성능] 냉방능력 : 2.8kW / 소비전력 : 0.75kW / 인버터 / [편의] 간접냉방(무풍) / 스마트폰제어 / 자동건조 / 열교환기세척 / 자기진단 / 필터청소알림 / 기능업데이트 / 상하좌우바람 / [규격] 크기(가로x세로x깊이): 820x299x215mm",strong: AI운전
danawa,에어컨,LG전자 휘센 오브제컬렉션 듀얼호스 PQ08FDWBS,genuine,high,https://prod.danawa.com/info/?pcode=93181205,"이동식에어컨 / 냉방면적 : 8평(26㎡) / 2025년형 / 최저소음 : 38dB / AI운전(환경,패턴) / AI건조 / 에너지 : 1등급 / [성능] 냉방능력 : 3.2kW / 소비전력 : 1.54kW / 듀얼인버터 / [편의] 자가증발 / 스마트폰제어 / 배기덕트(포함) / 기능업데이트 / 자기진단 / [규격] 무게 : 30kg / 설치높이: 89~252cm / 크기(가로x세로x깊이): 493x773x496mm","strong: AI운전, AI 건조, AI건조"
danawa,에어컨,삼성전자 비스포크 무풍 윈도우핏 AW06C7155EWAZ (자가설치),genuine,medium,https://prod.danawa.com/info/?pcode=19995377,"창문형에어컨 / 냉방면적 : 6평(19.2㎡) / 2023년형 / AI운전(환경,패턴) / 에너지 : 1등급 / [성능] 냉방능력 : 2.36kW / 소비전력 : 0.86kW / 인버터 / [편의] 간접냉방(무풍) / 스마트폰제어 / 자동건조 / 자기진단 / 필터청소알림 / 자가증발 / [규격] 설치높이 : 90cm~145cm / 제습량: 34.3L / 크기(가로x세로x깊이): 402x750x288mm",strong: AI운전
danawa,에어컨,삼성전자 비스포크 무풍 윈도우핏 AW06C7155EWAZ (무료설치 +연장키트 35cm),genuine,medium,https://prod.danawa.com/info/?pcode=20260577,"창문형에어컨 / 냉방면적 : 6평(19.2㎡) / 2023년형 / AI운전(환경,패턴) / 에너지 : 1등급 / [성능] 냉방능력 : 2.36kW / 소비전력 : 0.86kW / 인버터 / [편의] 간접냉방(무풍) / 스마트폰제어 / 자기진단 / 필터청소알림 / 자가증발 / [규격] 설치높이 : 130cm~180cm / 제습량: 34.3L / 크기(가로x세로x깊이): 402x750x288mm",strong: AI운전
danawa,에어컨,삼성전자 비스포크 무풍 윈도우핏 AW06C7155EWAZ (무료설치 +연장키트 70cm),genuine,medium,https://prod.danawa.com/info/?pcode=20260601,"창문형에어컨 / 냉방면적 : 6평(19.2㎡) / 2023년형 / AI운전(환경,패턴) / 에너지 : 1등급 / [성능] 냉방능력 : 2.36kW / 소비전력 : 0.86kW / 인버터 / [편의] 간접냉방(무풍) / 스마트폰제어 / 자기진단 / 필터청소알림 / 자가증발 / [규격] 설치높이 : 165cm~215cm / 제습량: 34.3L / 크기(가로x세로x깊이): 402x750x288mm",strong: AI운전
danawa,에어컨,삼성전자 비스포크 무풍 윈도우핏 AW06C7155EWAZ (무료설치 +연장키트 105cm),genuine,medium,https://prod.danawa.com/info/?pcode=20260604,"창문형에어컨 / 냉방면적 : 6평(19.2㎡) / 2023년형 / AI운전(환경,패턴) / 에너지 : 1등급 / [성능] 냉방능력 : 2.36kW / 소비전력 : 0.86kW / 인버터 / [편의] 간접냉방(무풍) / 스마트폰제어 / 자기진단 / 필터청소알림 / 자가증발 / [규격] 설치높이 : 200cm~251cm / 제습량: 34.3L / 크기(가로x세로x깊이): 402x750x288mm",strong: AI운전
danawa,에어컨,삼성전자 비스포크 AI 무풍콤보 AR60F07D11WS ((수도권)기본설치비 포함),genuine,medium,https://prod.danawa.com/info/?pcode=122650315,"벽걸이에어컨 / 냉방면적 : 7평(23.1㎡) / 2025년형 / AI운전(환경,패턴) / 에너지 : 1등급 / [성능] 냉방능력 : 3.0kW / 소비전력 : 0.70kW / 인버터 / [편의] 스마트폰제어 / 상하좌우바람 / 자동건조 / 열교환기세척 / 필터청소알림 / 간접냉방(무풍) / 기능업데이트 / 자기진단 / [규격] 크기(가로x세로x깊이): 820x299x215mm",strong: AI운전
danawa,에어컨,삼성전자 비스포크 AI 무풍콤보 AR60F07D11WS (기본설치비 별도),genuine,medium,https://prod.danawa.com/info/?pcode=86153483,"벽걸이에어컨 / 냉방면적 : 7평(23.1㎡) / 2025년형 / AI운전(환경,패턴) / 에너지 : 1등급 / [성능] 냉방능력 : 3.0kW / 소비전력 : 0.70kW / 인버터 / [편의] 간접냉방(무풍) / 스마트폰제어 / 자동건조 / 열교환기세척 / 자기진단 / 필터청소알림 / 기능업데이트 / 상하좌우바람 / [규격] 크기(가로x세로x깊이): 820x299x215mm",strong: AI운전
danawa,에어컨,삼성전자 비스포크 무풍 윈도우핏 AW06C7155TWAZ (자가설치),genuine,medium,https://prod.danawa.com/info/?pcode=19996307,"창문형에어컨 / 냉방면적 : 6평(19.2㎡) / 2023년형 / AI운전(환경,패턴) / 에너지 : 1등급 / [성능] 냉방능력 : 2.36kW / 소비전력 : 0.86kW / 인버터 / [편의] 간접냉방(무풍) / 스마트폰제어 / 자기진단 / 필터청소알림 / 자가증발 / [규격] 설치높이 : 90cm~145cm / 제습량: 34.3L / 크기(가로x세로x깊이): 402x750x288mm / 출시가: 1,140,000원",strong: AI운전
danawa,에어컨,삼성전자 비스포크 무풍 윈도우핏 AW06C7155TWAZ (무료설치 + 연장키트 35cm),genuine,medium,https://prod.danawa.com/info/?pcode=20260757,"창문형에어컨 / 냉방면적 : 6평(19.2㎡) / 2023년형 / AI운전(환경,패턴) / 에너지 : 1등급 / [성능] 냉방능력 : 2.36kW / 소비전력 : 0.86kW / 인버터 / [편의] 간접냉방(무풍) / 스마트폰제어 / 자동건조 / 자기진단 / 필터청소알림 / 자가증발 / [규격] 설치높이 : 130cm~180cm / 제습량: 34.3L / 크기(가로x세로x깊이): 402x750x288mm",strong: AI운전
danawa,에어컨,삼성전자 비스포크 무풍 윈도우핏 AW06C7155TWAZ (무료설치 + 연장키트 70cm),genuine,medium,https://prod.danawa.com/info/?pcode=20260760,"창문형에어컨 / 냉방면적 : 6평(19.2㎡) / 2023년형 / AI운전(환경,패턴) / 에너지 : 1등급 / [성능] 냉방능력 : 2.36kW / 소비전력 : 0.86kW / 인버터 / [편의] 간접냉방(무풍) / 스마트폰제어 / 자동건조 / 자기진단 / 필터청소알림 / 자가증발 / [규격] 설치높이 : 165cm~215cm / 제습량: 34.3L / 크기(가로x세로x깊이): 402x750x288mm",strong: AI운전
danawa,에어컨,삼성전자 비스포크 무풍 윈도우핏 AW06C7155TWAZ (무료설치 + 연장키트 105cm),genuine,medium,https://prod.danawa.com/info/?pcode=20260766,"창문형에어컨 / 냉방면적 : 6평(19.2㎡) / 2023년형 / AI운전(환경,패턴) / 에너지 : 1등급 / [성능] 냉방능력 : 2.36kW / 소비전력 : 0.86kW / 인버터 / [편의] 간접냉방(무풍) / 스마트폰제어 / 자동건조 / 자기진단 / 필터청소알림 / 자가증발 / [규격] 설치높이 : 200cm~251cm / 제습량: 34.3L / 크기(가로x세로x깊이): 402x750x288mm",strong: AI운전
danawa,에어컨,LG전자 휘센 AI 오브제컬렉션 뷰 3시리즈 FQ18GV3EA2 ((전국)기본설치비 포함),genuine,high,https://prod.danawa.com/info/?pcode=122628168,"2in1에어컨 / 냉방면적 : 18+6평(58.5+18.7㎡) / 2026년형 / AI건조 / AI열교환기세척 / AI운전(환경,패턴,공간) / 에너지 : 2등급 / ★월 전기요금 : 127,600원 / [성능] 냉방능력 : 7.2kW / 소비전력 : 2.1kW / 듀얼인버터 / [편의] 간접냉방(유풍) / 기능업데이트 / 자기진단 / UV-LED 팬살균 / 스마트폰제어 / 인체감지 / 셀프청소가능 / [규격] 크기(가로x세로x깊이): 350x1840x295mm, 754x308x189mm / 출시가: 3,774,000원","strong: AI운전, AI 건조, AI건조"
danawa,에어컨,LG전자 휘센 AI 오브제컬렉션 뷰 3시리즈 FQ18GV3EA2 ((수도권)기본설치비 포함),genuine,high,https://prod.danawa.com/info/?pcode=122628171,"2in1에어컨 / 냉방면적 : 18+6평(58.5+18.7㎡) / 2026년형 / AI건조 / AI열교환기세척 / AI운전(환경,패턴,공간) / 에너지 : 2등급 / ★월 전기요금 : 127,600원 / [성능] 냉방능력 : 7.2kW / 소비전력 : 2.1kW / 듀얼인버터 / [편의] 스마트폰제어 / 인체감지 / 셀프청소가능 / UV-LED 팬살균 / 간접냉방(유풍) / 기능업데이트 / 자기진단 / [규격] 크기(가로x세로x깊이): 350x1840x295mm, 754x308x189mm / 출시가: 3,774,000원","strong: AI운전, AI 건조, AI건조"
danawa,에어컨,LG전자 휘센 AI 오브제컬렉션 뷰 3시리즈 FQ18GV3EA2 (기본설치비 별도),genuine,high,https://prod.danawa.com/info/?pcode=122628176,"2in1에어컨 / 냉방면적 : 18+6평(58.5+18.7㎡) / 2026년형 / AI건조 / AI열교환기세척 / AI운전(환경,패턴,공간) / 에너지 : 2등급 / ★월 전기요금 : 127,600원 / [성능] 냉방능력 : 7.2kW / 소비전력 : 2.1kW / 듀얼인버터 / [편의] 스마트폰제어 / UV-LED 팬살균 / 인체감지 / 간접냉방(유풍) / 기능업데이트 / 자기진단 / 셀프청소가능 / [규격] 크기(가로x세로x깊이): 350x1840x295mm, 754x308x189mm / 출시가: 3,774,000원","strong: AI운전, AI 건조, AI건조"
danawa,에어컨,삼성전자 비스포크 AI 무풍콤보 AR60F07D12WS ((전국)기본설치비 포함),genuine,medium,https://prod.danawa.com/info/?pcode=78985553,"벽걸이에어컨 / 냉방면적 : 7평(24.4㎡) / 2025년형 / AI운전(환경,패턴) / 에너지 : 2등급 / [성능] 냉방능력 : 2.8kW / 소비전력 : 0.75kW / 인버터 / [편의] 열교환기세척 / 필터청소알림 / 간접냉방(무풍) / 스마트폰제어 / 상하좌우바람 / 기능업데이트 / 자기진단 / [규격] 크기(가로x세로x깊이): 820x299x215mm",strong: AI운전
danawa,에어컨,삼성전자 비스포크 AI 무풍콤보 AR60F07D12WS ((수도권)기본설치비 포함),genuine,medium,https://prod.danawa.com/info/?pcode=122640437,"벽걸이에어컨 / 냉방면적 : 7평(24.4㎡) / 2025년형 / AI운전(환경,패턴) / 에너지 : 2등급 / [성능] 냉방능력 : 2.8kW / 소비전력 : 0.75kW / 인버터 / [편의] 스마트폰제어 / 상하좌우바람 / 열교환기세척 / 필터청소알림 / 간접냉방(무풍) / 기능업데이트 / 자기진단 / [규격] 크기(가로x세로x깊이): 820x299x215mm",strong: AI운전
danawa,에어컨,삼성전자 비스포크 AI 무풍콤보 AR60F07D12WS (기본설치비 별도),genuine,medium,https://prod.danawa.com/info/?pcode=82473311,"벽걸이에어컨 / 냉방면적 : 7평(24.4㎡) / 2025년형 / AI운전(환경,패턴) / 에너지 : 2등급 / [성능] 냉방능력 : 2.8kW / 소비전력 : 0.75kW / 인버터 / [편의] 간접냉방(무풍) / 스마트폰제어 / 자동건조 / 열교환기세척 / 자기진단 / 필터청소알림 / 기능업데이트 / 상하좌우바람 / [규격] 크기(가로x세로x깊이): 820x299x215mm",strong: AI운전
danawa,에어컨,삼성전자 Q9000 AF60F17D11BRS (공식인증 설치),genuine,high,https://prod.danawa.com/info/?pcode=78307496,"2in1에어컨 / 냉방면적 : 17+6평(56.9+18.7㎡) / 2025년형 / AI운전(환경,패턴) / AI건조 / 에너지 : 3등급 / ★월 전기요금 : 123,810원 / [성능] 냉방능력 : 7.0kW / 소비전력 : 2.05kW / 인버터 / [편의] 스마트폰제어 / 열교환기세척 / 자기진단 / 필터청소알림 / 기능업데이트 / [규격] 크기(가로x세로x깊이): 360x1847x269mm, 682x299x215mm","strong: AI운전, AI 건조, AI건조"
danawa,에어컨,삼성전자 Q9000 AF60F17D11BRS ((전국)기본설치비 포함),genuine,high,https://prod.danawa.com/info/?pcode=122620046,"2in1에어컨 / 냉방면적 : 17+6평(56.9+18.7㎡) / 2025년형 / AI건조 / AI운전(환경,패턴) / 에너지 : 3등급 / ★월 전기요금 : 123,810원 / [성능] 냉방능력 : 7.0kW / 소비전력 : 2.05kW / 인버터 / [편의] 스마트폰제어 / 열교환기세척 / 필터청소알림 / 기능업데이트 / 자기진단 / [규격] 크기(가로x세로x깊이): 360x1847x269mm, 682x299x215mm","strong: AI운전, AI 건조, AI건조"
danawa,에어컨,삼성전자 Q9000 AF60F17D11BRS ((수도권)기본설치비 포함),genuine,high,https://prod.danawa.com/info/?pcode=77962079,"2in1에어컨 / 냉방면적 : 17+6평(56.9+18.7㎡) / 2025년형 / AI건조 / AI운전(환경,패턴) / 에너지 : 3등급 / ★월 전기요금 : 123,810원 / [성능] 냉방능력 : 7.0kW / 소비전력 : 2.05kW / 인버터 / [편의] 스마트폰제어 / 열교환기세척 / 필터청소알림 / 기능업데이트 / 자기진단 / [규격] 크기(가로x세로x깊이): 360x1847x269mm, 682x299x215mm","strong: AI운전, AI 건조, AI건조"
danawa,에어컨,삼성전자 Q9000 AF60F17D11BRS (기본설치비 별도),genuine,high,https://prod.danawa.com/info/?pcode=81984779,"2in1에어컨 / 냉방면적 : 17+6평(56.9+18.7㎡) / 2025년형 / AI운전(환경,패턴) / AI건조 / 에너지 : 3등급 / ★월 전기요금 : 123,810원 / [성능] 냉방능력 : 7.0kW / 소비전력 : 2.05kW / 인버터 / [편의] 스마트폰제어 / 열교환기세척 / 자기진단 / 필터청소알림 / 기능업데이트 / [규격] 크기(가로x세로x깊이): 360x1847x269mm, 682x299x215mm","strong: AI운전, AI 건조, AI건조"
danawa,에어컨,LG전자 휘센 SQ06FA1WDS (공식인증 설치),genuine,high,https://prod.danawa.com/info/?pcode=77460593,"벽걸이에어컨 / 냉방면적 : 6평(18.7㎡) / 2025년형 / AI운전(환경) / AI건조 / 에너지 : 5등급 / [성능] 냉방능력 : 2.3kW / 소비전력 : 0.69kW / 듀얼인버터 / [편의] 간접냉방(유풍) / 스마트폰제어 / 열교환기세척 / 자기진단 / [규격] 크기(가로x세로x깊이): 754x308x189mm / 출시가: 743,000원","strong: AI운전, AI 건조, AI건조"
danawa,에어컨,LG전자 휘센 AI 오브제컬렉션 뷰 프로 6시리즈 FQ18GV6EE2 (공식인증 설치),genuine,high,https://prod.danawa.com/info/?pcode=104595941,"2in1에어컨 / 냉방면적 : 18+6평(58.5+18.7㎡) / 2026년형 / AI콜드프리 / AI음성인식 / AI운전(환경,패턴,공간) / AI건조 / AI열교환기세척 / 에너지 : 1등급 / ★월 전기요금 : 104,070원 / [성능] 냉방능력 : 7.2kW / 소비전력 : 1.83kW / 듀얼인버터 / [청정] 음이온, 이오나이저 / 알러지청정필터 / [편의] UV-LED 팬살균 / 인체감지 / 셀프청소가능 / 스마트폰제어 / 간접냉방(유풍) / 기능업데이트 / 자기진단 / [규격] 크기(가로x세로x깊이): 350x1840x295mm, 799x307x235mm / 출시가: 5,350,000원","strong: AI운전, AI 건조, AI건조"
danawa,TV,LG전자 올레드 evo AI OLED65G6KNA (스탠드),genuine,high,https://prod.danawa.com/info/?pcode=108406814,"OLED TV / 65인치(163cm) / 4K UHD / 주사율 : 120Hz / 에너지효율 : 4등급 / 2026년형 / [화질] 돌비비전 / HDR10 / HDR자동조절 / HLG / 톤매핑 / 화면반사방지 / 블루라이트차단 / HDMI2.1 / VRR(165Hz) / ALLM / HGIG / G-Sync Compatible / FreeSync / 게임모드 / [스마트] 넷플릭스 / 유튜브 / 미러링 / AI음성인식 / AI스마트홈 / AI콘텐츠추천 / AI스마트도우미 / AI실시간번역 / AI에너지절약모드 / AI축구모드 / [규격] HDMI(전체) : 4개 / 베사홀 : 300x300mm / 크기(가로x세로x깊이) : 1441x826(865~910)x24(263)mm / 무게 : 22.0(27.3)kg / 출시가: 5,188,000원","strong: 콘텐츠추천, 음성 인식"
danawa,TV,LG전자 올레드 evo AI OLED65G6KNA (벽걸이),genuine,high,https://prod.danawa.com/info/?pcode=108406943,"OLED TV / 65인치(163cm) / 4K UHD / 주사율 : 120Hz / 에너지효율 : 4등급 / 2026년형 / [화질] 돌비비전 / HDR10 / HDR자동조절 / HLG / 톤매핑 / 화면반사방지 / 블루라이트차단 / HDMI2.1 / VRR(165Hz) / ALLM / HGIG / G-Sync Compatible / FreeSync / 게임모드 / [스마트] 넷플릭스 / 유튜브 / 미러링 / AI음성인식 / AI스마트홈 / AI콘텐츠추천 / AI스마트도우미 / AI실시간번역 / AI에너지절약모드 / [규격] HDMI(전체) : 4개 / 베사홀 : 300x300mm / 크기(가로x세로x깊이) : 1441x826(865~910)x24(263)mm / 무게 : 22.0(27.3)kg / 출시가: 5,188,000원","strong: 콘텐츠추천, 음성 인식"
danawa,TV,LG전자 올레드 evo AI OLED65G6KNA (밀착 벽걸이),genuine,high,https://prod.danawa.com/info/?pcode=108406961,"OLED TV / 65인치(163cm) / 4K UHD / 주사율 : 120Hz / 에너지효율 : 4등급 / 2026년형 / [화질] 돌비비전 / HDR10 / HDR자동조절 / HLG / 톤매핑 / 화면반사방지 / 블루라이트차단 / HDMI2.1 / VRR(165Hz) / ALLM / HGIG / G-Sync Compatible / FreeSync / 게임모드 / [스마트] 넷플릭스 / 유튜브 / 미러링 / AI음성인식 / AI스마트홈 / AI콘텐츠추천 / AI스마트도우미 / AI실시간번역 / AI에너지절약모드 / AI축구모드 / [규격] HDMI(전체) : 4개 / 베사홀 : 300x300mm / 크기(가로x세로x깊이) : 1441x826(865~910)x24(263)mm / 무게 : 22.0(27.3)kg / 출시가: 5,188,000원","strong: 콘텐츠추천, 음성 인식"
danawa,TV,LG전자 올레드 evo AI OLED48C6KNA (스탠드),genuine,high,https://prod.danawa.com/info/?pcode=108401885,"OLED TV / 48인치(120cm) / 4K UHD / 주사율 : 120Hz / 에너지효율 : 3등급 / 2026년형 / [화질] HDR자동조절 / 돌비비전 / HLG / 톤매핑 / HDR10 / 블루라이트차단 / G-Sync Compatible / ALLM / HDMI2.1 / VRR(165Hz) / HGIG / 게임모드 / FreeSync / [스마트] 유튜브 / 미러링 / 넷플릭스 / AI음성인식 / AI스마트도우미 / AI콘텐츠추천 / AI스마트홈 / [규격] HDMI(전체) : 4개 / 베사홀 : 300x200mm / 크기(가로x세로x깊이) : 1071x620(675)x47(230)mm / 무게 : 14.9(16.7)kg / 출시가: 2,389,000원","strong: 콘텐츠추천, 음성 인식"
danawa,TV,LG전자 올레드 evo AI OLED48C6KNA (벽걸이),genuine,high,https://prod.danawa.com/info/?pcode=108402053,"OLED TV / 48인치(120cm) / 4K UHD / 주사율 : 120Hz / 에너지효율 : 3등급 / 2026년형 / [화질] 돌비비전 / HDR10 / HDR자동조절 / HLG / 톤매핑 / 블루라이트차단 / HDMI2.1 / VRR(165Hz) / ALLM / HGIG / G-Sync Compatible / FreeSync / 게임모드 / [스마트] 넷플릭스 / 유튜브 / 미러링 / AI음성인식 / AI스마트홈 / AI콘텐츠추천 / AI스마트도우미 / [규격] HDMI(전체) : 4개 / 베사홀 : 300x200mm / 크기(가로x세로x깊이) : 1071x620(675)x47(230)mm / 무게 : 14.9(16.7)kg / 출시가: 2,389,000원","strong: 콘텐츠추천, 음성 인식"
danawa,TV,LG전자 QNED evo AI 75QNED80BEA (스탠드),genuine,high,https://prod.danawa.com/info/?pcode=122622067,"미니LED TV / 75인치(189cm) / 4K UHD / 주사율 : 60Hz / 에너지효율 : 1등급 / 2026년형 / [화질] HDR10 / HDR자동조절 / HLG / 톤매핑 / VRR(60Hz) / ALLM / HGIG / 게임모드 / [스마트] 넷플릭스 / 유튜브 / 미러링 / AI음성인식 / AI스마트홈 / AI콘텐츠추천 / AI스마트도우미 / AI실시간번역 / AI에너지절약모드 / AI축구모드 / [규격] HDMI(전체) : 3개 / 베사홀 : 300x200mm / 크기(가로x세로x깊이) : 1677x962(1026)x67(361)mm / 무게 : 21.2(21.6)kg / 출시가: 3,090,000원","strong: 콘텐츠추천, 음성 인식"
danawa,TV,LG전자 QNED evo AI 75QNED80BEA (벽걸이),genuine,high,https://prod.danawa.com/info/?pcode=122622118,"미니LED TV / 75인치(189cm) / 4K UHD / 주사율 : 60Hz / 에너지효율 : 1등급 / 2026년형 / [화질] HDR10 / HDR자동조절 / HLG / 톤매핑 / VRR(60Hz) / ALLM / HGIG / 게임모드 / [스마트] 넷플릭스 / 유튜브 / 미러링 / AI음성인식 / AI스마트홈 / AI콘텐츠추천 / AI스마트도우미 / AI실시간번역 / AI에너지절약모드 / AI축구모드 / [규격] HDMI(전체) : 3개 / 베사홀 : 300x200mm / 크기(가로x세로x깊이) : 1677x962(1026)x67(361)mm / 무게 : 21.2(21.6)kg / 출시가: 3,090,000원","strong: 콘텐츠추천, 음성 인식"
danawa,TV,LG전자 올레드 evo AI OLED77C5FNA (스탠드),genuine,high,https://prod.danawa.com/info/?pcode=78532055,"OLED TV / 77인치(194cm) / 4K UHD / 주사율 : 120Hz / 에너지효율 : 4등급 / 2025년형 / [화질] 돌비비전 / HDR10 / HLG / 톤매핑 / HDMI2.1 / VRR(144Hz) / ALLM / HGIG / G-Sync Compatible / FreeSync / 게임모드 / [스마트] 넷플릭스 / 유튜브 / 미러링 / AI음성인식 / AI스마트홈 / AI콘텐츠추천 / AI스마트도우미 / AI실시간번역 / AI에너지절약모드 / [규격] HDMI(전체) : 3개 / 베사홀 : 300x200mm / 크기(가로x세로x깊이) : 1711x982(1035)x47(267)mm / 무게 : 23.5(27.1)kg / 출시가: 6,190,000원","strong: 콘텐츠추천, 음성 인식"
danawa,TV,LG전자 올레드 evo AI OLED77C5FNA (벽걸이),genuine,high,https://prod.danawa.com/info/?pcode=78532109,OLED TV / 77인치(194cm) / 4K UHD / 주사율 : 120Hz / 에너지효율 : 4등급 / 2025년형 / [화질] 돌비비전 / HDR10 / HLG / 톤매핑 / HDMI2.1 / VRR(144Hz) / ALLM / HGIG / G-Sync Compatible / FreeSync / 게임모드 / [스마트] 넷플릭스 / 유튜브 / 미러링 / AI음성인식 / AI스마트홈 / AI콘텐츠추천 / AI스마트도우미 / AI실시간번역 / AI에너지절약모드 / [규격] HDMI(전체) : 3개 / 베사홀 : 300x200mm / 크기(가로x세로x깊이) : 1711x982x47mm / 무게 : 23.5kg,"strong: 콘텐츠추천, 음성 인식"
danawa,TV,"LG전자 올레드 evo AI OLED77C5FNA (스탠드+사운드바, S60TR)",genuine,high,https://prod.danawa.com/info/?pcode=96649010,OLED TV / 77인치(194cm) / 4K UHD / 주사율 : 120Hz / 에너지효율 : 4등급 / 2025년형 / [화질] 돌비비전 / HDR10 / HLG / 톤매핑 / HDMI2.1 / VRR(144Hz) / ALLM / HGIG / G-Sync Compatible / FreeSync / 게임모드 / [스마트] 넷플릭스 / 유튜브 / 미러링 / AI음성인식 / AI스마트홈 / AI콘텐츠추천 / AI스마트도우미 / AI실시간번역 / AI에너지절약모드 / [규격] HDMI(전체) : 3개 / 베사홀 : 300x200mm / 크기(가로x세로x깊이) : 1711x982(1035)x47(267)mm / 무게 : 23.5(27.1)kg,"strong: 콘텐츠추천, 음성 인식"
danawa,TV,"LG전자 올레드 evo AI OLED77C5FNA (벽걸이+사운드바, S60TR)",genuine,high,https://prod.danawa.com/info/?pcode=96649013,OLED TV / 77인치(194cm) / 4K UHD / 주사율 : 120Hz / 에너지효율 : 4등급 / 2025년형 / [화질] 돌비비전 / HDR10 / HLG / 톤매핑 / HDMI2.1 / VRR(144Hz) / ALLM / HGIG / G-Sync Compatible / FreeSync / 게임모드 / [스마트] 넷플릭스 / 유튜브 / 미러링 / AI음성인식 / AI스마트홈 / AI콘텐츠추천 / AI스마트도우미 / AI실시간번역 / AI에너지절약모드 / [규격] HDMI(전체) : 3개 / 베사홀 : 300x200mm / 크기(가로x세로x깊이) : 1711x982x47mm / 무게 : 23.5kg,"strong: 콘텐츠추천, 음성 인식"
danawa,TV,LG전자 QNED AI 75QNED65ABA (스탠드),genuine,high,https://prod.danawa.com/info/?pcode=78177962,"QNED TV / 75인치(189cm) / 4K UHD / 주사율 : 60Hz / 에너지효율 : 1등급 / 2025년형 / [화질] HDR10 / HLG / VRR(60Hz) / ALLM / HGIG / 게임모드 / [스마트] 넷플릭스 / 유튜브 / 미러링 / AI음성인식 / AI스마트홈 / AI콘텐츠추천 / AI스마트도우미 / AI실시간번역 / AI에너지절약모드 / [규격] HDMI(전체) : 2개 / 베사홀 : 400x300mm / 크기(가로x세로x깊이) : 1677x965(1032)x31(359)mm / 무게 : 33.0(34.0)kg / 출시가: 3,200,000원","strong: 콘텐츠추천, 음성 인식"
danawa,TV,LG전자 QNED AI 75QNED65ABA (벽걸이),genuine,high,https://prod.danawa.com/info/?pcode=78178016,"QNED TV / 75인치(189cm) / 4K UHD / 주사율 : 60Hz / 에너지효율 : 1등급 / 2025년형 / [화질] HDR10 / HLG / VRR(60Hz) / ALLM / HGIG / 게임모드 / [스마트] 넷플릭스 / 유튜브 / 미러링 / AI음성인식 / AI스마트홈 / AI콘텐츠추천 / AI스마트도우미 / AI실시간번역 / AI에너지절약모드 / [규격] HDMI(전체) : 2개 / 베사홀 : 400x300mm / 크기(가로x세로x깊이) : 1677x96(x31mm / 무게 : 33.0kg / 출시가: 3,200,000원","strong: 콘텐츠추천, 음성 인식"
danawa,TV,LG전자 QNED AI 75QNED65ABA (무타공 벽걸이),genuine,high,https://prod.danawa.com/info/?pcode=96259271,"QNED TV / 75인치(189cm) / 4K UHD / 주사율 : 60Hz / 에너지효율 : 1등급 / 2025년형 / [화질] HDR10 / HLG / VRR(60Hz) / ALLM / HGIG / 게임모드 / [스마트] 넷플릭스 / 유튜브 / 미러링 / AI음성인식 / AI스마트홈 / AI콘텐츠추천 / AI스마트도우미 / AI실시간번역 / AI에너지절약모드 / [규격] HDMI(전체) : 2개 / 베사홀 : 400x300mm / 크기(가로x세로x깊이) : 1677x96(x31mm / 무게 : 33.0kg / 출시가: 3,200,000원","strong: 콘텐츠추천, 음성 인식"
danawa,TV,"LG전자 QNED AI 75QNED65ABA (스탠드+사운드바, S40T)",genuine,high,https://prod.danawa.com/info/?pcode=95203406,"QNED TV / 75인치(189cm) / 4K UHD / 주사율 : 60Hz / 에너지효율 : 1등급 / 2025년형 / [화질] HDR10 / HLG / VRR(60Hz) / ALLM / HGIG / 게임모드 / [스마트] 넷플릭스 / 유튜브 / 미러링 / AI음성인식 / AI스마트홈 / AI콘텐츠추천 / AI스마트도우미 / AI실시간번역 / AI에너지절약모드 / [규격] HDMI(전체) : 2개 / 베사홀 : 400x300mm / 크기(가로x세로x깊이) : 1677x965(1032)x31(359)mm / 무게 : 33.0(34.0)kg / 출시가: 3,339,000원","strong: 콘텐츠추천, 음성 인식"
danawa,TV,"LG전자 QNED AI 75QNED65ABA (벽걸이+사운드바, S40T)",genuine,high,https://prod.danawa.com/info/?pcode=95203421,"QNED TV / 75인치(189cm) / 4K UHD / 주사율 : 60Hz / 에너지효율 : 1등급 / 2025년형 / [화질] HDR10 / HLG / VRR(60Hz) / ALLM / HGIG / 게임모드 / [스마트] 넷플릭스 / 유튜브 / 미러링 / AI음성인식 / AI스마트홈 / AI콘텐츠추천 / AI스마트도우미 / AI실시간번역 / AI에너지절약모드 / [규격] HDMI(전체) : 2개 / 베사홀 : 400x300mm / 크기(가로x세로x깊이) : 1677x965x31mm / 무게 : 33.0kg / 출시가: 3,339,000원","strong: 콘텐츠추천, 음성 인식"
danawa,TV,"LG전자 QNED AI 75QNED65ABA (스탠드+사운드바, S60TR)",genuine,high,https://prod.danawa.com/info/?pcode=95203442,"QNED TV / 75인치(189cm) / 4K UHD / 주사율 : 60Hz / 에너지효율 : 1등급 / 2025년형 / [화질] HDR10 / HLG / VRR(60Hz) / ALLM / HGIG / 게임모드 / [스마트] 넷플릭스 / 유튜브 / 미러링 / AI음성인식 / AI스마트홈 / AI콘텐츠추천 / AI스마트도우미 / AI실시간번역 / AI에너지절약모드 / [규격] HDMI(전체) : 2개 / 베사홀 : 400x300mm / 크기(가로x세로x깊이) : 1677x965(1032)x31(359)mm / 무게 : 33.0(34.0)kg / 출시가: 3,689,000원","strong: 콘텐츠추천, 음성 인식"
danawa,TV,"LG전자 QNED AI 75QNED65ABA (벽걸이+사운드바, S60TR)",genuine,high,https://prod.danawa.com/info/?pcode=95203448,"QNED TV / 75인치(189cm) / 4K UHD / 주사율 : 60Hz / 에너지효율 : 1등급 / 2025년형 / [화질] HDR10 / HLG / VRR(60Hz) / ALLM / HGIG / 게임모드 / [스마트] 넷플릭스 / 유튜브 / 미러링 / AI음성인식 / AI스마트홈 / AI콘텐츠추천 / AI스마트도우미 / AI실시간번역 / AI에너지절약모드 / [규격] HDMI(전체) : 2개 / 베사홀 : 400x300mm / 크기(가로x세로x깊이) : 1677x965x31mm / 무게 : 33.0kg / 출시가: 3,689,000원","strong: 콘텐츠추천, 음성 인식"
danawa,TV,"LG전자 QNED AI 75QNED65ABA (스탠드+사운드바, S70TR)",genuine,high,https://prod.danawa.com/info/?pcode=95203463,"QNED TV / 75인치(189cm) / 4K UHD / 주사율 : 60Hz / 에너지효율 : 1등급 / 2025년형 / [화질] HDR10 / HLG / VRR(60Hz) / ALLM / HGIG / 게임모드 / [스마트] 넷플릭스 / 유튜브 / 미러링 / AI음성인식 / AI스마트홈 / AI콘텐츠추천 / AI스마트도우미 / AI실시간번역 / AI에너지절약모드 / [규격] HDMI(전체) : 2개 / 베사홀 : 400x300mm / 크기(가로x세로x깊이) : 1677x965(1032)x31(359)mm / 무게 : 33.0(34.0)kg / 출시가: 3,789,000원","strong: 콘텐츠추천, 음성 인식"
danawa,TV,"LG전자 QNED AI 75QNED65ABA (벽걸이+사운드바, S70TR)",genuine,high,https://prod.danawa.com/info/?pcode=95203478,"QNED TV / 75인치(189cm) / 4K UHD / 주사율 : 60Hz / 에너지효율 : 1등급 / 2025년형 / [화질] HDR10 / HLG / VRR(60Hz) / ALLM / HGIG / 게임모드 / [스마트] 넷플릭스 / 유튜브 / 미러링 / AI음성인식 / AI스마트홈 / AI콘텐츠추천 / AI스마트도우미 / AI실시간번역 / AI에너지절약모드 / [규격] HDMI(전체) : 2개 / 베사홀 : 400x300mm / 크기(가로x세로x깊이) : 1677x965x31mm / 무게 : 33.0kg / 출시가: 3,789,000원","strong: 콘텐츠추천, 음성 인식"
danawa,TV,"LG전자 QNED AI 75QNED65ABA (스탠드+사운드바, S95TR)",genuine,high,https://prod.danawa.com/info/?pcode=95203526,"QNED TV / 75인치(189cm) / 4K UHD / 주사율 : 60Hz / 에너지효율 : 1등급 / 2025년형 / [화질] HDR10 / HLG / VRR(60Hz) / ALLM / HGIG / 게임모드 / [스마트] 넷플릭스 / 유튜브 / 미러링 / AI음성인식 / AI스마트홈 / AI콘텐츠추천 / AI스마트도우미 / AI실시간번역 / AI에너지절약모드 / [규격] HDMI(전체) : 2개 / 베사홀 : 400x300mm / 크기(가로x세로x깊이) : 1677x965(1032)x31(359)mm / 무게 : 33.0(34.0)kg / 출시가: 4,789,000원","strong: 콘텐츠추천, 음성 인식"
danawa,TV,"LG전자 QNED AI 75QNED65ABA (벽걸이+사운드바, S95TR)",genuine,high,https://prod.danawa.com/info/?pcode=95203529,"QNED TV / 75인치(189cm) / 4K UHD / 주사율 : 60Hz / 에너지효율 : 1등급 / 2025년형 / [화질] HDR10 / HLG / VRR(60Hz) / ALLM / HGIG / 게임모드 / [스마트] 넷플릭스 / 유튜브 / 미러링 / AI음성인식 / AI스마트홈 / AI콘텐츠추천 / AI스마트도우미 / AI실시간번역 / AI에너지절약모드 / [규격] HDMI(전체) : 2개 / 베사홀 : 400x300mm / 크기(가로x세로x깊이) : 1677x965x31mm / 무게 : 33.0kg / 출시가: 4,789,000원","strong: 콘텐츠추천, 음성 인식"
danawa,식기세척기,삼성전자 비스포크 AI DW80H73Y1UZ (빌트인),genuine,medium,https://prod.danawa.com/info/?pcode=122660581,"식기세척기 / 14인용 / 빌트인 / 1등급(26.04 기준) / 살균 : 고온 / 건조 : 자동문열림 , 응축 / 선반 : 3단 , 높이조절 / 코스 : 다운로드 , 빠른세척 , 저소음 , 헹굼추가 / [특징] 히든터치 / 스마트폰제어 / [규격] 소비전력 : 2050W / 물소비량 : 15.4L / 색상 : 에센셜화이트 / 크기(가로x세로x깊이) : 595x815x572mm","manual: AI절약모드 (상세설명 확인, 스펙표 미기재)"
danawa,전자레인지,삼성전자 비스포크 AI CC80H63U1HS (빌트인),genuine,medium,https://prod.danawa.com/info/?pcode=122620625,"인덕션 / 빌트인 / 화구수 : 3구 / 소비전력 : 3400W / 스마트폰제어 / 밀키트스캔쿡 / 자동맞춤요리 / 끓음감지 / 기능 : 터보모드 , DNC저소음 / 안전장치 : 타이머 , 잔열표시 , 버튼잠금 , 과열감지 , 일시정지 , 용기없음인식 , 일시낮춤 / 터치 / 세라믹글라스 / 에너지 : 1등급 / [최대출력] 대: 3400W, 중: 2600W, 소: 1500W / LCD알림창 / 타공치수(가로x세로): 560x480mm / 크기(가로x세로x높이): 600x520x48mm",strong: 밀키트스캔쿡 | weak: 자동맞춤요리
danawa,전자레인지,삼성전자 비스포크 AI CC80H63S1HS (빌트인),genuine,medium,https://prod.danawa.com/info/?pcode=122618146,"인덕션 / 빌트인 / 화구수 : 3구 / 소비전력 : 3300W / 스마트폰제어 / 밀키트스캔쿡 / 자동맞춤요리 / 끓음감지 / 기능 : 터보모드 , DNC저소음 / 안전장치 : 타이머 , 잔열표시 , 버튼잠금 , 과열감지 , 일시정지 , 용기없음인식 , 일시낮춤 / 터치 / 세라믹글라스 / 에너지 : 1등급 / [최대출력] 대: 3300W, 중: 2600W, 소: 1500W / LCD알림창 / 타공치수(가로x세로): 560x480mm / 크기(가로x세로x높이): 600x520x48mm",strong: 밀키트스캔쿡 | weak: 자동맞춤요리
danawa,전자레인지,쿠쿠전자 AI 트리플 프리존 인덕션 CIR-JS301FW (빌트인),genuine,medium,https://prod.danawa.com/info/?pcode=107992193,"인덕션 / 빌트인 / 화구수 : 3구 / 소비전력 : 3400W / 프리존(플렉스존) / 끓음감지 / 기능 : 확장화구 , 용기위치감지 / 안전장치 : 타이머 , 버튼잠금 , 과열감지 , 인디케이터 / 슬라이드터치 / 글라스 / 에너지 : 1등급 / [최대출력] 3400W / 교차가열 / AI오토포커싱가열 / 자동화력조절 / 무게: 14.5kg / 크기(가로x세로x높이): 588x57x508mm",strong: AI오토포커싱가열
danawa,전자레인지,삼성전자 비스포크 AI CC80H63G1HS (빌트인),genuine,medium,https://prod.danawa.com/info/?pcode=122617414,"인덕션 / 빌트인 / 화구수 : 3구 / 소비전력 : 3400W / 프리존(플렉스존) / 스마트폰제어 / 밀키트스캔쿡 / 자동맞춤요리 / 끓음감지 / 기능 : 터보모드 , DNC저소음 / 안전장치 : 타이머 , 잔열표시 , 버튼잠금 , 과열감지 , 일시정지 , 용기없음인식 , 일시낮춤 / 터치 / 세라믹글라스 / 에너지 : 1등급 / [최대출력] 대: 3400W, 중: 2600W / 프리존 : 3300W / LCD알림창 / 타공치수(가로x세로): 560x480mm / 크기(가로x세로x높이): 600x520x48mm",strong: 밀키트스캔쿡 | weak: 자동맞춤요리
danawa,전자레인지,삼성전자 비스포크 AI CC80H63E1HS (빌트인),genuine,medium,https://prod.danawa.com/info/?pcode=122617984,"인덕션 / 빌트인 / 화구수 : 3구 / 소비전력 : 3300W / 프리존(플렉스존) / 스마트폰제어 / 밀키트스캔쿡 / 자동맞춤요리 / 끓음감지 / 기능 : 터보모드 , DNC저소음 / 안전장치 : 타이머 , 잔열표시 , 버튼잠금 , 과열감지 , 일시정지 , 용기없음인식 , 일시낮춤 / 터치 / 세라믹글라스 / 에너지 : 1등급 / [최대출력] 대: 3300W, 중: 2600W / 프리존 : 3300W / LCD알림창 / 타공치수(가로x세로): 560x480mm / 크기(가로x세로x높이): 600x520x48mm",strong: 밀키트스캔쿡 | weak: 자동맞춤요리
danawa,전자레인지,쿠쿠전자 AI 트리플 프리존 인덕션 CIR-KS301FB (빌트인),genuine,medium,https://prod.danawa.com/info/?pcode=107992172,"인덕션 / 빌트인 / 화구수 : 3구 / 소비전력 : 3400W / 프리존(플렉스존) / 끓음감지 / 기능 : 확장화구 , 용기위치감지 / 안전장치 : 타이머 , 버튼잠금 , 과열감지 , 인디케이터 / 슬라이드터치 / 글라스 / 에너지 : 1등급 / [최대출력] 3400W / 교차가열 / AI오토포커싱가열 / 자동화력조절 / 무게: 14.5kg / 크기(가로x세로x높이): 588x57x508mm",strong: AI오토포커싱가열
danawa,로봇청소기,삼성전자 비스포크 AI 스팀 울트라 VR90F01AAG (단품),genuine,high,https://prod.danawa.com/info/?pcode=108229415,"로봇청소기 / 흡입+물걸레 / 센서 : ToF , 3D인식 , 카메라 , 자이로 , 적외선IR , 초음파 , 범퍼 / 흡입력 : 22,000Pa / 맵핑 : 3D , 복층 / 사용시간 : 3시간40분(최대) / AI사물인식 / AI바닥인식 / AI액체인식 / 장애물회피 / 낙하방지 / 문턱등반 / 오염도감지 / 스테이션 : 먼지비움 , 걸레세척(온수) , 걸레건조(온풍) , 걸레탈부착 , 물걸레100℃스팀살균 , 플레이트분리 , 스테이션청소 , 자동급수 , 먼지봉투살균 , 자동충전 / 문턱넘기 : 4.5cm / 색상 : 새틴그레이지 / 통과높이 : 10cm / 무게 : 4.3kg / [흡입/물걸레] 브러쉬 : 메인2개 , 사이드로봇브러쉬 / 금지구역 / 구역지정 / 카펫부스트 / 흡입력조절 / 예약청소 / 브러쉬리프팅 / 물걸레리프팅 / 진공후물걸레 / 물걸레 : 회전형 / 물걸레확장암 / 크기(가로x세로x깊이): 청소기 359x100x364mm 스테이션 444x520x510mm / 출시가: 1,860,000원","strong: 장애물 회피, AI사물인식, AI바닥인식, AI액체인식"
danawa,청소기,삼성전자 비스포크 제트 AI Lite VS28D950ACB,genuine,medium,https://prod.danawa.com/info/?pcode=75855938,"핸디스틱청소기 / 무선 / 흡입전용 / 흡입력 : 280W / 사용시간 : 30분(최대) / 워셔블먼지필터 / 스테이션 : 스탠드거치 , 액세서리&배터리거치 , 먼지비움 , UVC LED , 충전 / 먼지비움시간 : 14초 / 먼지봉투 : 1.2L / 먼지감지센서 / LED라이트 / AI청소 / 싸이클론흡입 / [흡입구] 일반 / 추가브러쉬 : 틈새브러쉬 , 솔형브러쉬 / [색상/크기] 색상 : 산토리니베이지 / 무게 : 2.3kg / 크기(가로x세로x깊이): 300x1055x300mm",strong: AI청소
danawa,로봇청소기,삼성전자 비스포크 AI 스팀 울트라 VR90F01AAG (단품+소모품키트),genuine,high,https://prod.danawa.com/info/?pcode=106758212,"로봇청소기 / 흡입+물걸레 / 센서 : ToF , 3D인식 , 카메라 , 자이로 , 적외선IR , 초음파 , 범퍼 / 흡입력 : 22,000Pa / 맵핑 : 3D , 복층 / 사용시간 : 3시간40분(최대) / AI사물인식 / AI바닥인식 / AI액체인식 / 장애물회피 / 낙하방지 / 문턱등반 / 오염도감지 / 스테이션 : 먼지비움 , 걸레세척(온수) , 걸레건조(온풍) , 걸레탈부착 , 물걸레100℃스팀살균 , 플레이트분리 , 스테이션청소 , 자동급수 , 먼지봉투살균 , 자동충전 / 문턱넘기 : 4.5cm / 통과높이 : 10cm / [흡입/물걸레] 브러쉬 : 메인2개 , 사이드로봇브러쉬 / 금지구역 / 구역지정 / 카펫부스트 / 흡입력조절 / 예약청소 / 브러쉬리프팅 / 물걸레리프팅 / 진공후물걸레 / 물걸레 : 회전형 / 물걸레확장암 / 색상 : 새틴그레이지 / 무게 : 4.3kg / 소모품키트 구성: 먼지봉투5매+물걸레4매+메인브러쉬1개+사이드브러쉬2개+필터2개 / 크기(가로x세로x깊이): 청소기 359x100x364mm 스테이션 444x520x510mm / 출시가: 1,860,000원","strong: 장애물 회피, AI사물인식, AI바닥인식, AI액체인식"
danawa,로봇청소기,삼성전자 비스포크 AI 스팀 울트라 VR90F01AAG (단품2개),genuine,high,https://prod.danawa.com/info/?pcode=122664605,"로봇청소기 / 흡입+물걸레 / 센서 : ToF , 3D인식 , 카메라 , 자이로 , 적외선IR , 초음파 , 범퍼 / 흡입력 : 22,000Pa / 맵핑 : 3D , 복층 / 사용시간 : 3시간40분(최대) / AI사물인식 / AI바닥인식 / AI액체인식 / 장애물회피 / 낙하방지 / 문턱등반 / 오염도감지 / 스테이션 : 먼지비움 , 걸레세척(온수) , 걸레건조(온풍) , 걸레탈부착 , 물걸레100℃스팀살균 , 플레이트분리 , 스테이션청소 , 자동급수 , 먼지봉투살균 , 자동충전 / 문턱넘기 : 4.5cm / 통과높이 : 10cm / [흡입/물걸레] 브러쉬 : 메인2개 , 사이드로봇브러쉬 / 금지구역 / 구역지정 / 카펫부스트 / 흡입력조절 / 예약청소 / 브러쉬리프팅 / 물걸레리프팅 / 진공후물걸레 / 물걸레 : 회전형 / 물걸레확장암 / 색상 : 새틴그레이지 / 무게 : 4.3kg / 크기(가로x세로x깊이): 청소기 359x100x364mm 스테이션 444x520x510mm","strong: 장애물 회피, AI사물인식, AI바닥인식, AI액체인식"
danawa,로봇청소기,삼성전자 비스포크 AI 스팀 울트라 직배수 VR90F01SAG (단품),genuine,high,https://prod.danawa.com/info/?pcode=108367196,"로봇청소기 / 흡입+물걸레 / 센서 : ToF , 3D인식 , 카메라 , 자이로 , 적외선IR , 초음파 , 범퍼 / 흡입력 : 22,000Pa / 맵핑 : 3D , 복층 / 사용시간 : 3시간40분(최대) / AI사물인식 / AI바닥인식 / AI액체인식 / 장애물회피 / 낙하방지 / 문턱등반 / 오염도감지 / 스테이션 : 먼지비움 , 걸레세척(온수) , 걸레건조(온풍) , 걸레탈부착 , 직배수 , 물걸레100℃스팀살균 , 플레이트분리 , 스테이션청소 , 자동급수 , 먼지봉투살균 , 자동충전 / 문턱넘기 : 4.5cm / 색상 : 새틴그레이지 / 통과높이 : 10cm / 무게 : 4.3kg / [흡입/물걸레] 브러쉬 : 메인2개 , 사이드로봇브러쉬 / 금지구역 / 구역지정 / 카펫부스트 / 흡입력조절 / 예약청소 / 브러쉬리프팅 / 물걸레리프팅 / 진공후물걸레 / 물걸레 : 회전형 / 물걸레확장암 / 크기(가로x세로x깊이): 청소기 359x100x364mm 스테이션 410x320x513mm / 출시가: 2,040,000원","strong: 장애물 회피, AI사물인식, AI바닥인식, AI액체인식"
danawa,로봇청소기,삼성전자 비스포크 AI 스팀 울트라 직배수 VR90F01SAG (단품+소모품키트 4개),genuine,high,https://prod.danawa.com/info/?pcode=106758536,"로봇청소기 / 흡입+물걸레 / 센서 : ToF , 3D인식 , 카메라 , 자이로 , 적외선IR , 초음파 , 범퍼 / 흡입력 : 22,000Pa / 맵핑 : 3D , 복층 / 사용시간 : 3시간40분(최대) / AI사물인식 / AI바닥인식 / AI액체인식 / 장애물회피 / 낙하방지 / 문턱등반 / 오염도감지 / 스테이션 : 먼지비움 , 걸레세척(온수) , 걸레건조(온풍) , 걸레탈부착 , 직배수 , 물걸레100℃스팀살균 , 플레이트분리 , 스테이션청소 , 자동급수 , 먼지봉투살균 , 자동충전 / 문턱넘기 : 4.5cm / 통과높이 : 10cm / [흡입/물걸레] 브러쉬 : 메인2개 , 사이드로봇브러쉬 / 금지구역 / 구역지정 / 카펫부스트 / 흡입력조절 / 예약청소 / 브러쉬리프팅 / 물걸레리프팅 / 진공후물걸레 / 물걸레 : 회전형 / 물걸레확장암 / 색상 : 새틴그레이지 / 무게 : 4.3kg / 소모품키트 구성: 먼지봉투5매+물걸레4매+메인브러쉬1개+사이드브러쉬2개+필터2개 / 크기(가로x세로x깊이): 청소기 359x100x364mm 스테이션 410x320x513mm / 출시가: 2,040,000원","strong: 장애물 회피, AI사물인식, AI바닥인식, AI액체인식"
danawa,로봇청소기,삼성전자 비스포크 AI 스팀 울트라 직배수 VR90F01SAG (단품+리폼),genuine,high,https://prod.danawa.com/info/?pcode=122621732,"로봇청소기 / 흡입+물걸레 / 센서 : ToF , 3D인식 , 카메라 , 자이로 , 적외선IR , 초음파 , 범퍼 / 흡입력 : 22,000Pa / 맵핑 : 3D , 복층 / 사용시간 : 3시간40분(최대) / AI사물인식 / AI바닥인식 / AI액체인식 / 장애물회피 / 낙하방지 / 문턱등반 / 오염도감지 / 스테이션 : 먼지비움 , 걸레세척(온수) , 걸레건조(온풍) , 걸레탈부착 , 직배수 , 물걸레100℃스팀살균 , 플레이트분리 , 스테이션청소 , 자동급수 , 먼지봉투살균 , 자동충전 / 문턱넘기 : 4.5cm / 통과높이 : 10cm / [흡입/물걸레] 브러쉬 : 메인2개 , 사이드로봇브러쉬 / 금지구역 / 구역지정 / 카펫부스트 / 흡입력조절 / 예약청소 / 브러쉬리프팅 / 물걸레리프팅 / 진공후물걸레 / 물걸레 : 회전형 / 물걸레확장암 / 색상 : 새틴그레이지 / 무게 : 4.3kg / 크기(가로x세로x깊이): 청소기 359x100x364mm 스테이션 410x320x513mm / 출시가: 2,260,000원","strong: 장애물 회피, AI사물인식, AI바닥인식, AI액체인식"
danawa,로봇청소기,삼성전자 비스포크 AI 스팀 울트라 직배수 VR90F01SAG (단품+소모품키트+리폼),genuine,high,https://prod.danawa.com/info/?pcode=106758623,"로봇청소기 / 흡입+물걸레 / 센서 : ToF , 3D인식 , 카메라 , 자이로 , 적외선IR , 초음파 , 범퍼 / 흡입력 : 22,000Pa / 맵핑 : 3D , 복층 / 사용시간 : 3시간40분(최대) / AI사물인식 / AI바닥인식 / AI액체인식 / 장애물회피 / 낙하방지 / 문턱등반 / 오염도감지 / 스테이션 : 먼지비움 , 걸레세척(온수) , 걸레건조(온풍) , 걸레탈부착 , 직배수 , 물걸레100℃스팀살균 , 플레이트분리 , 스테이션청소 , 자동급수 , 먼지봉투살균 , 자동충전 / 문턱넘기 : 4.5cm / 통과높이 : 10cm / [흡입/물걸레] 브러쉬 : 메인2개 , 사이드로봇브러쉬 / 금지구역 / 구역지정 / 카펫부스트 / 흡입력조절 / 예약청소 / 브러쉬리프팅 / 물걸레리프팅 / 진공후물걸레 / 물걸레 : 회전형 / 물걸레확장암 / 색상 : 새틴그레이지 / 무게 : 4.3kg / 소모품키트 구성: 먼지봉투5매+물걸레4매+메인브러쉬1개+사이드브러쉬2개+필터2개 / 크기(가로x세로x깊이): 청소기 359x100x364mm 스테이션 410x320x513mm / 출시가: 2,260,000원","strong: 장애물 회피, AI사물인식, AI바닥인식, AI액체인식"
danawa,청소기,LG전자 오브제컬렉션 코드제로 AI A9 AI948WA,genuine,medium,https://prod.danawa.com/info/?pcode=90111164,"핸디스틱청소기 / 무선 / 흡입+물걸레(동시) / 물걸레 : 포함 / 스마트인버터모터 / 흡입력 : 320W / 사용시간 : 30분(최대) / 스테이션 : 먼지비움 , 액세서리수납 , 충전 , 스탠드거치 / 먼지비움시간 : 30초 / 먼지봉투 : 2.5L / LED라이트 / 오토스탑앤고 / AI청소 / 자동물공급 / [흡입구] 와이드 / 추가브러쉬 : 솔형브러쉬 , 틈새브러쉬 / 스팀 / [색상/크기] 색상 : 카밍베이지 / 무게 : 2.54kg / 크기(가로x세로x깊이): 300x1100x245mm",strong: AI청소
danawa,로봇청소기,삼성전자 비스포크 AI 스팀 VR7MD97716G (단품),genuine,high,https://prod.danawa.com/info/?pcode=31655570,"로봇청소기 / 흡입+물걸레 / 디지털인버터모터 / 센서 : 3D인식 , ToF , 카메라 , 초음파 , 자이로 / 흡입력 : 6,000Pa / 맵핑 : 복층 , 3D / 사용시간 : 3시간(최대) / AI사물인식 / 낙하방지 / 장애물회피 / AI바닥인식 / 오염도감지 / 문턱등반 / 스테이션 : 먼지비움 , 걸레건조(온풍) , 자동충전 , 자동급수 , 먼지봉투살균 , 걸레세척(온수) , 플레이트분리 , 걸레탈부착 , 물걸레100℃스팀살균 / 문턱넘기 : 1.5cm / 색상 : 새틴그레이지 / 통과높이 : 10cm / 무게 : 4.8kg / [흡입/물걸레] 브러쉬 : 메인 , 사이드 , 머리카락컷팅 , 엉킴방지재질 / 물걸레리프팅 / 카펫부스트 / 금지구역 / 예약청소 / 구역지정 / 진공후물걸레 / 물걸레 : 회전형(마그네틱) / 크기(가로x세로x깊이): 청소기 359x100x364mm 스테이션 445x547x510mm / 출시가: 2,059,000원","strong: 장애물 회피, AI사물인식, AI바닥인식"
danawa,로봇청소기,삼성전자 비스포크 AI 스팀 VR7MD97716G (단품+물걸레4매),genuine,high,https://prod.danawa.com/info/?pcode=54481226,"로봇청소기 / 흡입+물걸레 / 디지털인버터모터 / 센서 : 자이로 , ToF , 초음파 , 3D인식 , 카메라 / 흡입력 : 6,000Pa / 맵핑 : 복층 , 3D / 사용시간 : 3시간(최대) / AI바닥인식 / AI사물인식 / 낙하방지 / 장애물회피 / 오염도감지 / 스테이션 : 자동급수 , 걸레세척(온수) , 먼지비움 , 플레이트분리 , 걸레탈부착 , 자동충전 , 걸레건조(온풍) , 먼지봉투살균 , 물걸레100℃스팀살균 / 문턱넘기 : 1.5cm / 색상 : 새틴그레이지 / 통과높이 : 10cm / 무게 : 4.8kg / [흡입/물걸레] 브러쉬 : 사이드 , 엉킴방지재질 , 메인 , 머리카락컷팅 / 금지구역 / 카펫부스트 / 예약청소 / 진공후물걸레 / 물걸레리프팅 / 구역지정 / 물걸레 : 회전형(마그네틱) / 크기(가로x세로x깊이): 청소기 359x100x364mm 스테이션 445x547x510mm / 출시가: 1,819,000원","strong: 장애물 회피, AI사물인식, AI바닥인식"
danawa,로봇청소기,삼성전자 비스포크 AI 스팀 VR7MD97716G (단품2개),genuine,high,https://prod.danawa.com/info/?pcode=90698111,"로봇청소기 / 흡입+물걸레 / 디지털인버터모터 / 센서 : 초음파 , 자이로 , ToF , 카메라 , 3D인식 / 흡입력 : 6,000Pa / 맵핑 : 3D , 복층 / 사용시간 : 3시간(최대) / 낙하방지 / 장애물회피 / 문턱등반 / 오염도감지 / AI사물인식 / AI바닥인식 / 스테이션 : 물걸레100℃스팀살균 , 걸레건조(온풍) , 자동급수 , 걸레탈부착 , 플레이트분리 , 자동충전 , 걸레세척(온수) , 먼지봉투살균 , 먼지비움 / 문턱넘기 : 1.5cm / 색상 : 새틴그레이지 / 통과높이 : 10cm / 무게 : 4.8kg / [흡입/물걸레] 브러쉬 : 메인 , 사이드 , 머리카락컷팅 , 엉킴방지재질 / 구역지정 / 물걸레리프팅 / 카펫부스트 / 금지구역 / 예약청소 / 진공후물걸레 / 물걸레 : 회전형(마그네틱) / 크기(가로x세로x깊이): 청소기 359x100x364mm 스테이션 445x547x510mm / 출시가: 2,059,000원","strong: 장애물 회피, AI사물인식, AI바닥인식"
danawa,청소기,LG전자 오브제컬렉션 코드제로 AI A9 AI958WA,genuine,medium,https://prod.danawa.com/info/?pcode=90111152,"핸디스틱청소기 / 무선 / 흡입+물걸레(동시) / 물걸레 : 포함 / 스마트인버터모터 / 흡입력 : 320W / 사용시간 : 30분(최대) / 워셔블먼지필터 / 스테이션 : 먼지비움 , 액세서리수납 , 충전 , 스탠드거치 / 먼지비움시간 : 30초 / 먼지봉투 : 2.5L / LED라이트 / 오토스탑앤고 / AI청소 / 자동물공급 / [흡입구] 와이드 / 추가브러쉬 : 침구브러쉬 , 솔형브러쉬 , 틈새브러쉬 / 스팀 / [색상/크기] 색상 : 카밍베이지 / 무게 : 2.54kg / 크기(가로x세로x깊이): 300x1100x245mm",strong: AI청소
danawa,청소기,LG전자 오브제컬렉션 코드제로 로보킹 AI 올인원 B95AWBH,genuine,high,https://prod.danawa.com/info/?pcode=63268445,"로봇청소기 / 흡입+물걸레 / 센서 : LDS , 3D인식 , 카메라 , 자이로 , 적외선IR , 초음파 , 범퍼 / 흡입력 : 10,000Pa / 맵핑 : 2D / 사용시간 : 1시간50분(최대) / AI사물인식 / 장애물회피 / 낙하방지 / 문턱등반 / 카펫회피 / 스테이션 : 먼지비움 , 걸레세척(냉수) , 걸레건조(온풍) , 세제투입 , 플레이트분리 , 자동급수 , 자동충전 / 문턱넘기 : 2cm / 통과높이 : 11cm / [흡입/물걸레] 브러쉬 : 메인 , 사이드2개 , 엉킴방지재질 / 금지구역 / 구역지정 / 카펫부스트 / 흡입력조절 / 예약청소 / 물걸레리프팅 / 물걸레 : 회전형 / 출수량조절 / 색상 : 카밍베이지 / 무게 : 4.13kg / 크기(가로x세로x깊이): 청소기 355x106x355mm 스테이션 411x497x441mm / 출시가: 1,990,000원","strong: 장애물 회피, AI사물인식"
danawa,청소기,LG전자 오브제컬렉션 코드제로 AI A9 AI958WB,genuine,medium,https://prod.danawa.com/info/?pcode=104939939,"핸디스틱청소기 / 무선 / 흡입+물걸레(동시) / 물걸레 : 포함 / 흡입력 : 320W / 사용시간 : 30분(최대) / 스테이션 : 먼지비움 , 액세서리수납 , 충전 , 스탠드거치 / 먼지비움시간 : 30초 / 먼지봉투 : 2.5L / LED라이트 / 오토스탑앤고 / AI청소 / 자동물공급 / 싸이클론흡입 / [흡입구] 와이드 / 추가브러쉬 : 틈새브러쉬 , 솔브러쉬 / 고온 / 스팀 / [색상/크기] 색상 : 카밍베이지 / 무게 : 2.54kg / 크기(가로x세로x깊이): 300x1100x245mm",strong: AI청소
danawa,로봇청소기,삼성전자 비스포크 AI 스팀 플러스 VR80F01ADG (단품),genuine,high,https://prod.danawa.com/info/?pcode=106758077,"로봇청소기 / 흡입+물걸레 / 센서 : ToF , 범퍼 , 3D인식 , 카메라 / 흡입력 : 10W(22,000Pa) / 맵핑 : 복층 , 3D / 사용시간 : 3시간40분(최대) / 사물인식 / 문턱등반 / AI바닥인식 / 낙하방지 / 장애물회피 / 스테이션 : 걸레탈부착 , 자동급수 , 플레이트분리 , 먼지비움 , 걸레건조(온풍) , 물걸레100℃스팀살균 , 걸레세척(온수) , 스테이션청소 , 자동충전 / 문턱넘기 : 4.5cm / 색상 : 새틴그레이지 / 무게 : 4.3kg / [흡입/물걸레] 브러쉬 : 사이드로봇브러쉬 , 메인2개 / 물걸레리프팅 / 진공후물걸레 / 예약청소 / 브러쉬리프팅 / 카펫부스트 / 구역지정 / 금지구역 / 물걸레 : 회전형 / 물걸레확장암 / 크기(가로x세로x깊이): 청소기 359x100x364mm 스테이션 444x520x510mm / 출시가: 1,760,000원","strong: 장애물 회피, AI바닥인식"
danawa,로봇청소기,삼성전자 비스포크 AI 스팀 플러스 VR80F01ADG (단품+소모품키트),genuine,high,https://prod.danawa.com/info/?pcode=109599731,"로봇청소기 / 흡입+물걸레 / 센서 : ToF , 3D인식 , 카메라 , 범퍼 / 흡입력 : 10W(22,000Pa) / 맵핑 : 3D , 복층 / 사용시간 : 3시간40분(최대) / 사물인식 / AI바닥인식 / 장애물회피 / 낙하방지 / 문턱등반 / 스테이션 : 먼지비움 , 걸레세척(온수) , 걸레건조(온풍) , 걸레탈부착 , 물걸레100℃스팀살균 , 플레이트분리 , 스테이션청소 , 자동급수 , 자동충전 / 문턱넘기 : 4.5cm / [흡입/물걸레] 브러쉬 : 메인2개 , 사이드로봇브러쉬 / 금지구역 / 구역지정 / 카펫부스트 / 예약청소 / 브러쉬리프팅 / 물걸레리프팅 / 진공후물걸레 / 물걸레 : 회전형 / 물걸레확장암 / 색상 : 새틴그레이지 / 무게 : 4.3kg / 구성: 먼지봉투5매+물걸레4매+메인브러쉬1개+사이드브러쉬2개+필터2개 / 크기(가로x세로x깊이): 청소기 359x100x364mm 스테이션 444x520x510mm / 출시가: 1,760,000원","strong: 장애물 회피, AI바닥인식"
danawa,로봇청소기,삼성전자 비스포크 AI 스팀 플러스 VR80F01ADG (단품2개),genuine,high,https://prod.danawa.com/info/?pcode=122664579,"로봇청소기 / 흡입+물걸레 / 센서 : ToF , 3D인식 , 카메라 , 범퍼 / 흡입력 : 10W(22,000Pa) / 맵핑 : 3D , 복층 / 사용시간 : 3시간40분(최대) / 사물인식 / AI바닥인식 / 장애물회피 / 낙하방지 / 문턱등반 / 스테이션 : 먼지비움 , 걸레세척(온수) , 걸레건조(온풍) , 걸레탈부착 , 물걸레100℃스팀살균 , 플레이트분리 , 스테이션청소 , 자동급수 , 자동충전 / 문턱넘기 : 4.5cm / [흡입/물걸레] 브러쉬 : 메인2개 , 사이드로봇브러쉬 / 금지구역 / 구역지정 / 카펫부스트 / 예약청소 / 브러쉬리프팅 / 물걸레리프팅 / 진공후물걸레 / 물걸레 : 회전형 / 물걸레확장암 / 색상 : 새틴그레이지 / 무게 : 4.3kg / 크기(가로x세로x깊이): 청소기 359x100x364mm 스테이션 444x520x510mm","strong: 장애물 회피, AI바닥인식"
danawa,로봇청소기,삼성전자 비스포크 AI 스팀 플러스 직배수 VR80F01SDG (단품),genuine,high,https://prod.danawa.com/info/?pcode=106758626,"로봇청소기 / 흡입+물걸레 / 센서 : 3D인식 , ToF , 범퍼 , 카메라 / 흡입력 : 10W(22,000Pa) / 맵핑 : 복층 , 3D / 사용시간 : 3시간40분(최대) / 사물인식 / 장애물회피 / 문턱등반 / 낙하방지 / AI바닥인식 / 스테이션 : 먼지비움 , 걸레세척(온수) , 플레이트분리 , 물걸레100℃스팀살균 , 스테이션청소 , 직배수 , 걸레건조(온풍) , 자동충전 , 걸레탈부착 , 자동급수 / 문턱넘기 : 4.5cm / 색상 : 새틴그레이지 / 무게 : 4.3kg / [흡입/물걸레] 브러쉬 : 사이드로봇브러쉬 , 메인2개 / 카펫부스트 / 진공후물걸레 / 브러쉬리프팅 / 금지구역 / 예약청소 / 구역지정 / 물걸레리프팅 / 물걸레 : 회전형 / 물걸레확장암 / 크기(가로x세로x깊이): 청소기 359x100x364mm 스테이션 410x320x513mm / 출시가: 1,940,000원","strong: 장애물 회피, AI바닥인식"
danawa,로봇청소기,삼성전자 비스포크 AI 스팀 플러스 직배수 VR80F01SDG (단품+소모품키트),genuine,high,https://prod.danawa.com/info/?pcode=108419537,"로봇청소기 / 흡입+물걸레 / 센서 : 범퍼 , 카메라 , ToF , 3D인식 / 흡입력 : 10W(22,000Pa) / 맵핑 : 3D , 복층 / 사용시간 : 3시간40분(최대) / 낙하방지 / AI바닥인식 / 장애물회피 / 문턱등반 / 사물인식 / 스테이션 : 물걸레100℃스팀살균 , 플레이트분리 , 자동급수 , 먼지비움 , 걸레건조(온풍) , 스테이션청소 , 걸레탈부착 , 자동충전 , 걸레세척(온수) , 직배수 / 문턱넘기 : 4.5cm / 색상 : 새틴그레이지 / 무게 : 4.3kg / [흡입/물걸레] 브러쉬 : 사이드로봇브러쉬 , 메인2개 / 금지구역 / 물걸레리프팅 / 브러쉬리프팅 / 예약청소 / 카펫부스트 / 진공후물걸레 / 구역지정 / 물걸레 : 회전형 / 물걸레확장암 / 구성: 먼지봉투5매+물걸레4매+메인브러쉬1개+사이드브러쉬2개+필터2개 / 크기(가로x세로x깊이): 청소기 359x100x364mm 스테이션 410x320x513mm / 출시가: 1,940,000원","strong: 장애물 회피, AI바닥인식"
danawa,로봇청소기,삼성전자 비스포크 AI 스팀 플러스 직배수 VR80F01SDG (단품+리폼),genuine,high,https://prod.danawa.com/info/?pcode=108419612,"로봇청소기 / 흡입+물걸레 / 센서 : 카메라 , ToF , 3D인식 , 범퍼 / 흡입력 : 10W(22,000Pa) / 맵핑 : 복층 , 3D / 사용시간 : 3시간40분(최대) / 장애물회피 / AI바닥인식 / 문턱등반 / 사물인식 / 낙하방지 / 스테이션 : 걸레세척(온수) , 직배수 , 걸레탈부착 , 먼지비움 , 자동급수 , 플레이트분리 , 걸레건조(온풍) , 스테이션청소 , 물걸레100℃스팀살균 , 자동충전 / 문턱넘기 : 4.5cm / 색상 : 새틴그레이지 / 무게 : 4.3kg / [흡입/물걸레] 브러쉬 : 사이드로봇브러쉬 , 메인2개 / 금지구역 / 진공후물걸레 / 구역지정 / 물걸레리프팅 / 예약청소 / 카펫부스트 / 브러쉬리프팅 / 물걸레 : 회전형 / 물걸레확장암 / 크기(가로x세로x깊이): 청소기 359x100x364mm 스테이션 410x320x513mm / 출시가: 2,160,000원","strong: 장애물 회피, AI바닥인식"
danawa,로봇청소기,삼성전자 비스포크 AI 스팀 플러스 직배수 VR80F01SDG (단품+소모품키트+리폼),genuine,high,https://prod.danawa.com/info/?pcode=108419639,"로봇청소기 / 흡입+물걸레 / 센서 : 3D인식 , 범퍼 , ToF , 카메라 / 흡입력 : 10W(22,000Pa) / 맵핑 : 복층 , 3D / 사용시간 : 3시간40분(최대) / 장애물회피 / 낙하방지 / AI바닥인식 / 사물인식 / 문턱등반 / 스테이션 : 물걸레100℃스팀살균 , 플레이트분리 , 자동급수 , 걸레건조(온풍) , 걸레세척(온수) , 걸레탈부착 , 자동충전 , 직배수 , 먼지비움 , 스테이션청소 / 문턱넘기 : 4.5cm / 색상 : 새틴그레이지 / 무게 : 4.3kg / [흡입/물걸레] 브러쉬 : 메인2개 , 사이드로봇브러쉬 / 물걸레리프팅 / 진공후물걸레 / 구역지정 / 예약청소 / 금지구역 / 브러쉬리프팅 / 카펫부스트 / 물걸레 : 회전형 / 물걸레확장암 / 구성: 먼지봉투5매+물걸레4매+메인브러쉬1개+사이드브러쉬2개+필터2개 / 크기(가로x세로x깊이): 청소기 359x100x364mm 스테이션 410x320x513mm / 출시가: 2,160,000원","strong: 장애물 회피, AI바닥인식"
danawa,로봇청소기,LG전자 오브제컬렉션 코드제로 로보킹 AI 올인원 B94AHB,genuine,high,https://prod.danawa.com/info/?pcode=92355719,"로봇청소기 / 흡입+물걸레 / 센서 : 3D인식 , ToF , 초음파 , 적외선IR , 자이로 , 범퍼 , LDS , 카메라 / 흡입력 : 10,000Pa / 맵핑 : 2D / 사용시간 : 1시간50분(최대) / 낙하방지 / AI사물인식 / 장애물회피 / 문턱등반 / 카펫회피 / 스테이션 : 플레이트분리 , 자동충전 , 걸레건조(온풍) , 세제투입 , 걸레세척(냉수) , 먼지비움 , 자동급수 / 문턱넘기 : 2cm / 색상 : 에센스화이트 / 통과높이 : 11cm / 무게 : 4.13kg / [흡입/물걸레] 브러쉬 : 사이드2개 , 엉킴방지재질 / 구역지정 / 물걸레리프팅 / 카펫부스트 / 예약청소 / 금지구역 / 흡입력조절 / 물걸레 : 회전형 / 출수량조절 / 크기(가로x세로x깊이): 청소기 355x106x355mm 스테이션 411x497x441mm / 출시가: 1,990,000원","strong: 장애물 회피, AI사물인식"
danawa,로봇청소기,LG전자 오브제컬렉션 코드제로 로보킹 AI 올인원 직배수 B95AWBTH,genuine,high,https://prod.danawa.com/info/?pcode=63268895,"로봇청소기 / 흡입+물걸레 / 센서 : 초음파 , 범퍼 , 적외선IR , ToF , 자이로 , 카메라 , 3D인식 , LDS / 흡입력 : 10,000Pa / 맵핑 : 2D / 사용시간 : 1시간50분(최대) / 낙하방지 / 문턱등반 / 장애물회피 / AI사물인식 / 카펫회피 / 스테이션 : 걸레세척(냉수) , 플레이트분리 , 먼지비움 , 직배수 , 자동충전 , 걸레건조(온풍) , 세제투입 / 문턱넘기 : 2cm / 색상 : 카밍베이지 / 통과높이 : 11cm / 무게 : 4.13kg / [흡입/물걸레] 브러쉬 : 엉킴방지재질 , 사이드2개 , 메인 / 구역지정 / 물걸레리프팅 / 예약청소 / 흡입력조절 / 금지구역 / 카펫부스트 / 물걸레 : 회전형 / 출수량조절 / 크기(가로x세로x깊이): 청소기 355x106x355mm 스테이션 411x497x441mm / 출시가: 2,190,000원","strong: 장애물 회피, AI사물인식"
danawa,로봇청소기,쿠쿠전자 파워클론 AI Pro 올인원 CRVC-BAC1010TNW,genuine,medium,https://prod.danawa.com/info/?pcode=108228755,"로봇청소기 / 흡입+물걸레 / BLDC모터 / 센서 : LDS , 카메라 / 흡입력 : 10,000Pa / 맵핑 : 3D / 사용시간 : 2시간20분(최대) / 충돌방지 / 낙하방지 / 장애물회피 / 문턱등반 / 스테이션 : 걸레세척(온수) , 자동충전 , 걸레건조(온풍) , 먼지비움 , 스테이션청소 / 헤파필터 / 문턱넘기 : 2cm / 색상 : 화이트 / 무게 : 3.7kg / [흡입/물걸레] 브러쉬 : 엉킴방지재질 , 사이드 / 구역지정 / 금지구역 / 카펫부스트 / 예약청소 / 물걸레 : 회전형 / 크기(가로x세로x깊이): 청소기 350x100.5x350mm 스테이션 415x430x464mm",strong: 장애물 회피
danawa,로봇청소기,삼성전자 비스포크 AI 스팀 울트라 VR90F01AAH (단품),genuine,high,https://prod.danawa.com/info/?pcode=108229331,"로봇청소기 / 흡입+물걸레 / 센서 : ToF , 3D인식 , 카메라 , 자이로 , 적외선IR , 초음파 , 범퍼 / 흡입력 : 22,000Pa / 맵핑 : 3D , 복층 / 사용시간 : 3시간40분(최대) / AI사물인식 / AI바닥인식 / AI액체인식 / 장애물회피 / 낙하방지 / 문턱등반 / 오염도감지 / 스테이션 : 먼지비움 , 걸레세척(온수) , 걸레건조(온풍) , 걸레탈부착 , 물걸레100℃스팀살균 , 플레이트분리 , 스테이션청소 , 자동급수 , 먼지봉투살균 , 자동충전 / 문턱넘기 : 4.5cm / 통과높이 : 10cm / [흡입/물걸레] 브러쉬 : 메인2개 , 사이드로봇브러쉬 / 금지구역 / 구역지정 / 카펫부스트 / 흡입력조절 / 예약청소 / 브러쉬리프팅 / 물걸레리프팅 / 진공후물걸레 / 물걸레 : 회전형 / 물걸레확장암 / 색상 : 새틴차콜 / 무게 : 4.3kg / 크기(가로x세로x깊이): 청소기 359x100x364mm 스테이션 444x520x510mm / 출시가: 1,860,000원","strong: 장애물 회피, AI사물인식, AI바닥인식, AI액체인식"
danawa,로봇청소기,삼성전자 비스포크 AI 스팀 울트라 VR90F01AAH (단품+소모품키트),genuine,high,https://prod.danawa.com/info/?pcode=106758422,"로봇청소기 / 흡입+물걸레 / 센서 : ToF , 3D인식 , 카메라 , 자이로 , 적외선IR , 초음파 , 범퍼 / 흡입력 : 22,000Pa / 맵핑 : 3D , 복층 / 사용시간 : 3시간40분(최대) / AI사물인식 / AI바닥인식 / AI액체인식 / 장애물회피 / 낙하방지 / 문턱등반 / 오염도감지 / 스테이션 : 먼지비움 , 걸레세척(온수) , 걸레건조(온풍) , 걸레탈부착 , 물걸레100℃스팀살균 , 플레이트분리 , 스테이션청소 , 자동급수 , 먼지봉투살균 , 자동충전 / 문턱넘기 : 4.5cm / 색상 : 새틴차콜 / 통과높이 : 10cm / 무게 : 4.3kg / [흡입/물걸레] 브러쉬 : 메인2개 , 사이드로봇브러쉬 / 금지구역 / 구역지정 / 카펫부스트 / 흡입력조절 / 예약청소 / 브러쉬리프팅 / 물걸레리프팅 / 진공후물걸레 / 물걸레 : 회전형 / 물걸레확장암 / 소모품키트 구성: 먼지봉투5매+물걸레4매+메인브러쉬1개+사이드브러쉬2개+필터2개 / 크기(가로x세로x깊이): 청소기 359x100x364mm 스테이션 444x520x510mm / 출시가: 1,860,000원","strong: 장애물 회피, AI사물인식, AI바닥인식, AI액체인식"
danawa,로봇청소기,삼성전자 비스포크 AI 스팀 울트라 VR90F01AAH (단품2개),genuine,high,https://prod.danawa.com/info/?pcode=122664613,"로봇청소기 / 흡입+물걸레 / 센서 : ToF , 3D인식 , 카메라 , 자이로 , 적외선IR , 초음파 , 범퍼 / 흡입력 : 22,000Pa / 맵핑 : 3D , 복층 / 사용시간 : 3시간40분(최대) / AI사물인식 / AI바닥인식 / AI액체인식 / 장애물회피 / 낙하방지 / 문턱등반 / 오염도감지 / 스테이션 : 먼지비움 , 걸레세척(온수) , 걸레건조(온풍) , 걸레탈부착 , 물걸레100℃스팀살균 , 플레이트분리 , 스테이션청소 , 자동급수 , 먼지봉투살균 , 자동충전 / 문턱넘기 : 4.5cm / 통과높이 : 10cm / [흡입/물걸레] 브러쉬 : 메인2개 , 사이드로봇브러쉬 / 금지구역 / 구역지정 / 카펫부스트 / 흡입력조절 / 예약청소 / 브러쉬리프팅 / 물걸레리프팅 / 진공후물걸레 / 물걸레 : 회전형 / 물걸레확장암 / 색상 : 새틴차콜 / 무게 : 4.3kg / 크기(가로x세로x깊이): 청소기 359x100x364mm 스테이션 444x520x510mm","strong: 장애물 회피, AI사물인식, AI바닥인식, AI액체인식"
danawa,공기청정기,LG전자 오브제컬렉션 퓨리케어 AI 360˚ M7 AS356NSMA (일반구매),genuine,high,https://prod.danawa.com/info/?pcode=105182138,"공기청정기 / 34평(114㎡) / UV살균 / 초미세먼지제거 / 유해가스 제거 / 탈취 / 360도 필터 / 새집증후군물질제거 / 에너지효율 : 2등급 / [센서/모드] PM1.0(극초미세먼지) / 조도 / 가스(냄새) / 자동 / 펫 / 터보 / 절전모드 / 싱글청정 / 듀얼청정 / 필터인식센서 / [편의] 음성안내 / 필터점검/교체알림 / LG ThinQ / 자체기기점검 / UP가전 / 버튼잠금 / 타이머 / 풍량조절 / 청정도표시 / 미세먼지농도표시 / 클린부스터 / [인증] PA인증 / AI+인증 / CA인증 / BAF인증 / [규격] 소비전력 : 80W / 무게 : 20.6kg / 크기(가로x세로x깊이) : 377x1100x377mm / 출시가: 2,320,000원","strong: ThinQ, UP가전"
danawa,공기청정기,LG전자 오브제컬렉션 퓨리케어 AI 360˚ M5 AS336NSLC (무빙휠 포함),genuine,high,https://prod.danawa.com/info/?pcode=105181859,"공기청정기 / 33평(109㎡) / UV살균 / 초미세먼지제거 / 유해가스 제거 / 탈취 / 360도 필터 / 새집증후군물질제거 / 에너지효율 : 2등급 / [센서/모드] PM1.0(극초미세먼지) / 조도 / 가스(냄새) / 자동 / 펫 / 터보 / 절전모드 / 싱글청정 / 듀얼청정 / 필터인식센서 / [편의] 음성안내 / 필터점검/교체알림 / LG ThinQ / 자체기기점검 / UP가전 / 버튼잠금 / 타이머 / 풍량조절 / 청정도표시 / 미세먼지농도표시 / 클린부스터 / [인증] AI+인증 / CA인증 / BAF인증 / [규격] 소비전력 : 80W / 무게 : 20.6kg / 크기(가로x세로x깊이) : 377x1100x377mm / 출시가: 1,935,000원","strong: ThinQ, UP가전"
danawa,공기청정기,삼성전자 Infinite AI AP90H03193UGD (1개),genuine,medium,https://prod.danawa.com/info/?pcode=106481861,"공기청정기 / 10평(33㎡) / UV살균 / 초미세먼지제거 / 유해가스 제거 / 탈취 / [센서/모드] PM1.0(극초미세먼지) / 조도 / 가스(냄새) / 자동 / 수면 / 4way서라운드 청정 / 맞춤청정AI+ / CADR : 120㎥ / [편의] 필터점검/교체알림 / 삼성 SmartThings / 소음 : 18dB / 풍량조절 / 청정도표시 / 미세먼지농도표시 / 그 외 기능 / [인증] PA인증 / AI+인증 / CA인증 / [규격] 소비전력 : 19W / 무게 : 11.8kg / 크기(가로x세로x깊이) : 320x545x320mm / 출시가: 1,049,000원",strong: SmartThings
danawa,공기청정기,삼성전자 Infinite AI AP90H10198UDD,genuine,medium,https://prod.danawa.com/info/?pcode=106704317,"공기청정기 / 30평(100㎡) / UV살균 / 초미세먼지제거 / 유해가스 제거 / 탈취 / [센서/모드] 습도 / 온도 / PM1.0(극초미세먼지) / 조도 / 가스(냄새) / 자동 / 수면 / 터보 / 4way서라운드 청정 / 맞춤청정AI+ / CO2센서 / [편의] 음성안내 / 필터점검/교체알림 / 삼성 SmartThings / 소음 : 18dB / 이동식바퀴 / 풍량조절 / 청정도표시 / 미세먼지농도표시 / 무드등 / [인증] PA인증 / AI+인증 / CA인증 / [규격] 소비전력 : 70W / 무게 : 25.2kg / 크기(가로x세로x깊이) : 320x1070x320mm / 출시가: 1,899,000원",strong: SmartThings
danawa,공기청정기,LG전자 오브제컬렉션 퓨리케어 AI 360˚ M7 AS356NSMA (무빙휠 포함),genuine,high,https://prod.danawa.com/info/?pcode=105182165,"공기청정기 / 34평(114㎡) / UV살균 / 초미세먼지제거 / 유해가스 제거 / 탈취 / 360도 필터 / 새집증후군물질제거 / 에너지효율 : 2등급 / [센서/모드] PM1.0(극초미세먼지) / 조도 / 가스(냄새) / 자동 / 펫 / 터보 / 절전모드 / 싱글청정 / 듀얼청정 / 필터인식센서 / [편의] 음성안내 / 필터점검/교체알림 / LG ThinQ / 자체기기점검 / UP가전 / 버튼잠금 / 타이머 / 풍량조절 / 청정도표시 / 미세먼지농도표시 / 클린부스터 / [인증] PA인증 / AI+인증 / CA인증 / BAF인증 / [규격] 소비전력 : 80W / 무게 : 20.6kg / 크기(가로x세로x깊이) : 377x1100x377mm / 출시가: 2,385,000원","strong: ThinQ, UP가전"
danawa,공기청정기,LG전자 오브제컬렉션 퓨리케어 AI 360˚ M5 AS336NSLC (일반구매),genuine,high,https://prod.danawa.com/info/?pcode=105181814,"공기청정기 / 33평(109㎡) / UV살균 / 초미세먼지제거 / 유해가스 제거 / 탈취 / 360도 필터 / 새집증후군물질제거 / 에너지효율 : 2등급 / [센서/모드] PM1.0(극초미세먼지) / 조도 / 가스(냄새) / 자동 / 펫 / 터보 / 절전모드 / 싱글청정 / 듀얼청정 / 필터인식센서 / [편의] 음성안내 / 필터점검/교체알림 / LG ThinQ / 자체기기점검 / UP가전 / 버튼잠금 / 타이머 / 풍량조절 / 청정도표시 / 미세먼지농도표시 / 클린부스터 / [인증] AI+인증 / CA인증 / BAF인증 / [규격] 소비전력 : 80W / 무게 : 20.6kg / 크기(가로x세로x깊이) : 377x1100x377mm / 출시가: 1,870,000원","strong: ThinQ, UP가전"
danawa,공기청정기,삼성전자 Infinite AI AP90H03193UGD (2개),genuine,medium,https://prod.danawa.com/info/?pcode=108353024,"공기청정기 / 10평(33㎡) / UV살균 / 초미세먼지제거 / 유해가스 제거 / 탈취 / [센서/모드] PM1.0(극초미세먼지) / 조도 / 가스(냄새) / 자동 / 수면 / 4way서라운드 청정 / 맞춤청정AI+ / CADR : 120㎥ / [편의] 필터점검/교체알림 / 삼성 SmartThings / 소음 : 18dB / 풍량조절 / 청정도표시 / 미세먼지농도표시 / 그 외 기능 / [인증] PA인증 / AI+인증 / CA인증 / [규격] 소비전력 : 19W / 무게 : 11.8kg / 크기(가로x세로x깊이) : 320x545x320mm / 출시가: 2,098,000원",strong: SmartThings
danawa,공기청정기,LG전자 오브제컬렉션 퓨리케어 AI 360˚ 알파UP AS335NSAC (일반구매),genuine,high,https://prod.danawa.com/info/?pcode=75940106,"공기청정기 / 33평(109㎡) / UV살균 / 초미세먼지제거 / 유해가스 제거 / 탈취 / 360도 필터 / 새집증후군물질제거 / 에너지효율 : 2등급 / [센서/모드] PM1.0(극초미세먼지) / 조도 / 가스(냄새) / 아기 / 자동 / 펫 / 터보 / 정품필터인식센서 / [편의] 음성안내 / 필터점검/교체알림 / LG ThinQ / 자체기기점검 / UP가전 / 버튼잠금 / 타이머 / 풍량조절 / 청정도표시 / 미세먼지농도표시 / [인증] CA인증 / BAF인증 / [규격] 소비전력 : 80W / 무게 : 20.8kg / 크기(가로x세로x깊이) : 377x1100x377mm / 출시가: 1,875,000원","strong: ThinQ, UP가전"
danawa,공기청정기,LG전자 오브제컬렉션 퓨리케어 AI 360˚ 알파UP AS335NSAC (무빙휠 포함),genuine,high,https://prod.danawa.com/info/?pcode=76465637,공기청정기 / 33평(109㎡) / UV살균 / 초미세먼지제거 / 유해가스 제거 / 탈취 / 360도 필터 / 새집증후군물질제거 / 에너지효율 : 2등급 / [센서/모드] PM1.0(극초미세먼지) / 조도 / 가스(냄새) / 아기 / 자동 / 펫 / 터보 / 정품필터인식센서 / [편의] 음성안내 / 필터점검/교체알림 / LG ThinQ / 자체기기점검 / UP가전 / 버튼잠금 / 이동식바퀴 / 타이머 / 풍량조절 / 청정도표시 / 미세먼지농도표시 / [인증] CA인증 / BAF인증 / [규격] 소비전력 : 80W / 무게 : 20.8kg / 크기(가로x세로x깊이) : 377x1100x377mm,"strong: ThinQ, UP가전"
danawa,공기청정기,삼성전자 Infinite AI AP90H03193EGD (1개),genuine,medium,https://prod.danawa.com/info/?pcode=106484915,"공기청정기 / 10평(33㎡) / UV살균 / 초미세먼지제거 / 유해가스 제거 / 탈취 / 에너지효율 : 3등급 / [센서/모드] PM1.0(극초미세먼지) / 조도 / 가스(냄새) / 자동 / 수면 / 4way서라운드 청정 / 맞춤청정AI+ / CADR : 120㎥ / [편의] 필터점검/교체알림 / 삼성 SmartThings / 소음 : 18dB / 풍량조절 / 청정도표시 / 미세먼지농도표시 / 그 외 기능 / [인증] PA인증 / AI+인증 / CA인증 / [규격] 소비전력 : 19W / 무게 : 11.8kg / 크기(가로x세로x깊이) : 320x545x320mm / 출시가: 1,049,000원",strong: SmartThings
danawa,공기청정기,삼성전자 Infinite AI AP90H03193EGD (2개),genuine,medium,https://prod.danawa.com/info/?pcode=108352157,"공기청정기 / 10평(33㎡) / UV살균 / 초미세먼지제거 / 유해가스 제거 / 탈취 / 에너지효율 : 3등급 / [센서/모드] PM1.0(극초미세먼지) / 조도 / 가스(냄새) / 자동 / 수면 / 4way서라운드 청정 / 맞춤청정AI+ / CADR : 120㎥ / [편의] 필터점검/교체알림 / 삼성 SmartThings / 소음 : 18dB / 풍량조절 / 청정도표시 / 미세먼지농도표시 / 그 외 기능 / [인증] PA인증 / AI+인증 / CA인증 / [규격] 소비전력 : 19W / 무게 : 11.8kg / 크기(가로x세로x깊이) : 320x545x320mm / 출시가: 2,098,000원",strong: SmartThings
danawa,공기청정기,LG전자 오브제컬렉션 퓨리케어 AI 월핏 AS185LGAA (벽걸이),genuine,high,https://prod.danawa.com/info/?pcode=106688828,공기청정기 / 18평(59.4㎡) / UV살균 / 초미세먼지제거 / 유해가스 제거 / 탈취 / 에너지효율 : 2등급 / [센서/모드] PM1.0(극초미세먼지) / 가스(냄새) / 자동 / 수면 / UV팬살균 / [편의] 필터점검/교체알림 / LG ThinQ / 자체기기점검 / UP가전 / 버튼잠금 / 풍량조절 / 청정도표시 / [인증] CA인증 / [규격] 소비전력 : 43W / 무게 : 10.5kg / 크기(가로x세로x깊이) : 560x540x180mm,"strong: ThinQ, UP가전"
danawa,공기청정기,LG전자 오브제컬렉션 퓨리케어 AI 월핏 AS185LGAA (스탠드),genuine,high,https://prod.danawa.com/info/?pcode=105967517,공기청정기 / 18평(59.4㎡) / UV살균 / 초미세먼지제거 / 유해가스 제거 / 탈취 / 에너지효율 : 2등급 / [센서/모드] PM1.0(극초미세먼지) / 가스(냄새) / 자동 / 수면 / UV팬살균 / [편의] 필터점검/교체알림 / LG ThinQ / 자체기기점검 / UP가전 / 버튼잠금 / 풍량조절 / 청정도표시 / [인증] CA인증 / [규격] 소비전력 : 43W / 무게 : 10.5kg / 크기(가로x세로x깊이) : 560x540x180mm,"strong: ThinQ, UP가전"
danawa,공기청정기,LG전자 오브제컬렉션 퓨리케어 AI 월핏 AS185LGAA (스탠드 + 선반),genuine,high,https://prod.danawa.com/info/?pcode=108462782,공기청정기 / 18평(59.4㎡) / UV살균 / 초미세먼지제거 / 유해가스 제거 / 탈취 / 에너지효율 : 2등급 / [센서/모드] PM1.0(극초미세먼지) / 가스(냄새) / 자동 / 수면 / UV팬살균 / [편의] 필터점검/교체알림 / LG ThinQ / 자체기기점검 / UP가전 / 버튼잠금 / 풍량조절 / 청정도표시 / [인증] CA인증 / [규격] 소비전력 : 43W / 무게 : 10.5kg / 크기(가로x세로x깊이) : 560x540x180mm,"strong: ThinQ, UP가전"
danawa,공기청정기,삼성전자 비스포크 큐브 Air 인피니트 라인 AX033DB900UGD (1개),genuine,medium,https://prod.danawa.com/info/?pcode=39566351,"공기청정기 / 10평(33㎡) / UV살균 / 초미세먼지제거 / 유해가스 제거 / 탈취 / 에너지효율 : 1등급 / [센서/모드] PM1.0(극초미세먼지) / 조도 / 가스(냄새) / 자동 / 펫 / 수면 / 4way서라운드 청정 / 맞춤청정AI+ / CADR : 55㎥ / [편의] 필터점검/교체알림 / 삼성 SmartThings / 소음 : 18dB / 풍량조절 / 청정도표시 / 미세먼지농도표시 / [인증] AI+인증 / CA인증 / [규격] 소비전력 : 15W / 크기(가로x세로x깊이) : 320x545x320mm / 출시가: 799,000원",strong: SmartThings
